text,label
What's worse than being stuck in a time loop of Groundhog day? Being stuck in a Monday loop.,-1
"@Reality_Touch: Hamid Mir has rejected the negative views of Saleem Safi,Sana bucha & Kamran Shahid on PTI peace march. Read his tweets !",-1
@claw1400 I am seriously thinking about it! I may go back down to Drexel to get some books.,1
"@PierreGarcon85 come out and watch THOSE GUYS softball next Saturday august 27th for the COLTS softball tournament,, IT would be great",0
All seniors will be recognized at FCA tomorrow and the first 25 will get free chickfila coupons for free biscuits! See y'all there :),1
"I'm at a sweet 17th party now, n saw someone that looks like Song Joongki. Omo! Too bad, he's younger than me, ahahah.",-1
@vanessacaterina damn I don't wanna get on my computer. Tomorrow :( my Harry feels are out of control and the outtakes video broke me,-1
Terrible tragedy today in Russia with the loss of a great KHL team and an NHL great in Pavol Demitra,-1
Dr. Mohamed Morsi announced as Egypt's 1st elected President after the glorious 25th of Jan Revolution. Congratulations to #Egypt!,1
How to know a shit bar!.. You get your arm stamped! If u wake up tomorrow with prints on your arm your a TWAT!,-1
made a shitty Family Guy gif last night out of boredom. gonna post it on Tumblr.,-1
#SkateNight Tonight 8pm Stardust Skate Center FREE b4 9:30pm Hosted by #SAAB its always fun when you rolling!!! haha x5,1
@dogzillahotdogs will you be at cypress tomorrow night?,0
@LAGalaxy Thanks.  Still have love for my Galaxy!! I will cheering us on to victory at the stadium club tonite!! Beat Dallas!!,1
@sglatt711 Riri is the queen of shade. Because her forehead blocks out the sun.,0
I've read two very different article about Christianity and horror films today.  http://t.co/8hTYK83n http://t.co/1C6oyuQ5 #halloween #weird,0
The last two guys fighting for the immunity idol on Survivor were Jeff & Carter & the 1st thing I think of was Jeff Carter from the LA Kings,0
RT @RoxyReynolds: 007 in Detroit wed august 17th I'll be dancing live!!!!! D town stand up !!! Get ready its going down!,1
"RT @DawnChere: Looking at the set for Aladdin - great job @TerranceWilson ! Anticipating watching hundreds of kids sing, dance & act ton ...",1
:'( dk why but the 3rd hospital file not working for me. Gotta try download from HF instead,-1
An exciting day tomorrow @punchestownrace Oscars Well making his chase debut and Operating first time out over hurdles!! #fingerscrossed,1
The Orange County Armenian Festival is going on today and tomorrow 15 & 16 in Laguna Hills.  Come and enjoy a... http://t.co/gAiixCnl,1
Oct. 2 is almost too far away for me to wait for the return of #Dexter!,-1
Babysitting all day tonight... blahhh.. but cant wait for Friday!! Club Pulse baby!!!! Whoot Whoot!!!!,1
@MatthewBerryTMR Ryan Grant or Felix Jones in the 5th round!!!! HURRY!!! I already have Tony Romo and Dez so idk about FJtheres also steve j,0
Come spend Halloween with us at Volare! The Robbie Bartlett Trio will be here for your enjoyment! Wednesday is... http://t.co/ytUGx01q,1
@Cavillafuertee Cav ! See you tomorrow sa SM Sta.Rosa !! :**,1
if I DO get the pjob in bristol at espn all yall gotta come party with me before i leave.  I would let yall know asap. and the night before,0
Oh and Rafa said before the injury he was having the best year he ever had was 1st in the race... :( #M6,-1
T-G News: Normandy post office saved: The U.S. Postal Service announced a plan Wednesday that will keep the Norm... http://t.co/K1WsNxGE,0
REGISTRATION IS NOW OPEN! Register for the professional event today (the Brooklyn Bridge walk is free) to grab... http://t.co/0uMttVr,0
"In the car with the parents on the way back home home. Heading to ATL to say good-bye to ""Sweet Irene""tomorrow.",1
Do we really care about our kids future? Think about it: Education is the 1st thing cut from budgets on every level.,-1
"Not here in the East:( though...Moon, Jupiter, Capella light up evening sky on November 1 | Tonight | EarthSky http://t.co/Hv7KPxpa",-1
"I see the French Rail unions are striking on the 25th, do the French have Half Term or is it just aimed at the Brits?",0
It's Monday morning and I woke listening to Niggas In Paris. Oh man it's going to be a good day.,1
omg the music video comes out tomorrow! Btw I still can't get over Harry's voice :') http://t.co/o4mv73DI,-1
@MaherZain: Dr Mohamed Morsi announced as Egypt's 1st elected President after the glorious 25th of Jan Revolution. Congratulations to #Egypt,1
"Amanda thinks that because she's not ""going to the Oscars"" is a valid excuse for her not washing her hair since Thursday.",-1
This may be the sickest movie ever.. Black Forest now Fairies? #Wow  #IWantOne,-1
"Negros and nigglettes, all who would like to attend the a$ap rocky concert on  November 17th at starland lemme know tickets are only 25",0
"Strip club owner ""guessing we'll make 5 times as much a night"" .. ""Republicans got plenty of money. They take it all from poor people""  #DUH",-1
I fail to see why the Rams are playing TWICE on MNF this Fall-isn't once enough?And their 1st div game isnt til wk9!Un-frickin-real.,-1
#Everton News - Krul will miss the Monday night clash with Everton and at least a further couple of ... - ChronicleL... http://t.co/oJfsg5Hr,0
Our coverage of Garner vs. Athens Drive beings tomorrow night at 6:30 on http://t.co/dBRkPMZV & @tunein. Hope you'll join us!,0
"can't believe @Alesso is only 2 days older than me! can't wait to see him again tomorrow with @davidguetta at Fort Canning, Singapore!!",1
Championship Thurs @ Blue Raider Hoop camp today!!! Closing ceremonies @ 3:45 in Murphy Center!!! Autographs with all players!,0
"More primary filing mess, Timmonsville is at it again, and more 7th Congressional interviews. Thank God it is Friday! #flosc",1
"Exhausted after a long day at WPPI, but ready to do it again tomorrow!",1
Heat vs Knicks gone be the best series in the 1st round..,1
Front Line with Kamran Shahid Latest - 25 June 2012:  http://t.co/2JCqBfDJ,0
@10AJMcCarron AJ will you follow me for my birthday? Also looking really forward to seeing y'all Nov 10! :) my first college game :),1
"Karthikeyan in 22nd is already being warned by his HRT engineer that he needs to cool the brakes, with 53 laps still to go. #F1",-1
"Does Girls Gone Wild still make commercials?  If, God Forbid, this one goes to extras, we may find out.",0
I may do a 30-mile bike ride for the Giants on weds cause you know Caltrain is going to suck more than the Cardinals.,-1
The pack rides during the 7th stage of the 70th edition of the Paris-Nice cycling race run between S http://t.co/UQgeDykv,0
The driver of a motor vehicle that crashed on Petrolia Line in the evening of July 11 remains in serious condition. http://t.co/ciUXdGck,0
"Jennifer Aniston, Justin Theroux high end shopping; time to decorate the crib: Tuesday, E! Online shared the vid... http://t.co/8Q6Plbfm",0
The Lorax is one of the stupidest animated movies I've ever sat through. I wasted a nap for this?,-1
Who's going to Israel this Saturday?!,0
I forgot Plies gone be at the moon tomorrow,0
@stewardsfolly I think he and Sanchez should both be sat down. Time to bring back the 4-man rotation.,0
I have a very STRONG dislike for George Zimmerman. I really do. Why isn't he in jail! Can't wait for him to be sentenced in June.,-1
My moms under the hilarious impression that I'm spending my saturday loading & unloading furniture from trailers in natchitoches,1
Watched The Vow for the 5th time and I'm still tearing. What's wrong with this movie. It's tooo... omg i can't even.,-1
"@IanWright0 really really good Ian, Skyfall tonight, Jack White Tomorrow & Man U away Saturday, can't be bad. How are you?",1
Rg is cleared for the Vikings game Sunday #goodmood   p.s. thank God we got rid of Cuntsniff or is it Cundiff?,1
But this is not the 1st time that Juventus is maximizing the potentials of ex-Milan players..Cannavaro and Edgar Davids are similar cases,-1
Final Destination 5 opens this Friday.  Tell us about your closest brush with death for a chance to win a pair of... http://fb.me/10e1DsIMq,0
"Badly judged joke from Herring. Joke may not ""be about rape"" but reference to Rohypnol always evocative of such, no matter the intent.",-1
"Did you get a full, part-time job or internship offer? Let us know! Signing Day tomorrow in LBJSC Amphitheater-tell where you will work!",0
"This ""Too Cute"" puppy show on Animal planet might just be the greatest thing ever. I may never leave my room. #HomeworkCanWait",1
"Thanks to Jesus, CVS, My Mom & My Mary...I was able to kick this flu in 1 week! Now to make it w/out My MaryJane until Monday! #struggles",1
ARRIVAL of ship: NMS 202 Port: ABU DHABI Time: Nov 2 2012 6:21AM (UTC) (Time of arrival/departure is the time the vessel approach...,0
"@ScottiePippen Who will get the tough buckets in the 4th quarter for, The Bulls?",0
"@alfredoflores follow @amandawanxo and meet her on November 26, outside the bell center at 4:00? 3",0
"Article 54: A Bro is required to go out with his Bros on official Bro holidays; halloween, New Year's Eve, and Desperation Day (February 13)",0
"@Real_Liam_Payne Saturday, I buy my ticket for the #TMHTOUR in Belgium! I'm so happy!",1
"Yiying is two characters in the Chinese lang. The 1st part, Yi, means Happy. The 2nd part, Ying, means Creative. right? @profpjm #learning",0
@RSElectronics No I want my Raspberry Pi which I ordered from you in July... 19 weeks dispatch time is ridiculous!,-1
Danica Patrick let her temper get the best of her Sunday and knocked herself out of NASCAR race http://t.co/ziT7wf95,-1
Lauryn Hill's going to be at Constitution Hall on November 4th >>>>>>>> I'm in there like swimwear !!!,0
"MMA - ESPN.com: ESPN Video: On the night of his explosive win, Dan Henderson relives his ...espn.go.com/video/cl... http://bit.ly/pVuGAC",1
"My 1st tweet, chose you @KellyRipa, saw u in Banff, thankful our snow isn't as damaging as the weather you're dealing with!  Keep safe & dry",1
"Nine Pin Bird Rock race (2nd race in the Duke of Marlborough Hotel series) postponed 24 hours to Sunday 4 November, still 10 am start.",0
@wheeler_afc pls TV5 just get that sucker's leg (rvp) broken 4 me on saturday pls!!,-1
Happy 21st b day @TheonlyAyrton looking forward to another trip to Knoxville,1
@picesbaby123 when we were in 3rd grade she stole my Valentine Day cards and crossed my name out and put hers on them n passed em out.,-1
Nothing like watching the Vow on a Friday night. Cheers to cancelled plans and sickness,1
The Winans singing Tomorrow. They still got it.,1
@lazofficial How they gone kill u on da 1st episode of the new season of Breakout Kings? Damn no more eye candy. Miss you,-1
"If you haven't seen your Good Giving Guide yet, check it out online.  The Challenge starts Nov 1 - we appreciate your support!...",1
"Fuck it,  might go see Reggie tomorrow ...",-1
I forgot how sad the first episode of the 5th season of Dexter is. #depressing #dexter #darkpassenger,-1
"@MyBeautyisBrown LMFAO his big ass get on my nerves, you going to class tomorrow?",-1
"@muterundumo good argument, however ITS A GAMBLE that won't pay off, worse still I think the constitution has a deadline of Dec 4th",-1
"RT @ashpashh_: if Twilight wins all the awards at the TCA's tonight, I will burn my Twilight posters k? ok.",1
"@zinsernyt Not sure if the marathon should happen, but by ignoring Saturday's Nets game that is still on, I find this article deceptive",-1
Your mom sat on PSN and it went down.,-1
I hate ASAP on Friday !!!! Why I have BUSY always in the end of week :(,-1
Did you just tell me Lucas scott leaves in the 6th season of tree hill with peyton to travel the wolrd?#YOUJUSTRUINEDMYLIFE #FUCKYOU,-1
"Heres everybody's warning nobody better piss me off tomorrow, Idc who you are I'm gonna snap #done #imatmybreakingpoint #canttakethisanymore",-1
"I'm gonna just don it during school tomorrow. Math in TOK, History in Math and Bio, and Spanish during lunch. Yup that sounds about right.",1
"under the cherry moon, my niggas carry heat, enough to bury June shaaaataaaaaaaaap",-1
"@Freak_Franchise  Make Sure you tune into @4playnation On http://t.co/S0IHr27X, tomorrow from 1pm to 3pm, Special Guest Young Savage",1
"Leonel Angel Coira signed with Real Madrid and will begin training September 6th, he is 7. I need to get Pax some cleats.",0
"Bad news, no Gibbs for Saturday. Unless we play TV5 at LB, we have lost before it's started. Santos is a liability and will be cut to shreds",-1
"My feeling about fears is, if you voice your fears, they may come true. I'm superstitious enough to believe that. - Meryl Streep",1
For April to try to make me come to Richwood <<,0
Friday night in & 'The Notebook' is on.. better get the tissues ready! #lovestory #noah&ali #tears,1
RT @CorkBuzz1: RT @ummera: West Cork Pig Derby tonight in Timoleague!  Declared non-runners! http://t.co/cotxNpT #corkbuzz,0
"In my 2nd season in MyCareer, and the Jazz have Maggette and JR Smith starting... NO NO NO, WTF IS THIS?!?",0
I still have a lot of candy left anyone want tomorrow :'),1
is all about One Night by Elvis Presley,1
paul-and5homos: Harry and Louis are just fri- Eleanor is such an inspira- Harry is such a manwho- Louis is... http://t.co/jxxTNlu6,0
Why Verizon's 4G Limits May be the Droid Bionic's Achilles Heel - Gotta Be Mobile #verizon #phone,0
"@kevindixie you may as well write ""ooooh look I got some free stuff"" Dixie your such a ponce!",1
Especially nice to have Rosedale @DCPL open in the neighborhood while NE Branch at 7th & Maryland is closed for renovations.,1
"You can also catch me in room 2 at Amplified Sessions @ V Club, Bournemouth next friday, supporting Roger Sanchez in the main room!",1
"RT @linka01: Hey #GOP, no matter how you slam Obama, you own our credit rating downgrade. It is ALL your fault, & we'll remind you in No ...",-1
Join us THIS THURSDAY for the Introduction to our Dramatic Reading of Charles Dickens's A Christmas Carol. 11/1 6-7pm.,0
"Willie Horton: Made in Detroit: ""I just remember my dad saying, 'We're going to sign a contract today, and you'r... http://bit.ly/qsQAWj",1
"@topcity yep.  Once it's lost, it can never be returned.  I was in Constitution Hall last Fri.  Got chills.  So much history was almost lost",-1
Got my Dexter fix for the night. Until 2morw night Dexter Morgan.,1
@RoMaNiSta_8 after the game on Sunday I expect Roma to be even more determined that they otherwise would be,1
"Parker, Leonard steal OKC's thunder: Ninety minutes before tipoff Thursday night at the AT&T Center, Oklahoma Ci... http://t.co/NNjbPSWk",-1
Halloween is the third biggest party day of the year behind New Year's Eve and Super Bowl Sunday,1
"Being in Amsterdam this early on a friday morning is not my ideal, I just want to get home!",-1
Windows 7 brain damage this evening. Apple should just buy Microsoft and crush the life out of it. Please.,-1
"HARAKAH: Iran army monitoring all ships in Gulf: TEHRAN, Oct 28: A senior commander of the Islamic Revolution Gu... http://t.co/hbdrQP3P",0
"Opening today ""The Inbetweeners"" (15) 20.45 and Cowboys & Aliens (12a) 20.20 Remember it's Super Saver Day,so you... http://t.co/OpofihG",1
@Julia_White You too lovely! I was like a big kid. See you tomorrow for X Factor fun x,1
Sunday is turning out to be the day when i play Temple Run. Social life is a joke only. Forever alone lvl 100000000.,-1
Opening Night Warriors vs. Suns: Second Half Game Thread: 0:00 remaining in the 2nd  1 2 3 4 Total Golden St... http://t.co/p2bB0zTt,0
Glad im going to Greenville tomorrow night tho,1
3rd and goal at the 1 and Rivers throws a int. terrible pass by Rivers . Bad decisions cost u games. Geez half time Sd 10-3,-1
"And also, haven't been able to check and CBA updates since Sunday. If anyone hears any news, please pass it along to me. Thanks!",-1
"Daily Digit: Exchanges lost $1 mln a day: Oct 31 - NYSE, Nasdaq, and the CBOE each lost about $1 million in trad... http://t.co/T2ltnGrS",-1
"After losing 2 last week, today the GOP is trying to win 2 Senate seats in Wisconsin by recalling 2 Democrats. It looks like they'll fail",-1
Demi Lovato will perform at the 2013 Houston Rodeo on March 3rd!! Get your tickets! http://t.co/nUXfZYW1,1
RT @Fearnecotton: Also back to school special Celebrity Juice on itv2 tonight! Oushhhhh,1
Just watched Act of Valor for the 4th time - I do like that movie.,1
Looking forward to going to the Colts game this evening!,1
@NormaSeaEagles Norma they are cat 1 bought on 1st day they released. Cant tell exact seats till 2 morrow in work computer from Ticketek.,0
NFL Ticket at the Eagles Club presents the Thursday night contest Steelers and Titans http://t.co/Fw3D8K0f,0
@moomnaliaqat no problem! BOI YOU BEST BE AT RIM TOMORROW lol there is like no one going to rim.. and LOL I really dont wanna go to school..,-1
@LoveAdamsEyes Don't get me wrong I love Bruno Mars he is amazing but that Grammy should have went to Adam for Best Pop Vocal. I mean c'mon!,1
"Please put on your calender to come to the Petrolia-VFD Social Hall in Petrolia, PA this Saturday night the Raise... http://t.co/WbT1MmUL",0
Prayers and thoughts to Pavol Demitra's family today and all others on the plane. The blues nation lost a loved member today,-1
@MartinaMcGowan good morning to you Martina!! I hope your day is great too!! :) is it hot where you are? It's steaming here in Bama!,1
LPG consumers can now fill up KYC form till Nov 15: The government has extended by 15 days the deadline for filling... http://t.co/tGzJfMUi,0
This Sunday the Leos are taken over Jett Lounge #LionKing http://t.co/M3uC2z8c,0
Turns out having less than an hour's unbroken sleep leaves you feeling pretty grim on a Tuesday,-1
"@Idieshoop let's just say, I call it the Casey's Trifecta. I'll explain in homeroom tomorrow....after I ask Cory to homecoming lol",1
"@heeydems Do you know ?they may not but we're so fond of all the countries . Uh,happy Republic Day .",1
@Tayyl0rgang you won't see me tomorrow :( on my way home from Alabama...,-1
Barely going to sleep after watching #dexter all evening! I love this show!,1
Davos coach Del Curto expects Rick Nash to return tonight. Davos are a fairly bad 10th in the table with 9 points from 10 GP. #NYRangers,0
"I'm going to destructo at Rise in Boston, MA - Sep 28 http://t.co/tOYJh6D0",0
Looks like BJ's Skate Center is the place to be in St Joe on a friday night!,0
So if the Premiership is called off on Saturday who is for Inbetweeners?,0
Capello: I'll Tweak Lineup for Azerbaijan Game: Coach Fabio Capello said Monday he will tweak the Russian lineup... http://t.co/Qsa7KgiQ,0
"@KRuddMP listed as star attraction for Aust-China event today. Rudd's office say he never committed, PR in charge says he cancelled Friday.",-1
Pals knock2bag tonight at Rich Mix! Come and hang out. Also you can catch me on Russell Howard's Good News tonight and tomorrow.,1
I'm just looking forward to the Knicks verse Nets game on Thursday! Carmelo Anthony verse Deron Williams my two favorite players!,1
"@mar_mermaid I love you Maria :* you have to text me tomorrow I have to tell you something, you might pee your pants , just a warning xoxox",1
i can talk about Malcolm X all day... like when i got kicked outta school in 8th and 9th grade for being too radical about Black Panthers,-1
Xherdan Shaqiri may replace Frank Ribery in the starting lineup vs Bayer Leverkusen tomorrow.,0
@xxxBiBiJones Sorry about the Yankees... there is always tomorrow.  Want to fly to New York for a game?,-1
Bowling tryouts November 5th pass it on if interested,0
SimCity delayed it's availability http://t.co/UNGAQdaO,-1
@Moretti_Crowned @RobCitrullo I'm on the last 3 episodes for the 10th time. I still want to bootfuck Phil & Johnny sac every time they talk.,-1
@No1LikeMe_NAC lol I'll be able to do it Saturday.. Or Friday night after the Greek show,1
The Wednesday iPad edition is out now - including Tom Segal's Pricewise advice and brilliant previews for Juddmonte International day,1
At Ricks Cafe with @jojocurls watching dese guys jump off the cliffs and drinking rum runners in the sun http://t.co/pxfndqQa,0
Next Friday SolTek residents Daffadam and Medlam take to the stage at Plan B - London for C Panel's 1st Birthday.... http://t.co/9JafrjwC,0
"@xxFranchizexx LMFAO! You know why they call Japan the ""Land of the Rising Sun"" right?...Cause everyone there is squinting all day long.",1
"TONS of hw tomorrow, lunch date with joey, back to hw, then magic mike with ash&co. before bed :)",1
Dad: what are you going to do in Athens tomorrow? Me: Nothing. Dad: Oh. Ok. Have fun.  I like my Father.,1
"If @TheRock wins the @WWE Title at #RoyalRumble, then he would have to defend it in his 1st ever Elimination Chamber match.",1
I haven't bought my kit and NCS is tomorrow. My frame of mind right now is just #leaveityeah,-1
Colts Backup QB Curtis Painter warming up. This could be it for Kerry Collins who may have a concussion. #NFL #Colts,0
Don't forget that the amazing Georgie Fame is bringing his smooth style Rhythm & Blues and his famous Hammond organ to @The_Millfield 14 Nov,1
Not convinced by the Haye v Chisora fight @ Upton Park on Saturday.....personally I'd rather have seen Carlton Cole v Emile Heskey,-1
Can't wait till Sunday morning when we (Shola) make the Mackems cry. Pretty sure a #HatemBomb or two will be dropped too. #PremierPunditry,1
"Ash Wednesday is always hard for me, any day focused around ash on your body brings back bad memories for me.",-1
It's the clash of the century - we're taking on @love39steps and @1Man2Guvnors at bowling tonight. May the best show win. (us) #fightingtalk,1
@RobbieSavage8 what did you think of Derby tonight sav?,0
"Russian air crash kills 'almost all of KHL team Pavol Demitra,Karlis Skrastins,Ruslan Salei,Brad McCrimmon among the dead, may they all #RIP",-1
I still want that Birthday Cake remix that I wanted on Saturday...,1
After a day at the lake me and my girl are getting ready to do Vegas big tonight! #blessed #freshtodeath,1
It seem like it's NATIONAL KISSING DAY every other THURSDAY! Who tf made that shit up??!,-1
"Dinner in Athens with my friend, @stevebeuerlein. Preparing for our game on @SEConCBS this Saturday. #OleMiss #Georgia http://t.co/4QqWxtnd",0
"Cba for work this weekend, wana be a sloth on Sunday with @GeorgiaKington and @abbieparker1",0
"@DCdotNerd 7th & Monroe is also only 2 blocks s, 1 block w of the metro exit on catholic side. Follow MBT signs",0
"it's a sunday, i think in the spirit of douglas adams and feeling like shit i will have a second bath",-1
"#Pacers extend their biggest lead of the game with a Paul George jumper. Up 10 pts, 48-38, with 2:03 left 1st half!",1
Machine Gun Kelly Concert On the 30th!! Me & @LSTREETZ Bout 2 shut this bitch down!,-1
"listening to muse like crazy till i see them, then straight onto evanescence and the who for november 4th, sounds good",1
"Someone comes to me and is like 'irene, what time did u GOT home yesterday? What time did you LEFT here' #plantation",0
"I dont want to talk to no one tomorrow besides evelyn , additi , nathalie , paola & destiny",-1
"And to the 2 girls in front of us that sat down and played Temple Run the whole time, why did you even come? #confused",-1
"I noticed all the Huddlestone haters were conspicuous by their absence yesterday, particularly when he assisted Bale for the 1st goal #THFC",-1
"God he's a daft thing! He (Merlin) is not very bright sometimes! She (Circe) apparently sat there washing her paws, ignoring him! #girls",-1
Work almost over with then these negros won't see my face till Monday night!,-1
"Cloud Computing and Big Data Strategy: In this CEO Power Panel at the 10th International Cloud Expo, moderated b... http://t.co/KD87pMPF",0
@hallenissen this kid from work is going to Belgium for tomorrow land,0
Tomorrow is the Big Day! Discount Prices on Botox and Juvederm! Call and make an appointment! http://t.co/L82XnY9P #botox #juvederm #madison,1
The ending to The Grey may be one of the most bad ass endings to a movie I've ever seen,-1
"World Music Festival Rocks City Saturday: Maria Muldaur headlines the day-long event, which bring French G... http://t.co/7iBd9qL0 #jazz",0
"The 2012 Wine & Roses fundraiser is tonight Saturday, Oct 27th! The Pinery at Black Forest will be the setting of... http://t.co/jU0pgoQB",0
Going to see Rise of the Planet of the Apes tonight:) Perfection #check,1
[411Music] Dr. Conrad Murray to Take the Stand in Michael Jackson Murder Trial: Jury selection begins this Thursday... http://t.co/IXWiLCj,0
Randy Lynch at Oscars this Friday night with his band BLACK LIST. http://t.co/Jf1DSwnG,0
@4yourfreedom1 did u see?Il Divo's coming to Romania (Bucharest) THIS Sunday!if I'd only known 2-3 months earlier!!do u like 'em?r u going?,0
The Heat are playing the 3rd quarter so fast and free that Game 5 is starting to look like the NBA All-Star Game. #NBAFinals,1
"I really hate to think it, but the same type thing that's happening to Miami could happen to Alabama tomorrow.",-1
Watching Puss in Boots & Ghost Rider: Spirit of Vengeance with the family! D&D character roll up and bio tomorrow!,0
"Our last draw for an HD TV is today, 24 Feb., at noon. Good luck, everyone! Details to enter the #pplHDTV comp:",1
All I know is the road for that Lomardi start at TONIGHT!!!! We will set a record for a pre-season MNF I can guarantee it.,1
5. Di Java Jazz tahun berapa Alex dan Beno berjumpa for the 1st time? #DIVORtrivia,0
"I'm going to Clutch at Buster's Billiards & Backroom in Lexington, KY - Dec 28 http://t.co/uUvNmgtS",0
First the Superbowl now Revel will finally be released on DVD on Nov 24th! My day is complete!!!! Oh how I love my Bey,1
"So This is how it's gonna be #NCAA South 3rd Round Winners UK, Iowa St, Wichita ST, Ind, UNLV, Baylor, Xavier (upset) Duke",0
I wanna go to Chapel Hill tomorrow night but its going to be so cold. I'll just go to work instead!,0
Did I miss the Charlie Sheen roast on Comedy Central or is it Sept 19th?,0
"it's ages since I had KFC, well apart from the mush in a bun that passed as breakfast last SUnday, that doesn't count though",-1
Battle for the 17th banner: Royal Rumble basketball edition,0
Everyone talks about eli manning  being the best in the 4th qtr. Jay cutler has the best qbr rating in 4th qtr in the nfl #GetSome #DaBears,1
#stAte is giving #ULOL the business...long pass play from Aplin to Jones - Red Wolves up 20-0 2nd Q #SunBelt,1
"@davidgill1985 @leahkeenan your going to be tamping etc etc come Sunday evening, up the Mackems",0
The new Bruno Mars song is wicked. It sounds like a cross between the Police and Michael Jackson. I may or may not play it 14 times/day..!,-1
Cliff Avril leaves Detroit Lions game with back injury: Detroit Lions defensive end Cliff Avril left Sunday's game against the Minnes...,-1
@Michelle_Foy1 @kimmikaa @pameatsbabies if you dont know hes the vocalist of the metal band Lamb Of God and is a sorta a 3rd party candidate,-1
Eleanor says she's going to practice squat peeing in the shower for tomorrow,0
#HappyBirthdayKendallSchmidt Hopefully tomorrow we can also get #BTRonPCAs trending! For Big Time Rush! BTR deserves it!,1
"i would be so happy that its a late start tomorrow ... BUT NOOOOOOOOO , i have to go to catch up day because i failed my fcking french test",-1
Cba with work tonight. Tommorw. Sat. Sun. And Monday.,0
@dubstephh_ down to blaze with Joe and I tomorrow?,0
Heading back to Chesterfield for a job tomorrow after an intense & amazing few days in Derby with the @lostalone lads! DVD is looking ace!,1
City's excellent peformance today (apart from defending) I realised what a tough season it will be for Everton @LordBelgareth @petemeechan,0
#Ckt #update Pakistan hopeful of Bangladesh visit: Pakistan's cricket board said Sunday it hopes to... http://t.co/5Z9cKGpd from #Shariq,1
@kwan1926  I laugh to death!!!lol!! Don't trust the translation of google anymore! It's is full of errors!! btw u played truant today .\_/.!,-1
Damn Rivergate Skate Center used 2 b the spot to b on Friday the 13th.,0
Idc anymore everyone leave me alone at school tomorrow I'm going pissed....,-1
I can't believe the 3 important people in my life are going to Hawaii Friday without me,-1
Last day of work at Walgreens tomorrow! *cries tears of joy*,1
"Just met with CJ, banjo player in @MatrimonyBand! Come out to Neighborhood Theatre on June 23rd for the concert! You won't want to miss it!!",1
Tuesday will be my last day in Florida :-(,-1
"False start penalty, Garner moved early. Brings up 3rd and 16 from the Yale 47.",-1
Just watched the Rhonda Rousey v. Meisha Tate fight for the 1st time and that was one of the nastiest armbars,-1
Tonight was just a preview of what Bob Jones will do to Austin at tomorrow's vball game. VBC. Noon. #BeThere #BJP,0
Even though I already know how it ends... Im watching the CMAs tomorrow just to see blake drunk,0
Happy Valentines Day lulwhuuuut? I guess it is February weather though...,1
Boehner wants president to change speech to Thurs instead of going against #GOP2012 debate. What? Same time as Packers-Saints #NFL opener?!?,-1
"Ate McDonald's and feel guilty so I'm goin to 24 for an hour or 2, then to AZ tomorrow, go and try and make my life better",-1
Rugby tonight and it's like freezing omg I may die,-1
Tweet di Brintey So amazing to have the beautiful Lady Gaga at the show in AC tonight. Love you girl.- Britney http://fb.me/13C1kUZaw,1
"Actors have the Academy Awards, Recording Artists have the Grammys, and now..DJ's have the GSA's!! - NOMINEES ANNOUNCED TOMORROW 10/9",0
Celebrity Juice is the highlight of my Thursday night.. Keith Lemmon is hilarious hahaha,1
@nonegiven101 - That may not happen now with all the sackings Over in Cupertino.,-1
I've been on TV a few times now. Still waiting for the call from ITV about Dancing On Ice though. Starting to think I may be TOO famous.,-1
@Built4dTough first meet December 8th in the Murphy center,0
Cba with work tomorrow! #Boring #Blag,-1
@EBGamesCanada may I have an industrial revolution code for my pre-order of Bioshock Infinite? I got one from the store but cant redeem.,-1
"2nd most dangerous beach in the world Gansbaai, South Africa This part of the world is great white territory. A... http://t.co/AxhM5nnE",-1
"@Seanzha it's Mexican! Sorry for the late answer, iPad' charging fucked me yesterday :D",-1
Looking forward to going to Carrow Road with my brother tonight #coys (he must've forgiven me for my behaviour at White Hart Lane in April),1
Red Cross halts most Pakistan aid after beheading: The International Committee of the Red Cross  said on Tuesday... http://t.co/NyZ7fj7t,-1
"Todd Bertuzzi made the best of the NHL lockout Wednesday, but while having his son join an http://t.co/wpzBxAc2",1
Delicious warm sun...great to see you (if only briefly) after hurricane sandy whipped through here a couple hours ago.,1
"On October 19th, the new judge in the George Zimmerman trial, ruled that Trayvon social media interactions would... http://t.co/G91cd7Ee",0
"Why these mfs jus blastin ""Rella"" like itz the hood on Saturday N shit lolz smh",-1
@ClaaraLou unfortunately not but I did get to tune in to Saturday Kitchen in the hotel.,-1
"@mebebree from december 26th to january 26th. NYC until the 1st, NC and then FL.",0
Winter Storm Watch remains in effect from Monday evening through Wednesday morning for the Smoky Mountains. 4-8 inches of snow is possible.,0
RT @CoryWho: Alright everyone lets do this. 2 winners tonight at 9pmEST. Girl and boy winners. 1600 Microsoft Points. @ me and follow fo ...,1
"I realize Bellamy is a freshman QB but the play selection leaves a lot to be desired, option toss on 3rd and 7 #CmonMan",-1
You'd think after not replying to the 3rd text the Twat face would get that I fucking hate him.,-1
Steve Jobs biography may be available in time for the iPad 3 http://t.co/TI4zLWg,0
@yosp why doesnt Sony promote 1st party games? AC3 commercials are on tv all the time. And no one (cont) http://t.co/6uXrjMvC,-1
"Sandy, if you have ruined my chances to see Bruno mars on Monday I will go buck wild.",-1
"Managed to snag a RIH test press along with the new 7"". Woop. Come see them in Margate this Sunday",0
I still remember those days when Demi was tweeting lyrics from Unbroken and now she's tweeting lyrics from her 4th album! Im so excited! <3,1
QB Printers didnt start. WR Avery starts and scores on 1st poss. 27-31 @IFLWranglers down to the Wichita Wild,-1
Tomorrow is a good day to listen to LAMB OF GOD. HAHAHAHA.,1
Very jealous of the ridiculous adventure @misterjorgensen is having tonight while I just sit at home watching Big Brother.,-1
Championship: Team news: Bellamy in frame for Cardiff: All the team news from Saturday's Championship... http://t.co/Twzk98l4 #Mogganaut,0
Downloading Duels for iPad now.  Finally magic on the perfect device.  I may never play MTGO again. #dotp2013,1
@investwatchdog Interested? My EXCLUSIVE: TD Bank denies allegation it aided $7-billion Ponzi fraud; 2nd only to Madoff http://t.co/bQ9QqRQa,-1
"Increase Windows 7 Performance in 4 Easy Steps: ... complete with Windows 7, you may find you're lacking some po... http://t.co/JONqQqr",0
"@joetheskeleton I'd go with my first time for Evanescence but the 2nd was amazing, Nightwish was gorgeous, same for GaGa, so difficult ^^'",1
"Right, the 2nd tweet is better, but I'm at Harold Washington... @ItsA_PRIviLege",1
Ron Paul Snr Advisor Doug Wead Interview with Frost ??Mar 31 2012 http://t.co/tdzhFWYN,0
"@DMoney_OS yo dude we should chill tomorrow, i hit up cole and luke and so far they are willin to chill so it would be us 4",0
"New Jeremy Kyle starts Monday, you bitch I'm back to school then!!",0
@andrewilamb Chesters tomorrow for the match with me and shoddy you cool motherfucker?,-1
Listening Bear McCreary Battlestar Galactica' OST makes me wanna see this amazing tvshow again. One day I'll see it for the 4th time :P #bsg,1
THEY ARE HEREEE! I'm so envy those who just met them at the KLIA especially who took pictures w Nick J :( tomorrow is my turn!,1
Ha! They got pics of Nicki Minaj boobies coming out when she performed on Good Morning America,0
Good morning! Listen at 7:20 to score lunch at Aladdin's Natural Eatery in the Trivia Cafe...and at 8:20 for your tickets to Darien Lake!,0
Red Cross: Syria conflict is now a civil war: The International Committee of the Red Cross said on Sunday it now considers the confli...,0
"Even our power point in TOK didn't want to do anything today, so it changed the language. #Friday #TOKadventures http://t.co/uLo1SVP5",-1
"interview at KFC tomorrow, how the fuck I'm going to understand a single work said idek, i hardly understood the interview set up",-1
"Tottenham striker Emmanuel Adebayor missed training today, and won't play in the Europa League on Thursday, because of a hamstring injury.",-1
Because Sunday just screams Pancake Day,0
Darren Sammy and Dwyane Bravo will donate der full 3rd match(Vs NZ) fee to Runako Morton's wife!! Dedicating it to a team man!! RIP Morton,1
"@adrian__one Thanks for the kind words dude :),See you in December and on Soundwave.",1
"Ni**as In Paris encore, 2 mosh pits, it's too far away to see B, but the 2nd pit failed because of B's security! http://t.co/wEobbqXP",-1
"waww,, I wanna have it RT @ElmiraGriswold3 @Vah_Raflatahugs wow,ipad got just today free lol www.burna.in/fgye",1
"Alright Run it mek we done it!!! AmboZia July 7 @ Oneil's Place (Bar,Karaoke & Lounge) MaDDD Rasss http://t.co/Uaiuddbc",1
"Zulu is the 26th largest mother tongue of Christians (10.4 million), representing 0.5% of all Christians.",0
"Not sure if I want to go to Eng v Holland game on wed, only got tickets coz of Arsenal players, might not feature now :-(",-1
"Although there was that one time he finished 3rd and Cannavaro finished 1st. Yes, Fabio Cannavaro. Bullshit.",-1
Driving west towards Banff as the sun sets on the mountains. It's comforting to see those hills again. Home http://t.co/T0z2RX1U,1
"Talking about ACT's && SAT's, deciding where I want to go to college, applying to colleges and everything about college stresses me out.",-1
[(VHL) American Hockey League] MON APR 23 2012 10PM: Devils 3 at Americans 4: i dont know if the game stats are ... http://t.co/n387XaIL,0
So I heard my old crush is going to the bell game tomorrow and wanna talk? Wtf? :o #weird,-1
Scorcher Fest returns to the Duke again for a huge day of LIVE music! This years RECORD 180 ACTS! Sunday 18th... http://t.co/2v3yA4XN,1
"Australian Directioners! Up All Night Tour DVD will be posted tomorrow, you guys should be getting them some time on Friday or so.",0
World Bank  approves US$50 million for  improving compliance with industrial wastewater treatment regulations in Vietnam - Oct 25th,1
"@ernasty49 Great season, it's been a pleasure listening to Volare in the 9th inning! Mas Ernasty ano q viene!",1
Irish SunSport Tuesday: Robbie Keane rallies the troops ahead of vital Faroes clash @noriordan #roi,0
"@kadecudi_nova @keriilynnbabe well then, have fun not trick or treating. I'll be in br doing it Wednesday, and Thursday in Zachary. BITCH.",1
Come watch Will Ferrell and Zach Galifanakis duke it out in The Campaign this Thursday at Midnight! http://t.co/HhwLDdhF,0
"'SOS' not an over the top comedy: Ashwni Dhir: Mumbai, Nov 1 (IANS) Forthcoming comedy ""Son Of Sardaar"" might be... http://t.co/cUSIitOF",-1
Bharatiya Janata Party (BJP) national vice-president Gopinath Munde on Sunday refuted rumours that he was going to join the Congress.,-1
"BTN Football Practice Tour starts tomorrow.  Leg 1 - Wisconsin, Minnesota, Iowa and Nebraska.  I'll keep you updated.  Stay in touch.",0
Thursday Night Football:Tampa Bay Buccaneers V Minnesota Vikings ...: Vimeo is the home for high-quality videos ... http://t.co/b5IJeryN,1
"An incredible day in West Liberty, Ky. A small but strong community moving forward after March 2 tornadoes. http://t.co/1xYVbGtc",1
"About to begin our sojourn on ""Mysterious Island"" for VBS. Plane crash, storm, chased by pirates...and that's just 1st night. 3 times each",0
@buckbelue8 why do you think Murray may leave? No way a team drafts him before the 5th or 6th round!,-1
"Sept 19 RT @MissJPangelina: I'm hella mad they just showed a ""Sons of Anarchy"" commercial & (cont) http://t.co/uBQ5YFQ",0
DECA meeting tomorrow in the media center at 7:30am. We have a lot of stuff to talk about and breakfast will be provided!,0
"It's a historic day at CTV...  tonight, Lloyd Robertson will anchor the National News for the last time #Lloyd",1
@KEA_Nerdette Big thanks I might do that tomorrow and you too @Foufa_B better than Hayley and Zachary cuz they have no patient LOL!!:D,1
Tomorrow night at the Roxy come check out THE SATURDAYS @9pm you won't be disappointed! @vanessaTheSats... http://t.co/pYlXmSsM,1
"Lost my SS shirt, so I'm just gonna wear my old SS jacket tomorrow instead ;b",-1
Dr. Mohamed Morsi announced as Egypt's first elected President after the glorious 25th of Jan Revolution. Congratulations,1
Ok Dongwoo's fansite is not accepting new members right now...need to register on the 11th,-1
Tomorrow may be my last day in Tennessee,0
"Somewhere in Appleland, Steve Jobs just spit his morning coffee onto his computer screen. EAH!",-1
Postage for O. Henry stamp unveiled: The U.S. Postal Service on Monday unveiled the stamp commemorating the life of... http://t.co/lqvQNACh,0
"@JenStevensDub golf is the Camilla Parker Bowles in our relationship. And yes, two!! U heard I'm going freelance? 1st order of business!",0
"@surface @microsoftstore #Surface the Florida Mall, Orlando, FL is the closest $MSFT store to me. ;-) can't wait to be there tomorrow!",1
RT @BSUBroncoNation: Program Alert: @TheMtn will be having a debate whether or not Boise State can win it all! Check out the show today  ...,0
This is as brutal of a loss as it gets. Up 6-0 then up 2 with 2 outs in the 9th only to blow it. It's going to be a very long winter in WSH.,-1
"RT @nfl: Free agent WR Jerricho Cotchery, formerly of Jets, traveling to Baltimore tonite to begin visit with Ravens. Visited Pitt recently",0
"Just whooped some ASS in kill confirmed with @QuiKGunZ and @PBrasfieldATO, tomorrow its back to makin kats cry in Gears3",1
Im so tired that Zulu is the 1st word that pops in my mind,-1
@ChrisAshton1 gutted.takin Mrs 2 her 1st eng game then. She loves the dive fella.cocky git! Wish u well 4rest of internationals.,1
"This new shirt, with a quote from Dr. Seuss, reminds us that weird we may be, but love is just as weird! http://t.co/KeYnUmMd",0
"Will you have lunch with me tomorrow night?-random hoe that's hitting on Castle ""NOOOOOOOOO""-Beckett",-1
@PrettyChicShop and @blushshop open tonight for Nuit Blanche!,0
"Come on Andy. Kids are in bed. Dinner is out of the way. 2nd beer is open. 50"" HD TV is on. Play your game. #Wimbledon2012",0
"@rioferdy5 Relaxing?U have a match with Chelsea tomorrow.Oh,I see.U don't wanna get owned by Chelsea's youngsters like Bale did.#shame #cfc",-1
The Knicks vs Nets game got moved all the way to the 26th damn,-1
Idk how I feel about The Kandi Factory. Kinda cheesy? Yeah. This was a bad first episode. Not good enough to be a Sunday night show.,-1
I'm in North Carolina with @TartanTerrors. We play at Elon University tomorrow!,0
"@_mariaaaaaaah That's what I figured. We suspect you may be experiencing some issues related to the storm, Maria. We're working on it! ^DGM",-1
Caltrain just can't catch a break. MT @Caltrain_News About 10:30 a.m. train #425 struck a female on the train tracks south of 16th Street,-1
"Up the reds today evening as the Arsenal's girls we'll lead the way into Meadow Park to face Everton, tough game we must get full 3 points!",1
"Delmar Johnson will interview about new release of book!  BOCI Talk Radio @ 10am CST on October 31st.  Listen,... http://t.co/L45qvLSi",0
"@paulm340 Haha! Unlike Scotland, it's bloody scorching here this morning, having my brekkie outside before heading out  - later!",-1
"Israel's red line on Iran: 240 kg [of 20% enriched uranium] // Number was put to Netanyahu and he ""did not contest it"". http://t.co/XnKk2CSr",-1
Looking forward to seeing all our potential 4:19 participants next Saturday for our free taster at the Joseph wright center.,1
"Watching ""The Woman In Black"" for the 9th time hahaha",1
"Cool #cdnpoli RT@angelpike: Call the hospital in Iqaluit & press 2 for English. Experience an aboriginal language as 1st choice""",1
"I am squeeing at the latest BioShock Infinite trailer, it may usurp the original's place in my top 5 games ever. @IGLevine is a genius.",1
I love how the #knicks get a good center for the 1st time since Ewing & all of a sudden the @NBA gets rid of Allstar voting for the position,-1
MBB: Murray State just outside Top 25 (29th) in Preseason USA Today Coaches Poll: http://t.co/y0Of9pND #OVC,0
"Australian Directioners, little things will be played on the radio at 5pm on Monday afternoon on the hits radio.",0
So June 9th is the day. This is gonna be worse the the Galaxy Foams,-1
"@nater0driguez Lmfao alright u got me there. Good job Parker and the spurs, see y'all jan 9th. If I get an extra ticket to that game ur goin",1
New Story: Norfolk woman dies in crash: A woman from northeast Nebraska died Saturday morning when the car she w... http://bit.ly/pXNj4s,-1
"#WednesdayWisdom from the old @OzingaRMC Alsip Sign: Do it now, since it will be yesterday tomorrow. http://t.co/Vc9dxiwJ",0
@ESPNNFL: Rivers may have just entered CMon Man territory with that INT in the end zone -- #ChargerFansBooing why did that need a hashtag,0
Just watched The Lorax for the 20TH TIME!! #ihavenoregrets #OOC,0
"Lloyd Robertson's last newscast is tomorrow night.  The end of an amazing career. And honestly, the end of an era #thatsthekindofdayitsbeen",1
"PSN Tuesday: Assassin's Creed 3, Okami HD: You can buy all the Assassin's Creed you can handle on PSN today. Both... http://t.co/APdsC4ZI",0
Rudd rains on Abbott's parade: KEVIN Rudd may be trying to spoil Julia Gillard's party but yesterday he gate-cra... http://t.co/h8wJi814,-1
Good luck to Joseph Calleja tonight at the Brits. See he's appearing at the Royal  Festival Hall on Friday 11 Jan in Raymond Gubbay concert,1
"BJP doing drama to hide facts, says minister - The government Tuesday accused the Bharatiya Janata Party (BJP) of...http://t.co/GMxmgdR9",-1
"#vashon is already abuzz with the news that 2013 Strawberry Festival is the 3rd week of July. Calanders are being marked, plans being made.",0
"If you're ever having a bad day watch Too Cute on Animal Planet. It's all about the 1st few weeks 4 baby animals, mostly puppies & kittens.",1
Next person to comment below wins 4 tickets for tonight or tomorrow night's Colts game against the McAllen Thunder!,1
Springsteen is here Sat but if that's not your thing Rick Ross will be in Lexington the same night at @Rupp_Arena http://t.co/7SX6vy0r,0
@Kirsty_182 my older brother is going to see Tenacious D on Sunday and Dave Grohl is going to be playing the drums there!!!!!!!,1
@Plain_Pete yah I know it's on. But it keeps saying Monday night football and says MNF on the scoreboard. I'm just confused bc it's Thursday,-1
The Boys: http://t.co/ALW4H4VN's Calvin Watkins explains why Sunday night games are bad luck for the Cowboys and... http://t.co/XbMUntwy,-1
@swannydmp Did you tell Rio in the weeks before Rudd was knifed there would be no mining tax introduced in the May 10 budget?,0
Watching Die Hard for the 1st time with @linpel & @lettersfromgena. Alan Rickman makes this better than it already was.,1
So apparently Lady Gaga went to go see Britney's Femme Fatale Tour in Atlantic City tonight!,0
Damn Drexel and Penn have canceled classes for Monday and Tuesday due to the hurricane.,-1
@MerinoDav can you tell Evelyn's bum mass I'm not gonna be at the bus stop tomorrow?!?!?,0
"I don't get how people are saying she's lying about the direction of her 4th album, because she ""lied"" about the direction of Unbroken?",-1
Holger may have another selection headache with Carl Valeri coming off with a possible injury after 30 mins in tonight's game v Cesena,-1
Can you believe that The Salvation Army in Goshen is already working on Pancake Day (November 16) and Christmas... http://t.co/8XnrYIEh,0
Flight starring Denzel Washington was a good ass movie go see it tomorrow when it comes out,1
@andy_oconnor @erickjpressman I'm going to try to bring the @gothamgirls to Volstead on Sat.  What you guys doing tomorrow?,0
Wait to yall see the Jeremy Evans from the Utah Jazz highlight on Sportscenter tomorrow!!,0
"@imjustanerd We may not win Academy Awards, but we will be the freaking People's Choice dammit!!!",-1
We will explain the true cause of the London riots on the front page of The Sun : immigrants. 'Hero Police' will also get a headline.,-1
Mee& my grandpa are going to the rita game tomorrow #CutiePies,1
"Alright, if my daughter keeps singing Avril just to annoy me, I may be forced to retaliate.",-1
@PHSamsungMobile My 4th of July song is 'Ito Ang Gusto Ko' by Francis M. (Best for Independence Day here in the PH) #GalaxyPlayTrackoftheDay,0
"I lost respect for #AnnaHazare the minute he sat at ""Duratma"" Gandhi's graveyard yesterday. India does not need another Gandhi. Vandemataram",-1
"Tomorrow night I'll be at the Goldfish Bar for the Deus Ex launch, anyone wanna come for free?",0
"HD clip of @primus knocking ""Southbound Pachyderm"" out with valor at @FMKirbyCenter Tuesday night. cc @WillBeekman - http://t.co/0d7K5do4",0
Knicks Vs. Pacers in the 2nd Round of Association Mode. Upset the #1 Bulls,-1
@A_Bautista26 Wow really? I go to Mexico every December to spend the holidays over there.(:,0
"Police fear ivan Leach, also known as Lee Cyrus carried out a very serious sexual assault in Tayside, Scotland, since he absconded on Oct 9",-1
Funny you should ask @BlueNunUK We will be @ the Leicester Square Theatre on October 10th at 9pm performing our Edinburgh show4a final time!,1
My photos up at Photoplus and the Olympus booth. Come out and say hello! Ill be here till Saturday. http://t.co/iIAxfJn3,0
@barrykidney @wanepillow great idea. BUT I'm still working on the alternate remixes for the 1st 'Jackie O' LP.,1
"Martin stupid ""1st notice, 2nd notice, a don't let me catch your ass in the street notice""",-1
Help us get to 250 followers by the start of MVC Playoffs this Sunday! @gocreighton @BluejayLife @whitebluereview @CUBlueCrew,0
"Bj Penn, Shogun, Nick Diaz and Swick fighting on the same card...should be PPV but its on Fox?? Dec. 8th cant wait .",1
At the Greensboro comedy zone working on material I might use tomorrow during the 2nd round of the ultimate comic competition,0
Raiders vs Buccaneers Game Coverage: The Raiders take on the Tampa Bay Buccaneers this Sunday in Oakland and the... http://t.co/3bONeiiH,0
Redbacks collapse against Tigers: Ricky Ponting and Luke Butterworth made Wednesday a tough day at the office for... http://t.co/gvPaacG5,0
colts game was fun tonight. love spending time with my fam.,1
The JumpStart students walk the Brooklyn Bridge & end the night Bieber style. http://fb.me/uWtLN0MU,0
"Hey!  Lauren (clarinet!) would like you all to know about this event hosted by BRIC! Hey everyone, so on Sunday,... http://t.co/y2Z8zNwv",0
Playing with Fluke tomorrow night in The Sailors Return. #Weymouth. #live gig.,0
"Lmfao , she gone die . All the niggas gone be at NCA tomorrow",-1
"Sorry for not replying much, working but most want Sagna LB or TV5 shifted but remember Kos and Jenk played 120 mins tues too. #toughcall",-1
FM Preview: West Ham United v Sunderland 22 Sep 2012 - FootyMad attempt to assist you with their form guide as West ... http://t.co/vYmrr56h,0
Andre Villas-Boas talking like there may actually be some truth to the stories about Adebayor wanting to leave :'''''''). Great signing.,1
@CodySIO Im so excited for when you come to Northern Lights on the 27th it will probably make my life.,1
Sat at work and I have the Will Ferrell boxset with me...Might put a film on or have a power nap OR sit here doing nothing; That sounds good,1
This is the 1st Halloween my kids didn't go trick or treating... Kinda sad they are TOO OLD for it now cuz I... http://t.co/fudXcsL0,-1
@sandraa0407 @Stillsanna @JRoyaal Dongwoo's reaction to 7th rank is just hilarious!!! xD,1
It still hasn't hit me yet that tomorrow is Steelers & Ravens day.,1
last push! last day of training before the break! then i'm off to BKK on thursday!!,0
Coming to DC: Open Acting Workshop with Tom Todoroff on Nov 14th #constantcontact http://t.co/ZeKC38jm,0
"@iam_ShanaeWare Sorry about that. Don't miss the one that's coming on Friday though, Trayvon's family are going to be there.",-1
@IBGDRGN Today is our Chinese July 7th Valentine's day I hope you will soon find you that she wishes you to be happy  Happy Valentine's Day,1
Waiting for a phone call off the head of Joseph Wright.  But I might have to go back to Benedicts tomorrow! :( #GodHelpMe,-1
@DJmizuhara right! Where is the 2nd Vita heaven? Vita is a zombie right now. Maybe Sony is busy on the PS4 and just forgot about the Vita.,-1
1st free.edom taken away.  cant buy your size of soft drinks.  2nd.Religious freedom for Catholics. next? Obama...coming for you,-1
We're excited for TRUNK OR TREAT tomorrow (Nov 2) night at the Boys and Girls Club in Pottstown. It will start at... http://t.co/63Gffmd5,1
"The only dirty bombs on Sunday will be the ones launched by Mark ""Dirty"" Sanchez and the Jets as they pummel Romo's Homos #terror #nyj #wtc",-1
"Mom, can I miss A1 on Thursday? If you love me you'll say yes. #hopefultweet",1
"Buy 1 get 1 free tiket the greatest hits tour BLUE, A1, & Jeff Timmons 98 degrees  only for tommorow 19 feb Puri Mall  & Pondok Indah Mall 1",1
Good to see Danny Care starting the 3rd test against the Boks. Great player who's very quick at the base of the rucks #rugby,1
"@happinessjean Jean, tomorrow is Free KISSING Day! :) Nothing. Just wanna tell you that",1
@Aaron_LW well I'm currently on holiday in Portugal coming home tomorrow then going to Poland on Tuesday for a holocaust memorial trip!,0
George Zimmerman will face court June 10th for the murder of Trayvon Martin.,0
Im not getting on twitter tomorrow because all my TL will consist of is a bunch of girls talking about Justin Beiber #AintGotTimeForThatShit,-1
Uh drunk and tired and just remembered I'm going to Ireland in the morning and need to pack. Ireland :(,-1
Except u're Charlie Sheen... RT @PrinceCBN: Is it true that you tell people 'Top of the morning' only when you had sex the previous night?,0
SPECIAL Conference Call tomorrow the 7th at 7:30 PST - 10:30 EST Featuring Doug Wead! Doug is going to give us a... http://t.co/TZf81PDW,1
"Ironman UK, Bolton highlights on tomorrow: 7.10 am on channel 4, or watch back on 4OD! Hope i can get a sneaky glimpse on it!",1
"Saturday Kitchen, Rick Stein, makes me want to move to Australia",0
"Whitecaps vs the mighty Robbie Keane and LA Galaxy this Thursday, 7:30. Fuck training, hitting up @SinBin_Grill",-1
@AlasdairDavis I've seen them twice. At download after Saxon and headlined the 2nd stage and the priest feast with Judas Priest and megadeth,0
Morning people...Let's Kick start this Monday with this as we have Independence Day Party on Saturday. http://fb.me/ZjK4lugZ,1
"Andre's Wigan Warning: Wigan might currently occupy 15th place in the Premier League, but Andre Villas-Boas is w... http://t.co/44GYkO3e",0
RT @TeamJorchel: Retweet if you're ready for Big Brother tonight! #teamjorchel #bb13 #cbsbigbrother,1
"@ColbertReport RT Why does Steve Jobs hate you your link http://t.co/q8eveOE ""Cars perform ""My Best Friend's Girl"" needs flash to play",-1
Anyone out there know how I can go along to the Rugby Expo at Twickers on Nov 14th? #takemeimyours,0
Cupid did so much work da 1st time that he don't wanna be my friend no more,-1
@ChemicalJericho @xCescaCenax @Vasso_Cenation @HeadshotZombie Happy Halloween spend it with Bruno Mars and shenanigans http://t.co/KTV8sfFl,1
when Trayvon touched my shoulder in 7th period and tried to hide like it wasn't him >> lmfao you can see his tall ass anywhere!,-1
Off to #StolenSpaceLND to see the Shepard Fairey show I didn't get to see last Friday...,-1
"@The_GeorgeHotel I worked at Chesters, & the George was our 2nd home, we loved it. Ill certainly be back! :-)",1
TONITE IT GOES DOWN!!! STREET FM on 90.1FM in NY Broadcasting worldwide at www.wusb.fm OR watch inside the studio at www.justin.tv/streetfm,1
I reckon the match between Bolton and Man City should be good tomorrow! #footballseason,1
"RT @rajkarsewak: I lost respect for #AnnaHazare the minute he sat at ""Duratma"" Gandhi's graveyard yesterday. India does not need another ...",-1
Knicks vs heats friday its going down,1
Nothing says 'Fuck you' to Super Rugby than when EP Kings get relegated tomorrow. I'm waiting,-1
"My 1st Ever Male frnd in London just send me a Ping!!! Dat ping is so annoying, he is my 1st gud frnd bet why dis Ping??? Angry much",-1
"All the people seeing Noel Fielding tomorrow, I am extremely jealous of you.",-1
Chasing the Northern Lights by Alan Tan. Nice article and photo in yest Straits Times - 30 Oct Page C9.,1
@CaoDiane Or do you want to wait for tomorrow so Vanessa can hang too?,0
May have a man crush on Ace! Like how is someone just naturally tht sweet! #HeHasFourBrot @ Laurel Tavern http://t.co/48FnU3Mz,1
SOUL TRAIN party Oct 27 Perform by~T.dot all stars..Drell~ + many more new kids on the block taking over T.dothttp://youtu.be/c2nozLNRf4M,0
"Niggas is goin die on December 26th when them foams come out .. lol rs .. niggas goin rob you & be like ""da shoes or ya life nigga"" lol",-1
"Correction @BaltCoPS Marching Band is cancelled tomorrow, why in the world wld we think they had common sense to cancel school so early duh!",-1
"The Woman In Black - the legendary ghost thriller, touring to Dubai and Abu Dhabi in November & December. More... http://t.co/2uz56zci",1
Time for James Harden (34 Points) to step aside and let Jeremy Lin Takeover the 4th #Linsanity #Sarcasm,-1
The Big L is strictly gunplay I run thru church n pistol whip the priest every Sunday. DAMN :|,-1
"Ignored again Man C v Ajax ITV Tues, Celtic v Barca SkyS2 Wed, @ITV sort it out ya fuds",-1
@Jennykeast Elimination Diet starts tomorrow don't you mean ;) #lean #vegvegveg!,1
"So in the 1st book of the E L James trilogy, Anastasia is played by @Cielamara & Christian is Christian Bale (OBVIOUSLY). It is what it is.",0
"I never had a good time, I sat by my bedside. With papers and poetry about Estella",-1
Everything about Brownsville is just bad and depressing. Can't wait to go back home tomorrow.,-1
"Rick Stein really is incredibly dull. Bring back kids' Saturday morning telly please. You know, with pop groups and stuff #sarurdaykitchen",-1
"RT @MollySportsTV: Our Football Season Preview shows start airing tonight on The Mtn..half-hour, each program..the latest on Boise State ...",0
"By botching case against Lieberman, Israel's AG may have made way for his union with Netanyahu   http://t.co/clCKpDsH",-1
"Tim Roth will be playing in a movie with Jean Dujardin. i .. can't .. ok, i may pass out now.",-1
"The Eight Day of the week: Sarah G. Day!! Where you can party party,laugh,dance and go crazy! #SarahGLive on Sunday guys:)",1
"@sistersncloth Yes, the Dallas event did. Remind me to send you a link tomorrow. It was on 10:00 news too. Our Ft Worth event had none tho.",0
"GAMERS!! Don't even think about missing The Blurb tonight on Challenge at midnight. We've got Rage, Deus Ex, Bodycount, Dead Island & more!",1
@MrRPMurphy @BetteMidler should play April's mom. So the great Kristin Chenoweth can also be on. What an amazing episode that could be!,1
UK: Chancellor Osborne try to sneak into 1st class train with standard ticket   - Breaking News Buzz http://t.co/LV8RbngU,-1
"Check this video out -- Obama, Sarkozy, Cameron, how many children did you kill this night? http://t.co/AvYCIQJ via @youtube",-1
Bust it Baby by Plies feat Ne-Yo was my ishhh all 8th grade year! Reminds me of my ex.... In a good way. One of the best years,1
"just watched ""Project X"" for the 1st time, im unamazed.. y'all hyped it WAY PAST what it was..",-1
"Man, I'm sorry for the death of MR.MITCH LUCKER. May he rest in PEACE.",-1
"Police, protesters clash at Republic Day march in Turkey: On a day marking the 89th anniversary of the founding ... http://t.co/xewokaIE",-1
@JennyMcCarthy best moment of the night Melissa McCarthy I am trying to find the clip to write about it on my website...big fan of u both,1
"I had a ""nightmare"" last night where I missed the 2nd rd of my #FantasyBasketball draft and they autodrafted me JR Smith. #truestory lol",-1
#pakistan#news Procter and Gamble sales fall 6.7 %: P&G said net earnings in the quarter to September 30 fell to... http://t.co/NYnfUupZ,-1
Only 2 non-Chase drivers in the top 10 -- Kyle Busch in 4th and Mark Martin in 8th.#NASCAR,0
"@_Maleven one last push Sunday, and most of them will have a weeks not playing cos of the cup game midweek before NUFC. I never make .....",-1
"RT @quizderek: Elvis Presley's 34th death anniversary is on Aug 16. Shammi Kapoor, the man they often called India's Elvis Presley",0
I'm going to be so lost at cypress tomorrow,-1
ECHO: Sex offender is warned he may face jail over offences http://t.co/VetvYrYh #Dorset,-1
"@NiallOfficial Huum if you're hungry, come to Tunisia we have delicious food here! Huum Nialler always eat :o c'mon!",1
tonight!!! (wed)--Mike 'Slo-Mo' Brenner solo opening for Jim White at Tin Angel. 8pm. c'mon out!!... http://t.co/5106ZL2k,0
"@AcriteSoulja have Trina call me when you get there, I'm tryna go by there tomorrow",0
Bashaara Graves had 17 points and 15 rebounds in her debut with Tennessee in an exhibition game on Thursday. She played 23 minutes.,0
Cannot wait to see @fancystepdad with my boys @ThePrinceRupert and @JakeCausey next Friday in Athens!,1
AVB Reveals Latest Plans For January: Andre Villas-Boas says he has sent scouts around the world to see if the T... http://t.co/oGbCXlnz,0
"Beating the Retreat ceremony is conducted on the evening of January 29, the third day after the Republic Day. #facts",0
First Murray is out for the Dallas Cowboys now Felix may be questionable for the Atlanta game. Not looking good for the running backs!,-1
"@alfredoflores follow @amandawanxo and meet her on NOVEMBER 26, she'll be at the bell center by 4:00 pm. PLEASE FREDO.",0
@StevieRyan I miss sunday nights where Mob wives came on then Stevie Tv would. Now I gotta put up with this Chicago Bullshit and NO StevieTv,-1
"Afghans protest against French cartoons, US film: Hundreds of Afghans on Thursday protested for the first time a... http://t.co/72mtIYlV",-1
@kelly_carlin I just got back from Hawaii on Monday and I'm feeling sick too.,-1
Looking for a ticket for the west ham v Southampton game on the 20th! Preferably in the bobby Moore lower! #helpmeout,0
"Disappointed the Knicks vs Nets game got canceled tonight, but I'm even more hyped for Knicks vs Heat on Friday!",-1
"@Ascolese11 U r a 5-Star to the Hog fans, VA3!!!!!   U got props from the coach Wednesday night at the Signing Day event in the Ville,#WPS!",1
Big night. Going to watch the Cards thrash the Pirates for a bit and then the 2011 @nyjets debut on MNF. #CANTWAIT,1
@SLOWing_it_down @The_RealNickG @BriKowalczyk @saraa_tam @bree_our_guest @Muffin_Man20 @Charlie_Vandy I can go to the HF game tomorrow. GO,1
Polar Dust is hitting Black Dahlia in Boksburg on the 10th of November. Click here for event details: http://t.co/9de40jL4,0
Mark Martin: Morning! *Yawn* Good weekend so far? 'Like' this status if you're having a lazy Sunday or... http://t.co/3zaI1oSJ,1
Has just won two tickets to evanescence on Monday boom! Thanks @CapitalFMArena,1
"With a 7-2 win last night, the Norfolk Admirals tied the American Hockey League record with their 17th consecutive win. Fantastic stuff.",1
"If I'm a CiCi's buffet, these mosquitoes are going in on me like obese Catholics on the last Friday of Lent.",0
"If Tony Romo doesn't score 50 fantasy points for me tonight, I'm screwed. Wait, you're saying that's not going to happen?",-1
@oliviawilde 'Cowboys and Aliens' comes to UK theatres on August 17th. It looks pretty good. Gonna see it for my b'day on August 23rd.,1
"Teaching, then rehearsing.  Show with the GNR Tribute band this Friday in Cranston, RI at MARDIS GRAS!",0
"Facebook scam says Lady Gaga's dead! -  Realbollywood.com News: London, Aug 7: A scam doing the rounds on ... http://tinyurl.com/3kttasu",-1
We have been informed of Caltrain's 9:10 delay of 15 min. We a 2nd shuttle on route for the delayed train. Call 408-525-4646.,0
"Glad to see the coaches are paying attention to their poll. Auburn, which is likely to finish 5th in SEC West, No. 19 in country?",1
My dad reckons if this was in Nigeria the president would have issued a shoot on sight order since Saturday!,0
"@Vinay_Kumar_R, part of the India 'A' playing XI, will be available for the Ranji Trophy opening fixture against Baroda starting tomorrow.",0
"@rowdycity: NBA season starts tomorrow! Who is your favorite team? Will the heat repeat as champs? SACRAMENTO KINGS.     Nope	0
264133602869116928	New York Knicks vs. Brooklyn Nets Season Opener Rescheduled for November 26: The game between the New York Knick... http://t.co/DfE2gPvV	0
261175025233694720	We always get pushed out to SS4 with Ben Sheppard. Could be worse. Could be Thursday night with Colin Murray #AFC	-1
264230311376863232	Oh and P.S. big Adidas warehouse sale tomorrow if you're interested!	1
250365916838240258	San Antonio - your October 18th show for the Collide With The Sky Tour has been moved to Backstage Live! http://t.co/vfTQUp6M	0
229216203892199424	What a perfect day for a Wedding Workshop! The idea was born at WPPI in Feb...and not only is it finally here IT... http://t.co/uCvz8hBO	1
264238520078589952	@xlandonabx Reggie would make a good MCS teacher. I'm talk to Pratna about it tomorrow but I'm probably just dropping and ill do online	1
263496726499971073	men tomorrow you will have one of your hardest patrols...CIF turn in"" lets hope i have everything",-1
"Hybrid icing will be used in the American Hockey League until November 19, '12. The BOG will then decide if it needs to continue. #OKCBarons",0
USA calls last time out with 5:20 left in the half. They have 1st and 10 at Red Wolves 34.,0
"DBJ Tech Watch for Monday 8/8: News of Facebook, Google, Microsoft, CenturyLink and more: Welcome to the Denver... http://dlvr.it/fMfXB",0
"Love it when you have Bale first scorer, 2nd time in a week #loveit",1
Good morning all. The sun is out today in Tayside. Hope you all have a great day today,1
"@lindalukita Chinese? On top of the international holidays, we have Chinese New Year Eve,Chinese New Year (Day 1& 2),Chap Goh Mei (15th day)",0
I love that boy ! Jacob just sat in the bck and was laughing,1
"Not cool having Miesha Tate, the former bantam weight champ on the under card. C'mon #Strikeforce treat her better. #RouseyKaufman",-1
http://t.co/oTLL3Log Any Joey fans that want a cover for all NNS wins may take this.,1
So the Penguin/Random House merger is to go ahead? Better than it falling into Murdoch's clutches. (A mistake for TUC to sell Sun 41 yr ago),0
@maejae0510 dis u download all the epi with Eng Sub .. may I know from which website @MissFarahSawa,0
"Yearbook pictures for Jr.Larc's will be next Tuesday, the 6th at lunch at the library parking lot side",0
"Putrajaya says determined to recover NFC funds: KUALA LUMPUR, Oct 29 - Putrajaya said today it i... http://t.co/Er4fw4ef via @tm_insider",0
"Dear ESPN - you aren't fooling anyone with your ""Monday Night Football"" graphics... its Thursday. Just make TNF graphics. #Thanks",1
"On 1 Nov: The Duke of Kent - President, will attend the Mersey Weaver District Scout Council Presentation... http://t.co/XYAORdtZ",0
@Strombo Happy Thursday! Enjoyed the show so much last night watched 4x. #Thankyoutimeshifting!! Have a great day my Greek!,1
Looking forward to rocking it out at Roma's in Louisa on Saturday night!!!!  Hope to see everyone there!!!! No cover!!,1
"Evans: Mick Jagger, 15 Oct 12. Sir Mick Jagger calls Chris Evans with an interesting message about Rolling Stones... http://t.co/WbP7gmtr",1
I'm loving all the Bond films on Sky anytime. I'm on my 4th of the day,1
"Right North London Derby is on my Birthday Nov 17th, now you all know what to get me for my Birthday. #Arsenal",0
Still on army duty in Alabama but thinking about how lucky I am. @dianakander married me 8yrs ago today.,1
Hold up!! I can't make plans for tomorrow.. tomorrow it's game time.. 3:30pm >.> Knicks vs Heat..,0
"Movies tomorrow with Jacob :) seeing Paranormal Activity 4, hopefully I don't pee myself ._.",1
"Sister is rubbing it in my face the fact that she has no school tomorrow and I do, #ULazySackOfShit Thalia Its all love though lmao",-1
"Today was my country's independence day, went to the festival n they played American music the whole time O_o?? What the he'll is the point?",-1
@DonManolo_ @JakeMcWavyNYC you can't be serious you're acting as if Parker just sat down for those rings. Parker makes the spurs what they r,-1
Lakers vs Heat on Jan. 17th! It's D Wade's b day... I feel bad he'll lose on his birthday lololol,-1
Damn I have to wait til' tomorrow before I know if I can go to Oslo with my sis. Damn. I'm not good at waiting,-1
"@crixacus @EllenHollman @stevendeknight Keep yr eyes open for Incursion. It may not be Spartacus, but it's going to be out of this world :-)",1
"Went to Sylvia Park for the 2nd time in my life today, and it was the 2nd time in my life I saw @Russell_Packer there hahaha",0
And finally.. @billy_knott's dad says he will play 'with a point to prove' if he starts against Nigeria in #u20worldcup last 16 on Wednesday,0
@sfj Making a Spotify list of albums you mention in your @frank_ocean piece.  Cherry Moon stk or Sign 'O the Times Prince's 7th album?,0
"@PackInsider: As we reported earlier in the day, PG Lorenzo Brown will have surgery on Tuesday.  Hoping 4 speedy recovery",1
My sister and I are going to SM this Saturday afternoon to watch Lorax. I am so asking my dad for popcorn money. :)),1
Timmonsville residents live with guns behind locked doors -- http://t.co/HKj20N9o,0
Cofield should have hopped off the DM sticks after his 3rd year. Niggas was tired of him lol,-1
"@zlzlml Hello :D ,Greetings from Mexico City! When MBLAQ will come to visit the A+ Mexican fans?,is true that go to Brazil on September 7?",1
can't wait until saturday morning when im at work at 5am unloading the freight and i have maria on my ass behind me with the mop and broom,-1
@paulusbrewer The sun is just waiting for its agent to call to see if it can get the job as the glint in Justin Biebers eye. Sun gets saad.,-1
"So it's the grunge night at blue room blackpool tomorrow night! Pearl jam, Alice in chains and nirvana cover bands! 9pm.",0
@rajeevnath you say. Sunday I'll be at the Wikipedia Women's Workshop. Can meet before or after that.,0
Please join LPG and Good Start Genetics for a legal town hall cocktail reception Monday @ 7 pm at the Marriott Marquis Mission Hills Room.,0
"Dear Spurs, You are out of COC, not in Champions League and come May wont be in top 4. Why do you even exist?",-1
RT @CraigyFerg: The lovely @Officialkat on the show Friday. Until that beeyotch showed up Andy Rooney and I were the hottest mamacitas o ...,1
@rrrrrrroline I got a call from bcc saying the college is open but Christian texted my dad saying BCA doesnt have school tomorrow,0
"Join us in shops at 9am tomorrow to hear Tom Segal, #Pricewise of the Racing Post preview every race at Glorious #Goodwood. #horseracing",1
"If you want more books to read during the Summer months, then go to Book Swap at Starbucks, Landmark on Tuesday... http://t.co/JriFHNO9",0
"@Aarononio I'm still at my school, stayed in the 6th form. But I see you got into the Brits!! Congrats Iil bro I'm proud :')",1
I'm so ready for @_C_Lavender_ to get here tomorrow! Another fun weekend in Starkville with my sweet boy!!,1
"Kurt may have been drugged again with Rohypnol, possibly in the Root Beer can found at the scene. After he was incapacitated, the murderer",-1
@TV3nz What happened to Breakout Kings? Thought it may of come back after the block. Have you guys just cut it completely from programming?,0
"Won tickets on the @RoeConn Show with @RichardRoeper to see @TomDreesenComic at @CDandME this Sunday. Tom's from Alsip, right? ;-) #Harvey",1
... Mumbai 'A' against England in the visitors' 2nd practice game from November 2 to 5. Mumbai 'A' to be led by Suryakumar Yadav and,0
"Captain America, Angus Young AC/DC, and Kermit the Frog. Levi, Mad-Dog, and I did work. One more tomorrow. http://t.co/bs9eb7l4",0
Count day tomorrow shouldnt even GO ! Winans is CRAZY -_-,-1
I missed it :(( QT @soOsuh_ditty: i have got to remind myself to watch Stevie TV every Sunday. I was dying.,-1
Im on that zan with that lean and nun but Irene today at band camp jus to laugh at these poo ass freshman snare drummers,-1
A1 Live in Cebu at the Waterfront Cebu Hotel and Casino on November 23 http://t.co/BL41iSUa #CebuFinest,1
Creighton Volleyball leads 8-5 early in 2nd set. Match becomes even bigger with both Wichita St. & Missouri State down 0-1 at home tonight.,1
JETT LOUNGE 3701 clairmont rd ATL. one of the nicest party I been all year. DAMN this is the place to be. Ladies don't miss it SMP Saturday,1
"@Dammit_Ben he doesn't deserve the death penalty a la todd bertuzzi, but I think 3-5 games is fair, if not whole 1st rd.",-1
"CONTINUED ASSAULT - Indianapolis faces a tough Miami defense this Sunday, one that ranks third in the league in yard... http://t.co/iqUfA3Ic",0
"@PeteAbe hold out hope for Valentine, he may win manager of the year",1
"@meadabawdy @Dannypace @vbspurs This may sound melodramatic, but Andrew Breitbart dying was one of the worst shocks of my life.",-1
"Buzzing for the game tomorrow, gong to be a great atmosphere and a possible upset is on the cards! Bring on Aston Villa! #stfc",1
As we patiently awaitRT @RealBlackCoffee: Back in Studio putting final touches to the #Album...should be out nxt week Friday.,1
Drexel classes are cancelled monday and tuesday..now I just need work to be cancelled..,-1
Sportsnation  just wont let Jeremy Evans dunkface go. This is the 3rd time ive seen it all week. Still funny though,1
"Star Wars visionary becomes one with the Force: Artist dies at 82 Star Wars conceptual artist Ralph McQuarrie, w... http://t.co/mw4ZM0gq",-1
I just sat beside a joe paterno fan at the bank. He had a license plate that said with his name and a penn state plate. Sucks for him.,0
Counting by Christina Grimmie reminds me of Nashville. I always listen to it on the roadtrip. Saturday will be no exception :),1
Who wants to see Maya Rudolph sing Prince with my Thursday night,0
"The Wizards Summer League team has their last 3 1st rd picks, including the 6th overall last yr & 3rd this yr. theyre losing to the D League",-1
Gavin Henson looks set to miss the Rugby World Cup after dislocating a bone in his right wrist yesterday,-1
The storm will be moving inland to CNY tomorrow. That's when I'll get worried about my family. Living right on Oneida Lake.,-1
Breaking M&A news today: Canada's Potash Corp. in talks with Israel's Netanyahu on merger with Israel Chemicals. that may be worth +$13.5bln,0
'Really good day' as Danica Patrick finishes 10th at Kansas Nationwide race - NASCAR News | FOX Sports on MSN... http://t.co/wlmXrhFu,1
@Magwer84 And who had Maidana fought before the Khan fight? Hahahaha and he lost to Devon Alexander in February who is shit also! #clueless,-1
Off to Scotland today for the week so I'll miss the wankfest at Wembley. Utd 2-1.,-1
@jennettemccurdy Happy Thursday Jennette from Detroits #1 Radio station WROM Radio have a great weekend ahead We love a follow back from you,1
Congratulations to all the idiots rioting in nth London tonight - suppose we'll see you in the education related protests soon #singlecell,-1
@WhiteyVDaPrince ya but my dad is most likely taking it to San Fran tomorrow :/,0
"Capt and Chloe were at the Fall For Horses event at the New Jersey Horse Park on Sunday in Allentown, NJ and had... http://t.co/MwnmfohI",0
"Tom Segal, Pricewise of the Racing Post, will be on @Live_Ladbrokes tomorrow previewing the big races on day one of York's Dante Festival.",0
Procrastinating. I need to get ready for the 6th district Chicago Police Rally Against Violence. Chi-town cheer will be performing. King dr.,1
via @all_bangla_news BPL issues to be decided Nov 1: Bangladesh Cricket Board will take a final decision on the ... http://t.co/1oatDijM,0
Watching the best moments of Inbetweeners last night highlighted the fact that (towie) is full of helmets. Surely im not the only one?,1
Doing some serious sucking up tonight so I can go Harry's tomorrow :( @hellomnamesjim,-1
http://t.co/sAdtjuy5  Boris Johnson Times. Ed moans abt George going 1st class but David Miliband travelled by Royal Jet. #boris johnson,0
"RT @SpikeLee: Come One,Come All.Bring your Blankets,Chairs,Picnic Stuff, watch CROOKLYN under the Brooklyn Bridge.Gonna be a FUN CROOKLY ...",1
"@YahooNoise I have to go Romo, all  have is Peyton who I got in the #10th Round.  I think I was drafting against elementary children.",0
"Today i saw many great news, like _HP Touchpad_ discount and another news is about Nokia N9 Swipe. This new... http://t.co/NYhVSAe",1
Netanyahu's new alliance with Lieberman may  not mean an automatic win in the election. http://t.co/wwel4FfJ,-1
Come celebrate India's Independence Day at New Jersey's Official  India Day Parade on August 14th 2pm Oak Tree Road in the Iselin sectio ...,0
"Photos are up from last Thursday's party with DESTRUCTO, courtesy of edm ORLANDO! http://t.co/LbrMPZMG",0
@AbieeTulaOliver my guess is the kissing too. Obviously they don't hear him as they pull apart when Max walks in tomorrow x,0
"As confirmed on tonight's episode of Monday Night Raw, CM Punk and WWE Legend Mick Foley will both captain teams heading",0
@nelsonnium I'm not sure about what Evra is upto. I like Buttner. Should be given more games.Rafael cannot defend. We might see a buy in Jan,-1
ISAT's tomorrow. Make it or break it for North Georgia. Getting a good nights sleep tonight.,1
@callme_jacob7 omg I know Jacob :( cry with me tomorrow ?,-1
Are you reaaaady??? @donsantillan 26km run tomorrow: BelAir to SM Sta. Rosa via Greenfield City. Gotta sleep now. #boom,0
Anyone looking forward to Bioshock Infinite? Check out this new look at the game! http://t.co/hAvE8HIi,0
"I'm excited for Riri's 7th studio album ""Unapologetic"" See the album cover: http://t.co/75sWc2pd",1
A little bit of Toolroom TV to get you in the mood for Sat Night.... FILTHY RICH IN THE HOUSE @markstorey http://t.co/aYU6ANrJ,0
Blake Griffin Poster Dunk over Kendrick Perkins (6ft.10) in HD (Jan. 30) http://t.co/hQ8tMKC4 that's why you roll after a pick.,0
"Drew Peterson may be convicted, but there is still conflict going on http://t.co/lmqKV7XZ #whenwillitend #localnews #chicago",0
But then I don't get why EP kings are gonna play Super Rugby but they still playing kwi 1st Div.. Crusaders aint no Puma's just so they know,-1
I may have just thrown a lime at an NFL player. Apologies forthcoming #ivaluemylife,-1
"The next morning, the 8th of January, after a day and night passed at the corral, Smith and Ayrton returned to Granite House.",0
Lil Wayne Gets Intimate With Nicki Minaj's Lips! Caught Red Handed at the NBA All-Star Game (Exclusive Photos/Video) http://t.co/6EipSeEf,0
sunday afternoon with Amy Lee on AMFM till 4pm. when i hand over to HIT 40 UK WITH MARK JAMES.,0
@BeingSelfMadee Man I'm thinking as hard as a 12 inch dick on a Saturday morning that has to pee as bad a race horse at the Kentucky derby,-1
Nominations are now open for the Citizen of the Year awards held on Australia Day. Three categories. Close Nov 30. See: http://t.co/YEYDjjcl,0
"Are you waiting for Nokia N9 getting released in US... well, that may not happen.  :(  http://t.co/0OmuJpN",-1
Met @kfreberg via Google+ Hangout on Wednesday! So cool to meet someone that you've actually cited in paper :),1
Everyone show up again tomorrow that Chardon game was too much fun to not do it again!! #BeaverCentral #Pride,1
Happy 17th to HRT! We love you!!! @ Shan & T-Bone's http://t.co/NSmZQTnI,1
"On 9/18/2007, John Anthony Zacchara arrived in Port Charles in the form of @BrandonBarash !  Everybody go wish him a Happy 5th Anniv on #GH!",1
If Anderson Silva doesnt win tonight Yushin Okami wont make it out of Brazil alive @ufc,-1
"#UMES followers don't forget, #umesvolleyball takes on Morgan State today at 3! Be there or be really bored cuz it's a Sunday. Your choice",-1
Witnessed a perfectly executed crash landing in the gulf of Mexico today. #whatabadass http://t.co/gk4GpJi,1
@ktvee Love the Iditarod! Used to do huge project when I taught 1st! Even went for start one year! Can't wait to see what you did!,1
High Line on lower west NY is gorgeous. Hope architect can do something similarly great with Olympic Park. http://t.co/ppNTToqM,1
"@Childish_MARino LOLOLOLOLOLOLOL Im a SG on the Bucks so Im on a good team, but under Monta Ellis. Whats your position? Were you picked 3rd?",1
Quick Panch run with Dozer and Ying turns into me getting home at 1230 on Monday. #collegeproblems,0
Curtis Painter's finally going to get a shot tonight.  I can't help but root for that guy!,-1
So I just saw the commercial 4 Michael Jackson THE IMMORTAL World Tour by Cirque du Soleli is going to be here July 20 & 21 @mynameisaramie,0
@MariaDBK Yup. Well we had a fun but small conversation but I'll talk to you tomorrow. Goodnight Maria. ;),1
Just met the players for the 1st time: this Roger Johnson fella walks around like he owns the place. So I debagged him & flicked his helmet!,-1
HT: Norwich 0-0 #Spurs. We've edged the 1st half without creating any clear cut chances. Bale's had a couple of decent long range efforts.,0
"Beyonce sang the words we could never come up with! ""Best Thing I Never Had."" I didn't give the song a chance @ 1st, but it's growing on me.",1
"Zaheer Khan was injured on the 1st test, day 1 of Eng's tour. Steve Finn is now injured(thigh injury) on the day 1 of 1st tour game. Hmmm.",-1
"One name #Illini fans will recognize on tonight's box score for New Zealand is Kirk Penney, who played for Wisconsin from 2000-03.",0
Pretty sure he's a smarty pants lawyer and not at all new to Christianity or Christmas for that matter. It's the 25th. #dumbass,-1
@qweenrobin Well Tuesday is a busy TV night state-side. I'm still not done with the latest ep of Hart of Dixie!,-1
"Axl Rose needs to just give up. Now. Not later, not soon, not tomorrow. NOW!",-1
"Discover the Business Value of Your Library Card Wednesday, September 19th 1:00 pm - 3:00 pm Harold Washington... http://t.co/jAyQ4vnK",0
@borntorun703 @jolynn_giancola @cece_giancola @HeatonO @ReganOHara1 game night at the ONeil household tomorrow @6 #BeThere,0
Kim Coates was awesome on #Entourage tonight. Although it makes me really miss Sons of Anarchy. Can't wait #SAMCRO,1
http://t.co/MVcHYgAE  Visit to #Iran by five Euro MPs was called off Sat after Tehran refused to let them meet with a jailed activist,-1
"You may find this hard to believe, but Viola Davis was a troublemaker back in the day. See... http://t.co/unnOenui http://t.co/CGsL41nX",-1
Wildcat madness tomorrow! Community pep rally! Bell game! Hope to see you all there!,1
Jersey shore season four tonight :) x,1
"good night Michael Jackson, I do love You. see you in my dream :*",1
Upset alert in ACC men's soccer: #1 Maryland down 4-2 to Wake Forest late in the 2nd...AND down a man after an earlier red card.,-1
I was definitely hype for that Knicks and Nets game tonight & give Brooklyn they 1st L fuck you #HurricaneSandy,-1
"I want <3 November 1 at Lucky Chinatown - Cinema 1 - Suddenly It's Magic - 1:00pm, 3:30pm, 5:40pm, 7:45pm, 10:00pm",0
"@JoshuaPlethora BR's amazing food, music & culture scene may be encased in strip malls like a baby embedded in a king cake, but it's there.",1
The Sixers better smash the Knicks on Sunday.,0
@jenscibs they canceled the Frankie date that was supposed to be tomorrow.  So now everyone is going to the rescheduled show in South Bend.,-1
"Longline bras hurt to dance in, I can drive in wellies, a white haired man has never left the #iom, merlin was a saucy old sorcerer. Night.",0
"Photo: Dr. Seuss has always been one of my favorite people. His work may have been surreal, but it always... http://t.co/ufmYYVjr",1
"Top pct of rushing plays: SEA 54.70%, HOU 51.84%, WSH 51.07%, BUF 47.92%, SF 47.85%... #Bears are 9th with 47.04%",0
Red Cross: Syria conflict is now a civil war: The International Committee of the Red Cross said on Sunday it now http://t.co/2qmInBUf,-1
Mersey side derby then the NFL at wembley. Nice little Sunday lined up.,1
If got a pimple the size of Jupiter's 12th moon on my forehead! FML!,-1
I think I may be the only person around not excited that Beyonce is the half time performer for the Superbowl.,-1
Start your weekend off right at EAST tonight with PURE FRIDAY. Enjoy delicious Graze dining from 6pm and... http://t.co/la5xGQun,1
"Tomorrow will mark 42 years since the Wichita State football team plane crash happened.(October 2, 1970-Silver Plume,CO) 31 lost their lives",-1
"@AnnoyingAssRob Yeah, but one of them is an old lady who looks like a Jim Henson creature left out in the Sun.",-1
@cheringbiebs MY BIRTHDAY ON FEBRUARY. My friends think it's for Valentine's day but I don't believe so. :(,-1
That kind of year in KC. Rivers over 18 fantasy its for only 3rd time of the season....for now.,0
"Beloved, don't worry about tomorrow! Wake up every morning conscious of Jesus' supply. Joseph Prince",1
"FRIDAY NIGHT LIVE! We are going to a Maulers Game! Meet at MVC at 6:30, bring $5 + fastfood $ + funds to buy CaseyFace some chocolate pie...",0
"Dear Christina Grimmie, you may not know it but sometimes your songs are all I need when I'm feeling down.",1
Boateng put through his own net in the dying seconds to hand Bayer Leverkusen a 2-1 victory on Sunday evening... http://t.co/hIXmqOqS,0
"Yayyy!!! RT : @coupleBOOBS: Nicki Minaj - Pink Friday, up 15 places, to #16 on the Official UK Top 40 :) http://t.co/zFJnqER",1
Fuck everyone else #dexter is my friend tonight. Bring it season 4,1
Who would go see @KChenoweth with me at DAR Constitution Hall on sunday evening?,0
"Prayer with amazing men of God this morning, grocery shopping, arrival of my [2nd] Pokemon shirt, and purchased Big L's first album. #cool",1
"Just finished rehearsing with @DWHY - we are ready for the Kendrick Lamar show tomorrow, shout outs to WVU... http://t.co/d76r8YZH",0
@mysticvalley Mitch are you free on Sunday to bale leaves for an hour?  If not no big deal  you can have them for animals,0
@WoodysGamertag woody are you going to do another mail monday with FPS Russia cause the last one was hilarious that was by far my fav#GENIUS,1
Totally going to the Marijuana March in dt Cleve brb. #NOT,-1
I'm listening to the a capellas of The 2nd Law and appreciating how bad ass Bellamy is. Not that I didn't already know from his other albums,-1
Oh and being the weird person I am ok going down to Starkville late Friday night @662King,0
"everyone drink Tony Romo says he had a no-alcohol bachelor party: By Tom Weir, USA TODAY Details o... http://t.co/xNcpP15 who will last",0
@bhhopppps_24 and I'll pull out the Kentucky Derby  picture from 9th grade. #blackmail,-1
"Due to the after-effects of Hurricane Sandy, Fantazia 360 is CANCELLED for this Saturday at the Liacouras Center!!! @MarcelliGosteli",0
South Korea is the 7th country that have the most beautiful womans AGREED.,1
Safe and sound at Narita airport! Feels good to be back at the land of rising sun,1
Can't wait to see the Lakers tomorrow!,1
"On Tuesday, the theatres open at ten o'clock in the morning,  as Lent begins after eight at night. On Tuesday, all those who through  want",0
You guys need a proven goal scorer ASAP & He fits the bill!! RT@onesimo25: Can Roman Abramovich please get us Falcao in Jan!!! @chelseafc,1
@HarryPotterFilm Deathly Hallows Part II now become the 3rd High Grossing Movie in Worldwide All of time with $1.133M . Absolutely Amazing !,1
"@pauleyP best line ever as abby ""he wears $3000 sun glasses & has Justin Beiber on his harddrive cant we arrest him for that?",1
Looking forward to inspiring the makeup artists of tomorrow with my Red Carpet workshop at @makeupsfx in Liverpool as guest lecturer,1
And Tampa does run a version of the option pass that WSH killed us on.  RGlll to Davis may just be replicated.,-1
I may have just splurged on this: 'Firefly: A Celebration (Anniversary Edition)' by Joss Whedon... #dontjudgeme http://t.co/XVL9Vpvb,0
"@waymobomber Cool, What you like about Red Hot Shot tonight? I like Dundeel tomorrow for the Derby",1
if you LOVE to dance I hope to see you supporting this event. SATURDAY. all INFO on the flyer! http://t.co/pKfQShXT,1
"Big Redd, Young Savage and Reed Dollaz will be on stage tomorrow night! Philly it's Going Down!!",1
I'm just going to wrap myself in the jamaican flag for America day tomorrow,0
"@ChestersShop This is one of my favourite things about Chesters, the pizza's taste fantastic! Alternative to a sunday lunch?",1
"Last night I had a dream that I made it to the VMA's , & I was on 106&Park talking about my album coming out. Time to make it all a reality.",1
Anyone wanna go to a gillie da kid concert sept 30th? Young savage and haddy are gonna be killin it too,1
"Published a new blog entry November 18 - ""Otherwise Known as Sheila the Great"" in Art in the County. http://t.co/zkZFOhfm",1
(WBB) First Media Timeout #SSU trails #Armstrong 39-45 in the 2nd half.,0
Open source misconceptions fading: IT Web: South Africa may be up to five years behind the rest of the world in ... http://t.co/nYfW52Nf,-1
The prediction machine LOVES KC +8.5 tonight. Kermit has fucked me every Thursday. Went w SD.. so I'm gonna lose cuz that's how it works.,-1
"Sat on a bench and my feet couldn't touch the ground. 1, Drexel, shorter benches please. 2, God, 6'4"" that's all Im askin. #asianboyproblems",0
"Next Sunday, the 15th, were having our 2nd Comic Book Swap meet at the Apothecarium! Comics, games, movies, more #ComicSwapMeet",0
@AbbiePincott there was no handshake abigayle? Also when I come in tomorrow I expect my new schuh tee you ordered to be there... Good girl,1
"@isawn_furlan The pretty reckless, my chemical romance, a day to remember, 30 seconds to mars, hey monday,  evanescence, mcfly etc ..",0
My Sis won tickets for the Jonas Brothers concert @ Fort Canning on Monday....,1
I liked a @YouTube video http://t.co/xihBR5Cg 17th GRAMMYs: Paul Simon and John Lennon co-presenting the GRAMMY for Record Of The,1
LPG consumers can now fill up KYC form till Nov 15: The government has extended by 15 days the deadline for fill... http://t.co/7xnCFb6v,0
I'm Volunteering at the 8th grade Construction Rodeo!!!!,0
Silent House may be one of the worst movies ever.,-1
"The score may have been 38-26, but Aaron Rodgers kept right up statistically with Favre. Damn. #skolvikings",1
"All of the ""real"" Democrats won their respective races & will move on 2 face the 6 recalled Republican state senators on August 9 #YesWeCan",1
"... but if I say ""Wilt Chamberlain is the 4th-best player ever"", it's the start of a long, fruitless argument that no one can win. [2/2]",-1
@teafortree Goon is always a good idea! It will probably taste better than the $10 bottle of vodka I have for tomorrow...,1
Spend Saturday with Keith Richards singing some Everly Brothers.  http://t.co/HE1uwwQd,0
"@Vaughters and won't take much time. I thought your views may be better presented to cycling world in Poland if you say sth more ""directly"".",1
"@MelmurMel @PBandJenelley_1 @vl_delp_ham_ Jenelle lies,1st she said she was alone &the hosp.now she's saying how weird it was for Keiffer's",-1
@matt02392 is on the radio instead. MT @WaterlooRd: It's the first week without any Waterloo Road. Going to be a boring Thursday.,-1
@andrewsikora The Tigers know it's a big game as well: resting Martinez & Alburquerque Monday and bumping Verlander.,1
Tryna make sure everything go as planned Saturday. . .,0
Ghost Rider 2 is some bullshit smh it will be back in the red box tomorrow,-1
Monta Ellis / Ellis had just two points on 1-of-11 shooting on Friday against http://t.co/sGCw3dOK #nba,0
Another #Chelsea vs #ManchesterUnited today for the 4th round of the Carling Cup!! Don't miss out,1
"This time tomorrow, @Jas_Stringer and I will be well on our way to Starkville for a sick weekend...the USM game is going to be atrocious.",-1
@Nataliealana87 It just started last night. Meryl Streep's daughter is the main character (ie Meredith) 1st episode was quite good.,1
DealBook: Clearwire Is Sought by Sprint for Spectrum: Sprint disclosed on Thursday that it had offered to buy a ... http://t.co/9tz27aLu,0
"Wichita St. with 3 errors in 2 innings. I imagine veteran coach Gene Stephenson is boiling in the dugout. MSU lead 6-0, bottom 2nd.",-1
RT @tvdfansonline: Vampire Diaries Season 3 Scoop: Vicki Is at Odds with Anna - Today's News: Our Take | TVGuide.com - http://t.co/sX3bA3d,0
I may be a little too optimistic but I think the Browns vex themselves of the Baltimore curse and beat the Ravens.  Maybe its just me lol,1
"@SorStrappo Picture it's 9pm, rural Nebraska truckstop, snow flurries, February, starving. Food options at food court. Yikes.",-1
"@jbmclendon And the same station that will air new episodes of COUGAR TOWN in January! @tbsveryfunny has been good to us, Jordan. #PennyCan",1
We have a game Friday at the Knicks then back home in Miami on Saturday against the Nuggets #TeamHeat #HeatNation,0
Alabama got a huge commit today but doesn't know it because they're all too upset over Sheridan admitting nothing.,-1
"I feel like a kid before xmas, i cannot wait to get oneRT @NokiaKnowings: In case you missed it...Nokia N9 release date http://t.co/VjvQpHF",1
WRITER #MOTIVATION: Dr. Seuss's 1st book was rejected by 43 publishers before it was accepted by the Vanguard Press. Don't give up,-1
Bilbao for breakfast this Sunday morning. Athletic are just about to kick off at Espanyol.,0
"7:23 a young savage named suadonte wright was born , I love you baby & may your soul rest<3333 I miss you donnnn !",1
"some well known names ""may"" have been on the plane according to the Toronto Star ,,, Pavol Demitra, Josef Vacicek",0
"O. Johnson commits his 3rd foul! He's cold off the bench with 3 fouls and a turnover in Q4. #Pacers losing 98-87, 4:52 left.",-1
Cliff Avril leaves Detroit Lions game with back injury: Detroit Lions defensive end Cliff Avril left Sunday's ga... http://t.co/5loAh60f,-1
RT @BmoreGoodFellaz #jeopardy Where everyone will be watching the Ravens vs Eagles game THIS Thursday... What is @PlaybookMD ?  #goodAnswer,1
@Mosher_Monica hey I'm coming home tomorrow to surprise Lauren so don't tell her but I'm going to need you or someone to let me in,0
Monday is a Moon Day!  Enjoy a sleep-in tomorrow & a little extra rest.  Come to the Workshop with Harmony Lichty... http://t.co/tvkXm886,1
Billy Crystal attends the special 25th Anniversary Screening of 'The Princess Bride' at the New York Festival http://t.co/5juFdoBK,0
Nebraska doesn't land Gesell...a Top 100 guy in your state and you don't get him.  C'mon #Nebrasketball,-1
Beyond Obama's Hope: the work of Shepard Fairey http://t.co/mirRNqMR,0
Girls Gone Wild -->> Club Roar going be a Zoo friday,0
"Ian going to the game , that's a waste of money because Rosedale gone demolish us 1st Quater #FACT",-1
@queensarmsbar not a very attractive line up. Have you got Mackems v. Mags tomorrow?,-1
"Obma fails 2unite us, he divides us by sex, color,party,age, wealth Nevada's 1st Latino governor votes early for Romney, predicts GOP win",-1
Broadway Bar to see AllStar and Bravo perform then Aquarius. I'm stepping out the box and baring a lot of skin tonight. Pics tomorrow.,0
The Tri-Cities Fever beat the Wichita Wild Friday night to win the Intense Conference Championship for the second... http://t.co/GKvG7GbX,1
I think I may have spent too much on Carmelo Anthony. I only hope that his thick-framed black glasses will console me in the post-season.,-1
Goin to the East playoff game tomorrow.:),1
"Another beauty of a day in Athens, Greece. I trust you'll have an exceptional Friday wherever in the world you are. Much love.",1
COME SUPPORT BALLARD FIELD HOCKEY in the SEMI-FINALS tomorrow at 7:15 at bellarmine! #bruinfam #studentsection #loudandproud,1
On the net looking to buy a house in Rosedale by April at least 4bdrms n 2full baths,0
"IEBC may hold the most modern & credible elections, but that wont stop Kenya from Burning again IF the intolerance we r witnessing continues",-1
"@llcoolj These people CANNOT know who Mick Jagger is...you ain't old, old skool maybe but c'mon! Mick Jagger has a lot more years than you!",-1
"RT @KStewRobLuvR: I just realized the Teen Choice Awards were tonight at 8! =) I hope Rob, Kristen, and anything Twilight related wins!",1
After a truly amazing & blessed 1st day @Athariyyah London Conference we are soon to embark upon Day 2!!Come & take time out to learn truth,1
We've just sampled some of Greg's DELICIOUS pretzels for our German themed boardroom dinner tomorrow! Yummy!,1
@RFelich if you're tryna go north on Iowa there's a bad accident down by 6th street...,-1
The fact that I have no plans tomorrow night & it's my last night in FL for a min <<<<<<,-1
"Ash....., You may say anything about her but she IS one of the prettiest women in India, Happy Birthday Aishwarya Rai",1
Royal treatment: stars at MIDNIGHT TANGO opening tonight include Camilla Parker Bowles. Did she join the standing ovation?,0
"Tomorrow...Walmart, Target, Walgreens, CVS, Kroger, whoever..I'm coming for that discounted candy...be ready for it ;)",1
Kendrick Perkins may have the worst goatee in all of sports.,-1
"RT @coupleBOOBS: Nicki Minaj - Pink Friday, up 15 places, to #16 on the Official UK Top 40 :) http://twitpic.com/62iohc",1
"@JRhodesPianist no trick or treat there then. James, may I very cheekily ask if you might record Channel 4, 11.10 pm  for me tonight?",-1
"Still fuming at Everton shambles, at least the England Cricket team should cheer me up today #kenwrightout",-1
No you may not kick it. -Tribe Called Quest answering a text from Billy Cundiff,-1
"Ramdev's jailed aide's pic with freedom fighters at Ramlila: New Delhi, Aug 9: Controversy erupted at the... http://t.co/UtwqoBTW #india",-1
"Is it evil to laugh when a 3rd grader reads a short story, and at least five times, mistakes the name ""Becky"" for ""Blocky?"" #stickingtoit",-1
"@linsey_g So many! Up All Night, Terra Nova, Person of Interest, American Horror Story - hot damn, it's gonna be a good year.",1
Steve Emerson on Sun News Network with Michael Coren - Political correctness has damaged all aspects of life :: ... http://t.co/OS5Sy87y via,-1
"To play Temple Run, To watch HIMYM Season 8, orrrrr...to sleep in readiness for tomorrow's morning interview - decisions are hard to make!:(",-1
Remembering former St. Louis Blues star Pavol Demitra today. He was a true talent & class guy all the way. A very sad loss for his family.,-1
"New issue of Forbes (Aug 26) has my essay on a personal encounter with Gandhi & apartheid in S Africa. Not yet online, but take a look.",0
Lorenzo Brown gave nervous #NCState fans one less thing to worry about on Tuesday in Spain: http://t.co/smPwNH5Y,1
DEPARTURE of ship: AL DHAFRAH Port: ABU DHABI Time: Nov 2 2012 3:09AM (UTC) (Time of arrival/departure is the time the vessel app...,0
OMG Bullet For My Valentine are going to be on Radio 1 on Monday night,0
"Sony's PlayStation Network store will receive an overhaul next Wednesday, October 17, in the PAL territories and October 23 in North...",0
From a Call to Prayer for America Saturday at the Washington Reflecting pool with the Washington Monument in the... http://t.co/IKpMKsry,0
Born in February close to Valentines. Through all the heart pains I still look for Love guess Imma always b crazy,-1
"Music Picks: R. Kelly, Leonard Cohen, Cat Power: fri 11/2 Grace Potter & the Nocturnals THE WILTERN If anyone should... http://t.co/iBQQapnW",0
@AmmunitionDepot Good morning! Do you come up as North as Plant City for the shows? We will be at the Nov 17th show.,1
"The Perfect Storm (with George Clooney) v. The Day After Tomorrow (with Jake Gyllenhaal, Dennis Quaid) -- #Sandy more comparable to ...",0
Starting the 3rd season of Sons of Anarchy. I watched seasons 1 and 2 in the last couple weeks. . I'm seriously hooked,1
Give me 5 mins with Candy the dancer from Deja Vu I'm nutting on my 4th pump she that bad lol,-1
had a great day today yay soxs beat yankees!!,1
We'll be at the American Women of Surrey #Christmas fair on Sunday in Cobham. Will sample pumpkin pie. See you there! http://t.co/6k4vfkBu,1
TONIGHT!!! we proudly pres. our 7th HALLOWEEN party with LIMEWAX & many more - this time at Studio 21 (twenty one) http://t.co/noBBKrxz,1
@samvescovi @Darrenvescovi What are two doing for the Steelers game tomorrow?,0
"RT @pcam: @amish_man He may be that, but Obama spent $239 Billion a day after getting Uncle Sam's Credit Card in his hot little hands, s ...",-1
@OilOnWhyte @albertaoilfire another center? Gagner is a good cheap 2nd line option that we can afford and keep the kids.,1
Embarrassing. Rams cut Alexander. Yes I know he's from Mizzou. But c'mon. Chiefs D makes unknowns look like pro bowlers.,-1
bought tix for sat's nets game b4 prices jumpd and @ticketsnow allowd seller to reneg w/o proof the tix arent available #POORCUSTOMERSERVICE,-1
Last day of our MAX conference here at Twickers with Mark and Eric up presenting the Roadmap after an awesome 1st day yesterday #MAXCC,1
"Happy birthday @justinbieber ! National Bieber Day . Now he's 18th years, but he's #stillkidrauhl #IndonesiaSaysHBDforJustinBieber",1
"Playing as the Browns HC K. Fri in #Madden13, XFacalac lost to the Ravens 21-28 on All-Madden #ConnectedCareers",0
Apple CEO apologizes for error-ridden new map app (+video): Apple CEO Tim Cook apologized Friday for the company... http://t.co/dpHhFypj,1
"Is this CiF piece meant to be funny?  I mean, other than in the unintentional sense of being ironically humourless http://t.co/LvZXjfrt",-1
So @onedirection will be in the @CapitalOfficial London studio tomorrow morning. Hope no one mentions Harry's Brit Award error,0
@padrebrey Good point!  Ash Wednesday isn't a day of obligation?  I've never missed one.,1
Sooo.. What you're telling me is that no one is down to get drunk as shit for the Cypress game tomorrow and talk shit to the cypress kids?,-1
Excited for the Raiders game tonight,1
USA Golf Today Bob Ryan: Tiger now a JAG (Just Another Guy): Bob Ryan of the 'Boston Globe' called Tiger Woods ... http://usat.ly/mZDjVU,-1
Hope @elianacwg_31  lives it up tonight.. love you mama.. Will visit Dallas soon :)),1
Tomorrow I'm downloading some Chance the Rapper and Nipsey Hussle,0
you going to rugby practice on sunday #somethingISayAlot,0
"@like_the_song I first heard them when ""Farewell to the Fairground"" was their single, whenever that was. I think they have a 2nd album now",0
They better take Joe Pa to the Pet Semetary... They may never win agdin,-1
"Oh god, just realised I'm chain-smoking in Mother's party wig and pretending I'm PJ Harvey. Gonna get disemboweled in the morning for stinky",0
"Missing hooters,my husband,my life,my photoshoot tomorrow,guess I'm gonna drink this bottle of wine with a Xanax and pass the fuck out. #bye",-1
Yall niggas must have a different version of Taylor Allderdice. I'm on the 3rd track and already wanna turn this shit off again,-1
"ART @CarolineManzo: Do you think NYC should host the Marathon Sunday?..why would they when soooo many desperately need help,where is Respect",-1
:O INBETWEENERS MOVIE A WEEK TODAY!! Aaaahhhh! Might wear my wellies to the cinema cause I'll be 'knee deep in clunge' ;),1
"Lady Gaga fears classmates: Los Angeles, Nov 1 (IANS) Singer Lady Gaga is still in touch with some people from h... http://t.co/25O8eW8p",-1
Tomorrow is last day for early voting in Nevada. I am not inspired to vote early. I don't like many of the choices. Most suck balls.,-1
Big Time Rush may be considered to be just a show or a kiddie band but no one can say that they don't have talent or care about their fans!,-1
may God be with and protect everyone else from the storm that's about to hit Constitution Hall,1
"'America's Got Talent' semifinals begin Tuesday: We want different singers than American Idol and X Factor, said... http://t.co/7yLcFzO",-1
Awesome talk from awesome @BeckyPallack in the Star apprentice class tonite on social media! Just in time for Super Tuesday!,1
this #earthquake may be the only thing in the history of the MTA that HASN'T caused service disruptions...,-1
"@justinbieber is gonna be in Louisville, Kentucky tomorrow & I can't go to the show. I guess I'll just sit and listen to his music & pretend",-1
@em_fost 3rd floor ISAT on the roof you'll see it when you walk up the stairs its on the right,0
@peterfacinelli Good luck tonight @ The Teen Choice Awards :) i know Twilight is gonna take them all!! Ill b watching Xoxo,1
"Covering Global Marijuana March for @Torontoist. Night and day from #420, fewer juggalos, more serious advocates.",0
For the 2nd weekend in a row Norwich City get a lucky break. Still wouldn't be surprised if Villa win but Norwich got to get something now,1
"Oh yea, we heard bout y'all Senior Skip Day Friday... We ain't report it cause y'all ain't play nobody but Brookwood.",0
Harris English drilled a volunteer in the head with his 1st tee shot today. Video: http://t.co/watcfRkm,-1
Pictures of #OVERDOSER 1st Anniversary party at Safe House #Thonglor are online! Check it out! http://t.co/Owjm4swu http://t.co/YmEQ9KrL,0
China renews Google's operating licence: China said Wednesday it had renewed Google's licence to operate in the ... http://t.co/pPF2SDN,0
"@ChrisLong88 look at the countries we're playing, we were 6th seeds. Also we're missing Ched Evans, Bellamy, Ramsey, Collins etc etc!",-1
"@SiClancy didn't BR want to ship him out in the Dempsey deal? He's 6th choice at min behind LL, JA, SG, NS, JJ. Who will take Cole and co?",-1
"Harris English may be playing some incredible golf at the moment, but the AP still labels his photos as ""Zach Johnson.""",1
Just did Spartacus 2.0 and sauna...imma be sore tomorrow but so worth it,1
George Clooney may cast 'Artist' star Jean Dujardin in his next film 'The Monuments Men' . US Army team chases down art stolen by the Nazi's,0
"I don't want a love like Jonny and June, I want a love like Blake and Miranda.",0
"Sat here with a cuppa coffee, watching Jeremy Kyle with @susancallinanxD #lovely",1
@sidlowe Sanchez & Cesc are excellent additions but can't see much central def cover? Is Mascherano 3rd CB or will Pep trust the youngsters?,1
"You only have three days left, this Sunday is the last day to swim at Fairground pool this season.",0
Great catch! Friend Brad Goddard snapped this picture of the Aurora on Friday night in Nebraska. #wx #aurora  http://twitpic.com/62f7wo,1
"@juice005 strange enough, I'm going to see Noel Gallagher in concert tomorrow  night. #alldayb1tch",0
@adaminside I swear my Facebook was exploding this morning! Booms all over the fucking place! Reminded me of Four Lions. XD,1
"Gotta get my liver/kidneys ready for Saturday -- Cinco de Mayo! Or, as I call it, National Margarita Day #2.",0
Watching Kentucky all access makes me want it to be Monday,0
Cheese curls and wine is a great bed time snack. Time for lights out before my regional day tomorrow! Haha #insidejoke #sleep #goodnight,1
"If I was 21 I'd be in a room with Noel Gallagher, Shaun Ryder, Bez etc but instead I'm in Preston sat in KFC. Brilliant.",-1
"Happy New Year to those who aren't into ""Anno Domini"". Shana Tovah & all that good jazz! Looking forward to the Chinese New Year in Feb.",1
"I honestly cannot believe why Australia aren't taking @giteau_rugby to the Rugby World Cup. Might not be 1st choice, but still a talent.",-1
"@applelotte0 absolutely nothing will, they will be best friends forever :') when they won the NTA award for the 10th year that has to be....",1
This is the 2nd time I've seen a niqqa wear Galaxy foams,0
"RT @DC_Zol: @ParamountUK #COWBOYSandALIENS Watched it last night, Cowboys & Indians (+plus Aliens too) - brilliant Western with a touch  ...",1
@milleniumlady Taken sitting at the window of the St David's Hotel Cardiff Bay when Ian and I were celebrating our 25th Wedding Anniversary.,1
@MoTheRipper I was like Shy Glizzy bouta be up at DC Star Saturday and he said Nigga no im not,-1
Magnificent Scallop Monday is on NOW! A fresh lot of Whangamata scallops has just arrived at iguana. Head in and... http://t.co/gFiuwc1h,1
@Benjy1416 Free. Just ask you post a tweet or video about it. But I can't send anything for 2 weeks as I'm flying to Japan tomorrow.,0
"Golf Capsules: Nick Watney missed a chance for a 59 on Sunday in his CIMB Classic victory, closing with a course... http://t.co/qexkrHIG",-1
"Yesterday is the day the atomic bomb in Japan. I embarrassed as a Japanese, was a moment of silence for the first time.",-1
@WFAN660 Paterno wouldnt be charged. All hearsay on him and he did do his job (minimal as may be). He reported it. Rest is speculation.,0
David Guetta's playing with Alesso at Fort Canning 8th Oct. Only want to hear Alesso leh.,-1
Monroe bound tomorrow! It's a must leave Ruston for a day,1
"Not sure what im going to be for halloween yet. Sun Shine is just too obvious, Larry Bird is the front runner as of right now.",-1
Today (July 28th '12) is Milk Chocolate Day. Bring it on. #milkchocolateday http://t.co/nPZEFpaE,1
"Rt @gordonmutugi: IEBC may hold the most modern & credible elections, but that wont stop Kenya from Burning again IF the intolerance we  ...",-1
Shocking! Warriors may actually have the best coaching staff in the Pacific Division. #GSW #NBA #Lakers #Clippers #Suns #Kings,1
Anonymous asked: Would we have a chance at seeing you for topless Tuesday? http://t.co/UK8xRlos,0
"#NoComment ""@_Mpho @iNasieff @GafferM @Eugenia__88: So Xhosa & Zulu guys apply morvite on their faces when it's hot to avoid sun burn :/""",0
"hope i get to catch Monday Night Football tonight, havent got to see a game yet.....it's only preseason wk1, but feel like ive missed a lot",-1
@MILANSOLO Thanks for your many tweets tonight Milan.  Can't believe I was in the wrong place (MilansOfficial).  You made all fans so happy.,1
Looking forward to Friday day and night! Excited to be involved in the seminar portion at Drexel and the show at... http://t.co/Y2GfBkiF,1
"Review : black friday 2012 AmPro T19701 6 LED Flashlight with Magnetic Pick-up Tool: Find, shop, See Reviews , ... http://t.co/4ANVMzLo",0
#asiabrief Kevin Rudd calls for T-shirt design to rival the Kevin-07 logo - Herald Sun: Brisbane TimesKevin Rudd... http://t.co/2yysQYbQ,0
Woohoo going to spend all day thursday shopping at the Florida Mall :)) #yay #shoptilwedrop,1
"The Girl with the Birthday Cake on her in the ""Birthday Song"" video.. Can somebody bring her to my house Thursday?",1
Wow. Tiger fires a 63 but not good enough.  Nick Watney shoots a 59 if he birdies the 18th?!? #sick,-1
"It's all about REPTILES THIS Saturday, November 3rd! Meet Animal Planet's GATOR BOYS, enjoy live venomous... http://t.co/JurhGwTV",1
Sonic on OST is the worst place in 3rd ward!,-1
"Play with Sketsa @ Java Jazz, 2 March, 8 pm, Lobby stage",0
world war 3 has been going on in my house since Monday. How long do these things usually last?,-1
"FYI. Wednesday is going to suck on Caltrain, if you even plan on going to work that is. Parade.",-1
@FreddieGibbs show at IU was live! Chicago tomorrow @ Reggie's with @ShowYouSuck & Boldy Blocks!,0
"Uploading a new video tomorrow! Nandito Ako (Jonya) FANVID, The first cut is the deepest (Cover) & Elevator - David Archuleta (Short Cover).",0
I just need to chill. Can't wait to unleash some aggression at Black Dahlia Murder tomorrow. #GonnaEndALife,-1
"Imma need Brook Lopez to get more aggressive on the boards. 7 feet tall, c'mon son",0
As I'm watching Candyman I realize that its it not scary at ALL! Kinda funny or it may b the liquor either way I'm laffin,1
awwww shit I still got some new Amsterdam in the fridge. mmhmm tomorrow after work ima need that before I go out,-1
"How are @PAFC going to get 20,000+ to Adelaide Oval when they can't even get 15,000 to AAMI on a Sunday afternoon? Crowd = Concerning. #AFL",0
Victor Cruz is happy about his contract negotiations with the Giants. Tuesday on his weekl http://t.co/XwsDkzTn,1
@gabebachinelo bro you going to that event at Gampel on friday?,0
"@cocozzaHQ I preordered it on Thursday/friday at midnight the night it came able to pre-order, love you and Frankie. X http://t.co/Pp1oZZaA",1
"RT @HarryShotta: RT @djlogansama: After Hours tonight - Jammin, Dimples, Durrty Skanx, Harry Shotta, Byron & Romo audio download: http:/ ...",0
"@Rastas4Jesus09 Droid Bionic, this Thursday. Never thought the day would come.",1
My tv just told me to go out tonight and be social and stay in tomorrow and have Olive Garden. Mhmm.,0
I just finished the 5th season of Army Wives...now what do i do,-1
Man United's equaliser today was superb. Hopefully we'll be seeing many Arsenal moves like that (with a shot at the end!) this season.,1
"Jets selection of Wesley Walker (2nd round 1977 draft), without knowing he was LEGALLY BLIND in left eye, led to creation of NFL combine.",0
Peter Whittingham now officially overtaken the mighty Roger Johnson as my favorite CCFC player ever! More of the same Tuesday please,1
@ksiggystyle91 Good. Going to the fair to get an autograph from Miesha Tate tomorrow.,1
@MZHemingway True fact: Christianity based on a Man who wins by DYING. We call the day of His death Good Friday.,1
@zachbussey that year is to be unspoken of. Remember those rubber bracelets too? I may or may not have a dog tag with Cannavaro on it....,0
@JScribe We are having a Politics and Pancakes program in the building next Tuesday night--you are welcome to come!,1
"@phillehh: Playing Todd Bertuzzi in a golf match on Sunday #RidgemountCup get in his head, ""uh what do you do for a living?""",0
"Elon University's colors are maroon and gold. We want to see some green, white and orange tomorrow at 7:30. http://t.co/7CsCsKwW",0
4th floor Cypress you don't half see some funny looking dress sense #Spanish,-1
Oh an I also picked my starting XI for the 1st Bangla Test on @wicricnews site. Couldnt decide between Fidi an Tino! I like Fidi tho lol!,1
Are you guys as ready as I am for RIRI 7th album .... Come on NOVEMBER 19 :) #rihannanavy @rihanna rihan http://t.co/h33yFESe,1
remember that one time in the 4th grade when i loved The Parent Trap so much that i gave it up for Lent....,1
@MlleSorbet Which one are you there for ? @NoReinsGirl myself and some friends will be at the SA game going to Twickers town for drinks 1st?,0
That girl Rhonda Rousey is BAD. And she's got 6 Ws all by way of 6 1st rd arm bars. #BadAss,-1
@alxbyr I'll be in cypress tonight and tomorrow night! I better see you!,1
RT @SovernNation: Boehner wants president to change speech to Thurs instead of going against #GOP2012 debate. What? Same time as Packers ...,-1
"Will not be going to hari terbuka next friday, have to go to putrajaya",-1
"@woolimboys Oppa you may have ur style like Hoya oppa.Dun worry,even now,you have a lot of fans , like me !!",1
"with Amar'e out, thinking the Knicks may start either JR Smith or Chris Copeland. if it's the latter they start, hopefully he's productive",0
on the bright side DWTS cast cumin Mon. my girl Kym better b on &hav sum1 that she has a chance 2 win again! go Kym !  ;-),1
@Nonamalone313 Boss lady Bamboo on Sunday Come Do it Major with BDR,0
"Our TBox bartender, Bill Carter (http://t.co/KVpCbVIn) just published his 3rd book-""Boom Bust Boom""- come meet the... http://t.co/L77E0qqg",0
RT @ollyjarvis: @MrDuncanJames great to meet the guys from Blue today at Nurburgring. A very cool bunch of guys! Looking forward to hear ...,1
RT @Jessica1294: @supermac18: Omfg Britney is like here in MA... AHHHH!!! along with Nicki Minaj. Omggg the concert is tomorrow :DDD thi ...,1
"Can not fucking wait for tomorrow night. House Of Blues will never be the same after @missmayiband, @theghostinside and @LMTF. #StayMetal",-1
"RdM seriously believes last night proves Sunday's defeat was unjust? If anything, I'm surprised our first XI didn't twat you on Sunday.",-1
Just heard my bud @familycycling rode with Tom Boonen @specialized yesterday. #tourofcalifornia goes off Sunday,1
2nd Coming: Will Blacks America Debate the 2012 Election #BET @truthfighter1 I'm tired of hearing ppl say POTUS haven't done anything 4 blks,-1
"RT @DuhImWinning: An iPad on one side of the bed streaming Family Guy and my MacBook on the other side streaming porn. Ah, what a nice S ...",1
@38special_  Good luck agaist Tampa Bay tonight.,1
@The_Outfits come party with us tomorrow night in Naples Maine at Ricks cafe!!,0
They tried to pull a fast one and say today is Margarita Day but that is false. We may be drinking margaritas but it is not Margarita Day!,-1
"30 free tickets to watch Saigon Heat vs Singapore Slingers in Singapore,4pm Apr 29 for the first 30 fans email to Community@saigonheat.com",0
"@NeilHarmanTimes Just noticed you using the Spanish abbreviation ""NO sure"", no? Think you're missing Rafa, mon brave",-1
"RT @ESPNStatsInfo: Red Sox, Phillies flying high as they take out the Yankees and Giants this afternoon. CC rocked, Hamels dominates...  ...",1
Arsenal v SUNDERLAND: New signing Louis Saha set to lead the line in absence of Stephane Sessegnon: Sun... http://t.co/ULUdCbdG #Arsenal,0
I just realized that Thalia is going to be tortured tomorrow for an hour lmao,-1
@ArronOHare Hi matey appreciate you passing on my biz cards around work ! We have enough food until Friday in the Turner house  !,1
@kapoorkkunal Looking fwd to watching it sometime soon in BKK. :-) have a super friday and weekend ahead! Lotsa love :D,1
@charliemax Democrats will quickly implode and concede.  Obama will either veto the Boehner bill or invoke the 14th Amend...then IMPEACH!,-1
@SeoulSausage When do you plan on coming down to the LONG BEACH or the O.C. area? Los Alamitos has a food truck fair on thursday nights.,0
"As an introduction to Literature we wrote about The Woman In Black, not something I particulalry want to read, may just cry #ShitMyself",-1
"Sunday means Eggs Benedict and Florentine at the Iguana! Another beautiful morning, come on out and enjoy the pool and 2 x 1 Bloody Marys!",1
"@rmei @CarolHollyT @megishere @BriteAnna and sad as it is, the 6 month waiting time still means i will be on HRT before i would have had 1st",-1
St David please just cancel school tomorrow. I really don't feel like dying in a hurricane...,-1
Anyone who Talks shit about the Lakers tomorrow at school and i will make sure i hit u as hard as i possibly can,-1
"Frustration for Kobayashi, Perez in India: Reaction from Sauber, Caterham, Marussia and HRT after the Indian Grand Prix on Sunday.",-1
@YoginiJane while the met may not be perfect why don't you piss off to somewhere like Mexico City if you don't like it!!?? #tottenham,-1
Omg. Ricky Martin may be gay but he is one fine ass gay man.,1
"KARMA VS FLOW!!! Join us this Sunday on the Terrace.... we're taking it deep all the way :-) Filthy Rich, Richie... http://t.co/R0L6enk2",1
Is it just me or is Google apps email just plain slow today?,-1
"@mcr_ellamae hahahhahaha lol,its probably cuz im sat here in a green day hoodie.....xx :)",1
@stillawake Are you off somewhere nice? I'm bored today. Got a list of 395 applications I need to get ready for Windows 7. Tedious,-1
"rehearsing for Nov 6 ""@MlTTR0MNEY: just called Jim Leyland to congratulate New York Giants on their victorious baseball match #SFGChamps #p2",1
To whom it may concern in Luxembourg: You liked the Madoff affair you will enjoy the Apollonia Affair http://t.co/4Y26Tmfl #affaireapollonia,1
It's Radio 1 Rocks next -  week starting off with a Live lounge on @fearnecotton's show with Bullet for my Valentine on Monday,0
So disappointed with the movie Ghost Rider: Spirit of Vengeance. So not better than the 1st Ghost Rider movie,-1
@thatkid193 im a JR Smith fan hes super athletic so i kind of want him shooting with the 2nd unit him novak kidd camby nd white or thomas,1
"Ok, Party People, who's going to be at Jeff Timmons' Last Wired Show tomorrow night? Show him some Love if you're in town! :)",1
I will see him perform at club Pulse tomorrow so happy lol my bday... Come party with me having a... http://t.co/DNkvAukc <via #instagram>,1
Drexel cancels classes. Drexel Medicine clinic hours are canceled all day Monday & on Tuesday until at least 12pm due to weather,0
"@geoffstults on September 5th, The Finder reaches italian tv (with the worst title translation ever). FINALLY!!! :D #finder #risolutore #sky",1
National Bieber Day in all the countries<3,1
Migraine since Saturday & a blood vessel burst yesterday in the eye where it's located. Any more and I'll be rocking a Marie Colvin eyepatch,-1
I rate Lee Dickson but Danny Care has to be on the bench sat for the 2nd test 60 mins with tired legs he will be dangerous #rugby #saeng,-1
I want to see EB but idk don't look to good guess ill call it a netflix night.,-1
"Boise State, Chattanooga, Embry-Riddle and Virginia Tech receive their charters tonight, congrats and welcome gentlemen! #duli11",1
"*raises hand*RT @NY_SexyLady: ""Tomorrow"" by The Winans is on my heart so heavy this morning... Wonder who needs to hear it!",0
"@Women_Of_Christ: Jesus died for you, knowing you might never love Him back. THAT is true love. Try wed night game at SJP in jan true love",1
Come check out the Montanari Bros East Coast Cup October 20th in New Haven CT! I will be there! I have some... http://t.co/pnyreXYK,0
Playing Jacinto on Gears3 on Guardian fer the 1st time nd its raining wth..,-1
So I thought yesterday was Tuesday. I'm thinking today will be a little like the movie Ground Hog Day.,0
"How about one up here for hometown fans?? RT @BJAofficial SURPRISE GREEN DAY SHOW Thursday August 11th, http://t.co/nROhM1q",0
Worcestershire? What are you on about? Still coming down from your 1st half high? Worldwide fanbase is something #mcfc don't have! #MUFC,-1
I just found out that it's his birthday last Thursday.. :/ .... Belated Happy Birthday Francis M.. :],1
APPLICATIONS ARE DUE THIS FRIDAY NOVEMBER 2!!! Let this video of YES PREP Senior Signing Day inspire you as... http://t.co/h5Jg0l4e,1
Check out all of Monday's highlights in 2:19 with the Daily Zap: http://t.co/KfNhEft4,0
just walked past a girl throwing her guts up outside a bus stop... average Monday night in Shotton.,-1
"@julianalbrandt @CatMScully some people go trick-or-treating but not many. We have Australia Day on Jan 26, the Queen's Bday, Boxing day...",0
Horrible dream lady night....I'm tiered but today is my Friday and its the start of the RODEO tonight #hearthorses,-1
"@YahooSports  It is the 6th straight 1st ROUND SUBMISSION not 6th straight 1st minute KO, Miesha Tate did go 4:00+ with her. Get it right!",-1
Red Wolves hoops picked to finish second in their Sun Belt division. I want to believe. I want to believe. I want to believe.,1
Wanna WINWIN some tickets to the Vice x CPH:DOX - DK x DR party this Saturday with James Murphy and 2ManyDj's on... http://t.co/9HhkqNfI,0
"@kbolton83 Goon is on tomorrow at 9, just sayin.",0
"So, in Jan 2010 Darryl Issa called investigating Wikileaks a priority and today he dumped raw intelligence data on internet? Irony, anyone?",-1
LMAO RT @SkinnyCuh: They should make a new Friday and have Kevin Hart Katt Williams And Mike Epps in it.,0
"Today in the Lounge: Comedy Central has the real Billy T, and Antonia! is coming for Bon Temps' vamps. http://t.co/ou7ehBH",0
@KWAMEDIDIT: FRIDAY OCT 19th!!!! THE ALUMNI will be rocking Philly!!!!! FREE SHOW  @ the Liacouras Center 7pm CLASSIC HIP HOP!,1
"Khader Adnan may be released, but the struggle continues. 1,600 Palestinians are on an open ended strike as of today to mark prisoner day.",-1
"I love the ""on time"" part=> @EW: Axl Rose shows up on time, gives Jimmy Kimmel 1st live TV interview in 20 years http://t.co/fhUvLtlj",1
"JR Smith wanna be a starter so damn bad lol, nigga said 6th Man of the Year Award is not what he's thinking about",0
Good day today :) #Blessed now watching @KevinHart4real on Comedy Central!!! Lol love him!!!,1
"Economic TimesWashing hands will keep the doctor awayDAWN.comISLAMABAD, Oct 15: The World Bank's Strategic Environmental Assessment r...",0
Have you ever forgotten to get a Valentine's present? Your chance at Feb 17 #bonjovi tix coming up! @benandkerryshow,0
@Benjm1 Best year ever it will be! I am tossing the idea of Hawaii around for mid jan to mid feb. but California dreaming for suuure,1
I should've been guarding Parker on that last play. He may have scored but I bet I would've been on the right side of the court.,0
"Testing time fr CONGress frm Tomorrow, #Ramdev at Ramlila Maidan Delhi as He braces up to catch the Rapacious Bull by the Horn. @Manju2102",0
@derekblasberg Uh-Oh - you must have loathed my apartment - why didn't Madonna have her outburst in July???,-1
Clever! || Australian captain Michael Clarke teams up with Louis Vuitton in special cricket trunk design | Herald Sun: http://t.co/Cc1Ctr9Q,1
Got email saying my copy of Deus Ex is on it's way. If it arrives tomorrow I will literally stay up all night playing it. No joke.,1
Need a break from studying? Come to @UK_BSU's Kickball Tournament tomorrow at 4:30-6:30pm! Behind the JC>>>be there! :),1
We're playing with Jim White on Tuesday! Static on the Radio por favor? http://t.co/C8E8JIct via @byt @jamminjava @JimSuperwhite #DCSHOWS,0
@TooZany is bringing out Kendrick Lamar the 6th of December!?! Get your tickets now!,0
"my mother just said ""what's gucci mah nigguh!"" to me, i think she may have been listening to ""Niggas In Paris"", should i be worried?",0
"Another double play helps Lafayette get out of sixth-inning trouble. Going to the bottom of the 6th, Lafayette 3, Mexico 3.",0
"Tonight, I roast a chicken. Tomorrow, I make chicken soup. Love my job but wish I could cook for social justice.",1
PBR & @mokbpresents bring you Jim White at the @Do317 Lounge on October 23rd at 7 pm! http://t.co/7x8OfC56,0
Tomorrow's goal: do my hair like Amy Lee's on the My Immortal music video :),0
"RT @fregariavr: RT @blitzmegaplex: Kung Fu Panda 2 (in 2D & 3D, both with Indonesian subtitles) tentatively scheduled to open on Tues 16 ...",0
Charles Dickens may just have been me in another life. #thisisme http://t.co/Jb70qAyi,0
We tallied up the votes and are announcing the winners for Calling All Communities! Tune in http://t.co/XmaXMLCQ on Nov 1st at 11am (CST),0
"Last 24hrs covered Delhi, passing thru Punjab, Haryana. Tomorrow morning Jammu. Just loving it!",1
@Bangz_InYaMouth woosahhhh it's Courtney! Long time no see from 1st lady!,1
"Premier League Team of the Week: Van Persie makes cut for 10th time this season as Szczesny, Ashley Yo... http://t.co/PYI1PfsR #football",0
"Cannot wait for this Cowboys game tonight! Start it off right Romo, J. E. T. S. #SUCKSUCKSUCKSUCK",1
@jtrojnar227 @gdisano55 that may lower his rank in the mcgeezers he will go down to the D league,-1
Springbok captain John Smit has torn ligaments in his right arm and may miss out on the Rugby World Cup. ek dink dis gooie nuus! Sorry!,-1
"RT @Carly_Coughlan: Big Brother last night on Channel 5 peaked at 2 million and beat BBC TWO, ITV1 and C4 in it's slot. Plus CBB Final t ...",0
"RT @oluwashina: Nigeria play England in the Round of 16 on Wednesday 10 August, at 11pm Nigeria time. Time to colonise England in footba ...",0
@EmmeBeeA comes out on dvd on the 20th. i'm pumped. Melissa McCarthy is so perfect in that movie,1
ALL ABOARD... 1st flight to Hong Kong then off to the UK from there.. #Tweet_Yah_Later,0
"Anyway, I'll be looking the other way tonight. As you may have guessed, I'm going to a Halloween party as Joe Paterno.",0
"@hughhefner Make sure you & the girls watch seasons 1-5 of #Dexter, before season 6 premieres Oct 2.  Seasons 1 & 4 are the best!",1
Going to try & watch Act Of Valor for the 2nd time. The part I seen are pretty bad ass,-1
"The U16s game with shotton has been called off due to a waterlogged pitch, so they're now going to llani on wednesday night. Sorry lads!",-1
Ghost  rider 2 was good but it was super trippy. 1st one is better.,1
I was watching Ex-ministries videos today and found out some shocking news about Michael Jackson!,-1
Siapa duduk Putrajaya and can pick me up at the airport this Friday? Kite belanje minyak masak!,0
"@GrantLawrence @CBCRadio3 I'm just suggesting it for the sake of completeness, a la Polaris's May 31st deadline & Academy Awards' Dec. 31.",0
"If you are a family member, friend, or fan of Austin Rivers you may want to unfollow me. This is about to get ugly.",-1
@BenCrawfordNZ depends what vibe you want. Post-ABs def check out the Monday Room & Volstead - they were favs of mine when I lived there,1
"#McIlroy had a strong start in Thursday's opening round of the Honda Classic, but the No 2 was upstaged by US Ryder Cup captain #Love III.",1
"@JamesCrosby28 watched the cricket, awesome game, followed by jersey shore and seven dwarves! Great night of TV!",1
don't want to depress rl folk but daily mail reporting 82k sellout for eng v fiji at twickers on sat week. broader vision or deeper pockets?,-1
My suicide note would be the picture of Mark Martin that I kept in my wallet in 7th grade.,-1
Did anyone see Rachel Khoo making Oeufs en Cocotte a few weekends ago on Saturday Kitchen? Here's my take on it:... http://t.co/BUH81qOt,0
"And the new season opener is against the Dallas Stars on Thursday, Oct 25. You probably shouldn't buy tickets yet. Call me cynical.",-1
@oceanaswansea is it true LMFAO are there tomorrow ??,0
Decent Woot deals on HD TV's here till the 18th  http://t.co/z5N2XIPU via @woot,1
Niggas was really fighting at the gas station Sat night tho,-1
Jeremy evans just posterized turiaf watch sportscenter tomorrow morning so u could see it,0
How many of you believe that Andrew Breitbart very well may have been murdered?,-1
Sushis + Rafa on the TV = best way to end this Sunday. #vamos :-),1
"@S4SH4P4LM3R i'm meant to be going Roundhouse, but decided tonight that i don't wanna go anymore, so gonna apply for Joseph Wright tomorrow",-1
Tampa Bay Buccaneers: Game-by-Game Predictions for 2nd Half of the Season - Bleacher Report  #Buccaneers http://t.co/s0xzSPV3,0
Tryna get wavy after work tomorrow it's been a while,0
Steve Emerson interview on shameful US response to Islamist Riots on Sun TV :: IPT in the News :: The Investigat... http://t.co/XBX1MZ8D via,-1
"Realized that I've just spent Halloween, super bowl Sunday, and my last two birthdays either in the library, or in a computer lab..",-1
"Oh man, tomorrow I'm definitely going to have a Young Life hangover after that dance party! It was so worth it! #totalYLmove #YtheLnot #best",1
I'll never forget that first girl I was crazy about in 5th grade. I still got her Valentine Day card in my secret safe.,1
"@clarke_casey yess please it's been way too long, I move in 18th I'm going to tricounty and gonna transfer to Clemson please come visit!!",1
Watching The Kandi Factory with Viggle Mon | 3:30PM | Bravo HD Get real rewards just for watching TV. #TheKandiFactory #viggle,1
Playing me some of The Offspring in the car. I head may explode due to Nostalgia if Pretty Fly For A White Guy is performed at Soundwave.,0
@tressawill Good morning Tressa! Hope that you have a Fabulous Friday!,1
The Notebook may be one of the greatest movies created of all time<3,1
"Photos I took Tuesday morning of the aftermath from Hurricane #Sandy in a 2 block span of Long Beach, NY http://t.co/TIBJOH62",0
Me; 'ill bring your birthday card in on Friday' Kane; 'aw really? It's the thought that counts I'd prefer a tv' Twat,1
Dr Jan Radio 2uE tonight with David Oldfield re  Kevin Rudd's sad loss of family cat. Pets deserve honouring cos they love  unconditionally.,-1
Steve Emerson on Sun News Network with Michael Coren - Political correctness has damaged all aspects of life http://t.co/men0DloH,-1
4 days until VintageNOW. We want to raise a bundle for the Safe House for Women. Support us by attending 0ct 30th.  http://t.co/oMptA9pe,1
It is a big day in Henryville as students displaced by the March 2 tornadoes finally return to class at their new... http://t.co/LVrLtx2e,0
Simon Crean still can't support the way Kevin Rudd was spilled from the role of PM - Herald Sun http://t.co/Ing9XseA,-1
"Tomorrow I am off to Petrolia to see ""the Waltons"" lol and over to London for Evans side of family reunion.",1
"@alfredoflores follow @amandawanxo and meet her on November 26, outside the bell center at 4:00?",0
This is the binder Dexter picked out for 1st grade! http://t.co/kHuTCAS,0
"Today, April 17th (Palestinian Prisoner's day), is ironically the day Israel claimed it would release Khader Adnan. No action yet.",-1
Come check out @shoutheyband at the black dahlia on saturday night! It's going to be a party!,0
Girls Gone Wild gon be at my school Thursday shit gon be crazzzzyy make sure I be my ass on campus lol #NPU,1
"#NEW #SHIT 10 Things to Know for Friday: The U.S. Postal Service, on the brink of default on a second... http://t.co/W3V3Pi2t #NEW #SWAG",-1
"And, SURPRISE SURPRISE, majority of the people, sat in the window seats, have gotten off at Murdoch. Wankers",1
"@jhonnyC323 Destructo next thurs, free before 10:30, guest list. Let's go. CAUSE I CAN!! (it's 21+)",1
@ForsakenMango I may or may not buy you a Halo 4 Ost when I get my paycheck.,0
"Was thinking about seeing JAWS at the Roxy on Wednesday, but now it seems I'll be seeing BAIT 3D instead. It'll be just as good, right?",0
Knicks vs Heats gone be the best 1st round series in the playoffs,1
@MikeDavis88 Pls tell Dale Jr and the 88 team that they did great today. Love them lots from Bama.,1
Sneak peak: This Sunday is going to be a BIG DAY in Adventure Park!  http://t.co/eeI1H3Wb http://t.co/EcMd0guN,1
Maybe she won't...but shit then again maybe she will... - She Will ft Drake coming out today ! Single off CARTER IV !,-1
DeMatha was shocked by Gonzaga on Saturday. Can the Stags regroup in time for the WCAC playoffs? #mdpreps http://t.co/0UBZpzL0,-1
Austin wore his YOLO shirt for the 15th time in a month.,0
"Anderson Cooper and Kristin Chenoweth on His Coming Out: Anderson Live premiered Monday, with Kristi... http://t.co/ShOnXlDa #gay, #lgbt",0
Oscars Well makes his debut over fences at Punchestown tomorrow. It looks as though he'll have Plan A and Darwins Fox to overcome.,0
Dive deep into the worlds of Stefan Struve and Stipe Miocic leading to their Fuel TV main event this Saturday. http://t.co/8gnNmLPb,0
Good morning! Need a Google + invite? http://t.co/XgXdIFf I have a few #plusinvites. Love to see the #gtchat folks there!,1
"I need to go find some sweets, then I'm outttt. Another 12 hour day of Marching Band tomorrow #NeverGetsOld",1
@paddy_malone Louis Saha could become the 8th player 2 score 4 6 different PL teams this weekend.Can u name the 7 who've dne it?,0
@TeenyEcosse  Is there any improvement In the European weather. I need sun and heat. I have developed webbed feet here in Scotland!,0
"@fashionablylost Penny Dreadful is a Record Breaker is out in March, just in time for World Book Day! x",1
@Jonny_Blobbins a bit frustrating. I don't think I've added you on my new PSN account. I'll do it tomorrow.,-1
Heat vs Knicks first round of playoffs tomorrow!!! #Lebron#Wade better bring it!!!,1
"#3DT begins THiS Thursday at the ""S.E.C"" #SignatureEventCenter 2001 South Lumpkin RD $3 w/ College ID $5 w/ regular ID til 11pm!!! #iParty",0
"These are 3 new Avril Lavigne songs from the 5th album: 1. HUSH HUSH: Songwriter/Composer: David Hodges,Chad Kroeger & Avril Lavigne.",0
This is last year when Roger Sanchez took over SET Nightclub... this saturday he invades Space Miami! http://t.co/6sKk4SjY,0
I go on channel 7 to see what the weather is gonna be like tomorrow and   Taylor Swift singing.. #EEWWW #GETOFFMYTV,-1
"Tong , Mew , Ying , Donut , Tang/June , Sunee , Korn , X , everything lah i love all the cast hehehe",1
@nick_hendren prob not till Schuler gets back. I'm moving to Knoxville in January so it'll be the last one for a while I feel like,0
IOC mulls Armstrong bronze - SBS: The International Olympic Committee (IOC) on Thursday said it had ... http://t.co/tIKEuaAh #london2012,0
Don't forget to get your self out to BettyVirginia Park tomorrow @ 10am for the Kickball Tournament! #IPittyTheFoolThatCantKickItOldSchool,1
"Awesome wedding shoot in Amsterdam today, excited fot the next one on Saturday in a castle in Utrecht... previews coming soon....",1
@PaperChasinAL: Damn next Saturday tho Niggas was trynna get shit over with #early,-1
Paul George with a silky smooth 1st Q #PacerNation,0
"Liz is kinda dumb when it comes to men. DNA swapping isn't even bad in Port Charles, it's just called Tuesday. #GH",-1
(Droid-Life) Additional Confirmation that the DROID Bionic will be Here September 8 http://t.co/M0cIbmK,0
Tomorrow Venus will transit the sun for the last time for the next 105 years. Forecast - #weatherbomb,0
"Lin picks up a loose ball and just trucks Stuckey. Unfortunately, that's not allowed, to bench with 4th foul as Pistons reclaim lead, 67-65.",-1
Heavy rain over parts of NE. Some showers in CNY. Any sun? How about the weekend? Your forecast FIRST at 4am on NBC-3! http://t.co/gwxw8wCH,0
"On Sunday Come to @NikkiBeachMiami - Jason Vernau - Say ""TRAVIS's LIST"" at the Door for FREE Entry 4pm-Midnight or Reduced $10 Midnight-2am",0
@alisonboner yeah KJ sent an email out yesterday with info and she said she'll Follow up with another email tomorrow with the details,0
Can someone give me a lift from pope pius school to hillsborough on Tuesday night at about 7:30 please! ANYONE! Money will be involved!!!,0
Bolton Society for Blind People are bringing Vegas to Bolton with a Charity Dinner on 23 Sep http://t.co/4mvokMM Please RT xx #BSBP,0
@TimmyHillRacer Good luck in the NNS race tomorrow! I'll be cheering you on as always!! :),1
Oooh yha and the DMC and A$AP ROCKY one is 2-4th,1
Bird on the Wire is one of the 1st songs I learned as a child. And now daddy and I go see Leonard Cohen! http://t.co/pvANSpi6,0
Tjo today I heard that Eskom's rebate is untill march for the solar. Its nice to be connected,1
Why every time twitter email me saying we found pple you may know its a bunch of niggas....where the hoes at @Twitter ?,-1
"Ecuador worried about Assange's health - Ecuador says it is concerned about the health of the Wikileaks founder, Jul... http://t.co/hIsB8WVg",-1
@Hopesolofans1 @hopesolo I hope my iPhone gets service tonite to find out about DWTS cause I have no power from the storm. No tv no nuttin,-1
Anybody want Carrie underwood tickets for Saturday night in Charlotte??,0
@KROQnK9s You are talking to a Wiener National Pro! My dog Kramer was 2nd fastest wiener in the west. He even had a show on Animal Planet!,1
On to the 3rd movie - Acts of Valor. This time we have corn dogs.,0
"@sesdsports: According to reporters on the scene, Lions rookie RB Mikel Leshoure was carted off field today with a left leg injury. Sry bro",-1
@bbberb not necessarily. In Nevada it may help Obama because its one less vote for Romney. But I know what you mean hah.,0
You may think you've tried them all but I'll bet you haven't tried taking on The Challenge... Stop wasting time... http://t.co/wZNp9F99,1
Chicago: Go see @TiffanyJ_Curtis:  #lovesgotaholdonme #Sat October 27th 7p at the #HaroldWashingonCulCntr 47th & King Dr.,0
The Business Leader's Award ceremony will be held during the @wef annual meeting in Davos on the  25 January 2013! http://t.co/YI4r8UFM,0
Protest march in Mexico City against drug war. 'I want justice for my murdered son' #drugs #cannabis @BBCBreaking http://t.co/YwYDFQ6,-1
@YoungDriver92 1st George Clooney 2nd Joseph Gordon (older and younger ) Winky face with a capital D,0
Bale doesnt celebrate his goal but races over cuddling Dempsey on the 2nd. Illustrates perfectly the bullshitting spotlight whores they are.,-1
"@muse, @russellhoward AND @kylieminogue all on The Jonathan Ross show tonight = Terrif sat night in! Well done @wossy. #Toofunny",1
@iSOLEDmysole imma check it out then wait till the Carter IV drop on the 29th before I make a decision like that one lol,0
Sometimes you just got to put the Michael Jackson song from Free Willy on repeat all morning.,1
Support: We're excited that Stan Walker & advocates are running for the kids The Sun-Herald City2Surf soon!... http://t.co/QkDtdwq0,1
Monday morning CalTrain ride from home to work is always to short. I know that I may be in the minority with that opinion.  #fb,-1
Red Cross: Syria is now in civil war: The International Committee of the Red Cross said on Sunday it now conside... http://t.co/qwrqMUY4,0
My teachers call themselves givng us candy....wasn't even the GOOD stuff. I might go to Walmart or CVS tomorrow/,-1
"On Sunday please watch Sarah G Live, one of Myrtle`s dream will come true - together with Melai, Myrtle will having a song number with sarah",1
"Was going to watch Brooklyn Nets - New York Knicks tonight but it got postponed, Knicks gonna get butt-fucked by Miami tomorrow :(",-1
"Now that Droid Bionic is finally ""official"" for 9/8, I'll just wait til Oct so I have something to compare it to. Vigor or Prime maybe?",0
"Join Richard, Estella, Sophia, TJ, and Erwin this Friday at the CCP! Tickets: P600/P800 (VIP). Contact 09109839513 now! http://t.co/cbmt19GC",0
Last day to buy SPC cards is tomorrow! Please support so we're able to give you an awesome Halloween!,1
"Acta on Choo getting thrown out at 2B with 1 out and down by 2 in 9th. ""You have give the tying run a chance to come to the plate.""",-1
The #LAKings hve been so good on #NHL13 that the real team might disappoint me. Jeff carter has 43 goals thru January. #IsThatPossible,1
"@finefoodgirl SBS popped it into an earlier time slot, across 3 weeks- so I missed the 1st one- (maddening!) but watched online- was v good.",1
"Tressa and libby are here but we split up today and we will meet up tomorrow night.I like it here, its alot like Minnesota.",1
Soccer Saturday with our son. They're playing the hardest team in the league. Then the All-star game. #proudparents,1
"Typical Sat with the team (@ NJ National Guard Armory for Meek Mill, Machine Gun Kelly, Vado and Funkmaster Flex) http://t.co/LTgpadc9",0
@25whitney if you don't by break time tomorrow that is my second team!   I would already have them if Gary Carter was in the set...,0
"STAR's office hours are in SCC room 324 Sunday and Monday: 1-8pm, Tuesday-Thursday 1-9pm Come talk to us about anything!",0
"@redboy21 tbf it is, Hodgson currently has the same record as Capello and Hoddle but a better defensive. This is his 11th game in",1
"@p4_da_PRINCE @lakers SACRAMENTO KINGS, we just beat y'all Sunday and thurs night so what it was preseason won me some money. Nov11",1
I have to pay attention what to ask the Universe: Tomorrow starting a course on Astrology and its Antroposophical interpretations. :-o,0
"@jaredgriffith28 ohh cool, start going to FCA on Thursday mornings!",1
Hey everyone! If you are competing in districts at Lake Braddock on Monday you need to make sure to do the DECA test by 5pm tomorrow!!,0
2nd night Parker has been on it ..boy oh boy,-1
"I'm going to bed after this last episode of Family Guy .. I've been hella tired, && I'ma get all the sleep I can stand in before Thursday",-1
It's like Groundhog Day. 2nd day here. (@ Chirping Chicken) http://t.co/WvOOqxZw,0
Gerald Green will show on a good team that he's more than just a dunker. Kid can do it all. 2nd biggest surprise behind JLin  #NBArank,1
Sam Loco Efe (Nigeria Nollyhood star) is dead.  We are still mourning Christy Essien now it is Sam Loco's turn. May his soul RIP. #jhub,-1
Kinder Morgan (KMI) said Friday it agrees to pay $110M to settle investors' lawsuits related to its ac... http://t.co/u5I6NeYg $KMI,1
Ole boy who preached Sunday looked like david ruffin from the temptations,0
I wish I was in Bolton tonight :(,-1
@agiamba Capello had a draw in his 4th game with Juve in the Serie A (2004/2005).,0
Don't get me on the topic of Andrew Breitbart again. I cried like a child last Saturday.,-1
"Planned maintenance for the PlayStation Network scheduled for Monday, October 15th from 4AM to 4PM Pacific Time 7AM to 7PM Eastern#reminder",0
"Ask for Lil Wayne, get Michael Jackson. Bug me about Wiz Khalifa, get Guns & Roses. The point of the night is to step outside the matrix..",-1
Im sad. My shorts dont smell like Vanessa anymore:(I sat there sniffing it cuz it smelled like her I need her to wash it again #MacAndCheese,-1
@_RonDonGQ damn brah it was good too! We play the Knicks tomorrow,1
"I dreamt I sat with @MaryRobinette at a Star Wars event, eating @Alinea's Lamb 86, watching James Lipton interview Ralph McQuarrie.",0
Will anyone of you go on the One Direction concert on April 1st 2013 in London O2 arena? :) x,0
"Gotta love being Catholic, sitting in a Lutheran church on reformation Sunday. I guess the Catholics pushed it with the whole ""pay"" for sin",1
I get to Procter the PSAT with my homie @KimaniAH tomorrow!!! It only took them three years to partner us up lol,1
@Gridler What happened at the Spurs game last night mate?,0
My Gosh! Nandito ako na NIA 3 ang guess what? Andito si Mon Tulfo!! Lolokohin ko nga! Hahaha #AnnabelleEnglish101 i shall play with him!,1
"Hello there, I hear that the stinking working class,were rioting in London last night, do you see why I'm in Italy, bloody Rif Raf.Hear Hear",-1
@EdFrankovic so they should've ran the ball on 3rd & 7? Blame Cam all U want but Flacco is the problem. Elite QBs dont have games like that,-1
Watching David Letterman with no audience but playing like they are still there is the 2nd most brilliant thing I've seen tonight.,1
"On this Friday morning, as I await news of my fate, I want you all to know that Turbo Lover is my favourite Judas Priest song.",1
Bucs play pats tonight let's go Tampa bay!,0
Up next we'll be joined by Sunderland striker Louis Saha as we continue to build up to #safc v #lfc at the Stadium of Light tomorrow evening,0
"Final Destination 5 opens Friday. If it does well, they'll film ""FD6"" and ""FD7."" So it's really more like ""Qualifying Heat Destination 5.""",0
August 11th 2010 Was the day I met Mitch... I regret not taking a picture with him. Fuck. I'll miss going to SS shows.... </3,-1
"Egypt's Morsi gets red carpet welcome in Iran: TEHRAN, Aug 29: Egypt's Mohamed Morsi is in Iran for the first visit... http://t.co/LG2oLqrs",1
@onedirection April 1st I'm gonna see you guys in London O2 Arena! Can't wait! xx,1
"@_Joe_Ross starting to think it may be Acta now, but having a guy like Hentgen would be great",1
Meet the Amazing Race Philippines contestants. Watch it on TV5 starting tomorrow. I am excited for this show.  http://t.co/ttNsEmxt,1
"@mindykaling is it just me or does ""Danny"" seem a lot like Billy Crystal in the first 1/3rd of When Harry Met Sally?",0
"THIIISSSS MOFO wants me to go to Auburn's 1st day of practice, I'm going to be the only person booing!",0
What's going on tonight in Detroit...,0
Caught up on True Blood!! I love it... Now time for bed! Night peeps.. be safe tonight :)!!!,1
@FrankGravagna real ones are avail about a month or so b4 Mardi Gras (Day B4 Ash Wed),0
Pentagon open to more than just #Blackberry?  iOS and Android may make an appearance. http://t.co/qUaLO020,0
"Noel Gallagher: ""Musicians are fucking idiots."" - Yeah, Brian May - he's an idiot... an idiot who just so happens to be a professor?",-1
@stoney16 @JeffMossDSR I'd recommend just turning it off and waiting for Verlander tomorrow.,-1
New Show | Starkville: Big KRIT and guests. October 10. Ricks Cafe. Tickets on sale Friday at 10am. http://t.co/1GmhQ2nw. Spread it!,0
This bitch @backyardbetty just put frog back on Lmfao throw back Thursday,-1
Cupid and Psyche isn't an original Greek myth. It was a story in The Golden Ass by Apuleius and often cited as the 1st Fairy Tale.,0
"Can't watch Rafa's ""I'll be back"" video til the end, it's too heartbreaking :( plus it just reminded me he was up 5/1 in AO 5th set...",-1
"Watching ""Good Deeds"" for the 1st time & I'm here all emotional & crap. Smh",-1
was sat watching Degrassi then came to the realisation that Little Things will be aired in a while.,0
Kendrick Lamar may arguably have the best hip hop album of the year in my opinion,1
Hope everybody enjoyed Ben Amos at Welton on Monday? Don't forget @DWindass10 will be at market weighton this coming Monday the 1st,1
"Why I decided to watch The Notebook for the first time alone at midnight on a Thursday is beyond me, can't stop crying http://t.co/vnWcr3J5",-1
"Holy drunk! Wine, Johnny walker and beer are not a great combo esp on a Thursday night to many emotions too much sadness, calling it a night",-1
Me & Amanda going to New Orleans in February for Mardis Gras <3333,0
"Inter, Roma keep pace with wins: Inter Milan kept pace with Serie A leaders Juventus after seeing off Catania 2-0 at the San Siro on Sunday.",0
@o0ToucH0o we dont care about Carling Cup! Save it for #Looserpool! Yeah we lose also i wont be crying all night long on wednesday night!,-1
"@BravoLacy David Taylor?  A few yrs ago, whn he 1st came 2 stl, he went by apostle. My hubs used 2 play for his services.",0
Are you all ready for Roger Sanchez this Friday at HQ Nightclub!!! HMU at 609-335-3062 for table reservations and details!!!!,1
Pastor Winans will always be cool wit me because 'Tomorrow' by the Winans is one of my fav gospel songs!  And he sent my Nippy home right!,1
Endymion for the 4th time i blieve.! ahaha #TeamOrjan #CLHRDay,0
@asht0nizzle @susan_leperaxo Tomm and Sunday most likely. Not sure when I'm going back. No power in NJ,-1
"@HOPE_forHippies Hell yea lmfaoo , & see you tomorrow Asia baby (;",1
Can it please be Wednesday and POTUS has been re elected. Then we can move this country #Forward!,0
"RT@NBCNews A dramatic hearing today in the case of Amanda Knox, the American woman convicted of murder in Italy. STORY: http://t.co/WJJDNEqW",0
"@AndrewWK I'm going to be at your Santos Party House this Saturday for the ""Weird by Weird Standards"" party. Stop by and we'll rage!!",1
"Studio tomorrow, all I can think about. Chillin with homies and working on new music",1
At the end of the third the New Mexico Stars lead the Wichita Wild 39-34. Any guesses how the 4th quarter will shake out?,0
"Who are the dumb asses who decided to shutdown Main St on a Friday for a town of 50,000+ for a Strawberry Festival",-1
Watched The Wiggles for the 1st time.  Was embarrassed for those men & then I remembered that they are probably FILTHY RICH. #parenting,-1
Euro Parliament may freeze contacts with Duma until Russia holds free and fair elections   - Breaking News Buzz http://t.co/2POdgLyU,0
"Mommy said I HAVE to go to Maxwell Monday , lmfaoooo the fuck I don't",-1
"@DeanteT the 1st thing that came to mind was something from Flatbush Zombies hahaha or omg, Biz Markie. OR Ol' Dirty Bastard >:)",1
@m11kte Won't see me :( I'm off to Bolton later today for the weekend. Typical timing as ever!,-1
@Mark_Sanchez Here's a pic of my son before we took him to see you at Training Camp today! He's really a Sanchez too! http://t.co/MGcB7rH,1
Zionsville students did well on ISTEP! See the results and quotes from school superintendent Scott Robison in tomorrow's paper!,1
November 21 Yung Nation going to be in Monroe at the club its high school night,0
"@Cerullean, thnx for the follow! The Chronicles of Jan sound hilarious! Love the tribe of Periscopes. Very Douglas Adams.",1
Snow may fall for parts of CNY the next few days. Find out where the best chances will be at 6:42 am on TV & online: http://t.co/F0Kb0gqD,0
"My body is exhausted. I walked from 79th and Jeffery to the lakefront, where i accidentally sat on dead fish, to 55th and King Dr. and back.",-1
"I can not change yesterday. I can only make the most to day, and look with hope toward tomorrow. (Anonymous)",-1
RT @imthereal_LD: ESPN got some good stuff on tonight.,1
"If there were a category for best drunk acting in the Oscars, this 21st birthday girl might edge out Mary Elizabeth Winstead. #magicmike",0
"Played Dishonored (360), Darksiders 2 (360) and Mass Effect 3 (360) in the last 24 hours. http://t.co/sJGYXZsG",0
I wonder what Cortese is thinking after watching that 1st half of total wank? As for Boruc you are a disgrace and a complete TWAT. #saintsfc,-1
V-P nominee Jaswant likely to meet Jayalalithaa on August 6: 'Some of our leaders are also in touch with ... http://t.co/UYVk8Rv4 #india,0
"Weird thing today, my copy of Deus Ex: HR shipped. Probaby have the box a few days before Steam lets me play it.",1
Heavy morning traffic on the Brooklyn Bridge at 6 am. I just want to say... I love New York City.,1
Got nothing going on friday night? Good cause now you do! Come on down Black Forest in Eugene. If 100 people show... http://t.co/aE4Epm78,1
KLUB ACE!!! Klub ACE !!! This SATURDAY!!! $5  with ur college id til 11:30,0
I stay up til 6:30 every morning just to watch Between the Lions.,0
March 3rd 2010 -Do you think Kevin Rudd is superficial? Yes 85.3%(6513 votes) No 14.7%(1122 votes) Rudd being revealed as a failure #auspol,-1
About to watch the 2nd half of season 2 of Breaking Bad on my long flight to Hong Kong #buzzin,0
"RT @iAmOshun ""Truth is like the sun. You can shut it out for a time, but it ain't goin' away."", Elvis Presley",0
@teenystweeting see you tomorrow in Port Charles hope you're enjoying Big Brother :),1
RT @arodsf: no way to underestimate the madness and cynicism and frank and open loathing of country that characterizes today's Republicans,-1
"it's wednesday ! @PiscesLikeJosh ""Wookiee Photo"" funny ! @joshgroban - What Makes You Beautiful - One Direction cover: http://t.co/R4RpeSZi",1
@Raiders_Spurs Reggie isn't interested in dealing picks like the old regime.  Can't see him parting with anything other than a 6th or 7th,-1
"I know I'm only on the 4th season of OTH, but I don't understand why everyone loves Lucas Scott. He pisses me off.",-1
"Jets flying low over the house this morning. Gives me a tingle of excitement. Only a week to go before I take off. But 4now, out in2 cold.",1
"PSA: Since I got my cast off, I will be taking my 2K talents to the Playstation Network and asking for names to play me Saturday morning!",0
"i always cry wen i listen to Avril singing Tomorrow in Dublin,i just remember everything bad happened to me :/",-1
"For how long, i might be in NJ then?RT @FoolishInApril: @blove402 Thursday Night the 13th of Dec.",0
Monday Night Football #TeamTexans all day & tomorrow... #MNS,0
Egypt&#039;s President Mohamed Morsi on Monday pardoned all those arrested between the start of the revolution t ...  http://t.co/EMfVHoTu,1
"tomorrow gonna be hell yall. though, i am going to the golden modes in chapel hill!",0
@SdotBell son I saw a house last night was 1.9 mil behind hella trees that looked like the palace from Aladdin no bullshit lol,0
An emotionally intelligent organisation through mindfulness? Find out how with @GetSIYLI in San Fran in Dec https://t.co/B3pbUTRU pls RT!,1
"All humans are entrepreneurs - Reid Hoffman in ""The startup of you"" http://t.co/epGAY1r0",0
@SlaNiesse2 Happy 4th Monthsary SlaNiesse!! ;) Wishing you guys more more months and years together. Stay strong for Slater and Deniesse! ;),1
Yay tomorrow I'll be going to Putrajaya for a walk. Woweee.,1
The posters for Need/Want/Crave have arrived & will be up at the Leicester Square Theatre from tomorrow or Friday. Just under a month to go.,0
"#Entertaining football at White Hart Lane, just the dosage i needed on a rainy Saturday afternoon.",1
"@tendersociety Pancake mix /does/ keep for a long time! (Pancakes tomorrow morning, then build a quake kit for #ShakeOut day?)",0
"Will the so cal earthquake hit already, so it doesn't hit during Summerslam or next weeks Monday night raw #earthquake",0
"RT @robertfreedland: So Tomorrow Morning, wherever you are, think of us here in Wisconsin as we fight once again to restore Democracy to ...",0
"I may need a co-owner but she has to be good in english, and to post a lot of Lou, Lux, Tom, etc.. pics ! :)",1
@HotspurRelated im just a 19 year old still on loan for the 3rd time at coventry 79 overall hopefully when i return bale will still be ther,0
#jeopardy Where everyone will be watching the Ravens vs Eagles game THIS Thursday... What is @PlaybookMD ?  #goodAnswer,0
Went to the strawberry festival with my babe earlier today and now being lazy. Maybe a dinner date tonight to top off this perfect Sunday :),1
"WPPI and Vegas bound, but have to be up tomorrow at 5:30AM, S.O.L....Maybe catch some ZZ's on the plane.",0
"It's fucking Friday! So it's only right to bump ""Friday"" by Flatbush Zombies at ignorant levels",-1
On the 7 hour journey from uni to St.James Park - my real home. Come on Newcastle!! My 1st European night at SJP #nufc #brugge,0
Guarantee Gaga debuts her new single at the Grammys in February. Not opposed even though its agesssss away.,0
Can't wait for skyfall 1st of Nov! Is listening to the OST on spotify considered a spoiler? I =P #fb,1
Being addicted to temple Run may be the worst thing that's happened to me haha.,-1
@RecoBeco The Inbetweeners Movie + Cowboys and Aliens are both out on mid-week release today. Either of those luring you through our doors?,0
Ready to see the Lakers tomorrow,0
@thomas_edison Doing a show in Amsterdam? Would love to see you guys play live soon! I might be in amsterdam Saturday night,1
"**(DM)** ME THE 1ST  THING THAT COMES TO UR HEAD! WHEN U HEAR SOME1 SAY: One Direction, Harry,Louis,Zayn,Niall or Liam the boys",0
"RT @CRonaldoTeam: According to Marca, Neymar will be moving to Real Madrid in December 2 days after the Club World Cup.",0
"if Twilight wins all the awards at the TCA's tonight, I will burn my Twilight posters k? ok.",-1
"even though there is rampage tonight, a gig tomorrow the best thing about my weekend will be seeing @nikkitopping #loveyou",1
#Trayvon My daily tweet (10/05) in memory of Trayvon Martin - killed 223 days ago. ~May you Rest in Peace~ (Thoughts of love to family),-1
"@krisbear16 yesss,, omg!!! i think Myungsoo in my 2nd place after Gyu, he's replacing Hoya now",1
Rivers throw a pick on 3rd and goal. Everyone here thought they would run the ball. Bolts lead 10-0 at half.,0
So I have a red eye flight home from CA Sat. night at 1AM PST w/ layover in Dallas on CST along  with the clocks being pushed back an hour.,-1
"Pictures of the day: 18 October 2012: A playful Amazon river dolphin, Usain Bolt's shoes and Mick Jagger. http://t.co/Ogfzm25l",1
@HBBlanks @kaycegilman20 sparks fly by Taylor swift may or may not have been in the background. It was moment I'll never forget lol,1
US President wannabe Rick Santorum won the Louisiana primary on Saturday   - Breaking News Buzz http://t.co/0zcbdnK4,0
Mass tomorrow then Retreat Friday with da homie @bradychant,0
The Knicks are practicing tomorrow now that their game against the Nets is postponed.,0
Zimmerman to appear in court: A notice to appear was filed Thursday in the case against George Zimmerman. http://t.co/qOhwpzcr,0
"@AntonioBrown84 Got you in 6th rd. Have a great year! Here we go Steelers, here we go!",1
@BabbleEmporium flying home tonight and arriving monday! At Florida Mall atm but got txt from BA saying its delayed til 2am! #peak,0
Hey Daryl! Great connecting at Anti #Fracking Colorado. Excited to have you in next issue. Deadline is Nov 15th. @dhlovelife,1
I would be surprised if Tha Carter IV was anything greater than shit...hope I'm proved wrong but the 1st 3 singles are doo doo,-1
It's that time of year again!! The Plains and the smell of Saturday morning tailgates..it's Auburn football season!! #wareagle,1
"Anybody want 2 tickets to Jack White tomorrow at Ally Pally? Stuck in Matlock, can't make it. Contact me!",-1
@piersmorgan @flintoff11 Reminded you of Arsenal's traditional Februray-April breakdown? Get off your high horse...,-1
"@ProducerKal The schools are also in the middle of ISTEP testing, so they may not be able to get back to you yet",-1
Pakistan Cricket Board hopeful of Bangladesh visit: Karachi: Pakistan's cricket board said on Sunday it hopes to... http://t.co/7TBE9Vd4,1
"On 17th anniversary of Rabin assassination, Netanyahu calls murder 'one of the worst crimes of the new age' http://t.co/y2tU91dN",-1
"Ghetto at the Center of the World: Chungking Mansions, Hong Kong http://t.co/QG3gTjaL",0
@rbusch17: The Anaheim Ducks are interested in Sam Gagner of the Edmonton Oilers. Could be part of a trade for the Ducks 1st round pick,0
DMV I will be Performing LIVE @ DC Star this Saturday w/ Big and the Band shout to Sunshine + Bennyt,1
Winter Storm Watch in effect for parts of the mountains- including Asheville- from Monday morning to late Tuesday. #avl #wnc #sandy,0
"Whoop Whoop it is Kids Eat Free Wednesday!! Swing into O'Briens Irish Pub | Plant City, tonight for Kids Eat free... http://t.co/tFTmBaUr",1
"@DickieV Stick to college hoops & pandering to 2nd rate ACC teams... Dook's opening game is right around the corner, baybeeee!!",1
Francesco Totti thinks Roma will be unable to catch Juventus & wants the #SerieA side to aim for 3rd this season http://t.co/13FxCEbw,-1
"Why horrible why does the Rugby World Cup have to be here in October? I'm gonna be battling my bday, Soul Punk and people running in circles",-1
@BornIn_ASIA no because asia told me it was the 14th and now its to late .,0
@spinenumber408 Then I will refrain from telling you about my plan to watch Mysterious Island with my son tomorrow night.  (He's 6),0
"So far I have drafted Aaron Rodgers at #9 overall, and then at #16 in the 2nd round, Matt Forte. Not bad.",1
http://t.co/LU533wG7 vote for UT for college game day visiting. We are 10th and Texas A&m is #1. Get on it,1
5th floor Paterno with @Nessa_Sassy @NellyBeee_ @frecklejuice93...promise we're going to be productive from now on.,0
1st time I bring my phone to Harold Washington & it goes off! :/,-1
Early Voting is open check out the Mommy Forum for a list of locations to get your votes in before Super Tuesday!... http://t.co/KNVTNu5q,0
"Homegrown talent missing on Signing Day: Throughout most of the day on Wednesday, the video scoreboard ... http://t.co/6dZ2hQkD #Raleigh",-1
Who's going to be cool and be at church tonight @ 6:30?,0
"February 13th, the day before and best buddy to valentines day, Desperation Day",1
ima go see LAMB OF GOD tomorrow in hollyWEED. come get punched in the fuckin face in the pit,-1
Dallas Mavericks 1st Round Draft Pick Jared Cunningham could be heading to the D League when the season starts (Source: ESPN),0
Sitting next to Reid Hoffman's 2nd cousin at @PandoMonthly. He's a landscape architect to the stars :) #sonotintech,1
@LNT_music  is having a show nov 10th @ the House Of Blues friends or anybody HMU if u want to go Thanks :),0
"@JaggerHope91 oiler fans are unhappy with, 45 points each season, Gagner as their 2nd line C. Habs fans should hate 28 point Eller as a 2C.",-1
"Greeting Kobe is to mainstream! So I'll just greet Jeremy lin, HAPPY 24th Birthday Jlin @jerrrmy :))))",1
Vh1 is going to kill friday after next,1
so Verlander is starting tomorrow against the Indians and I HAVE to stay over at work. booooooo,-1
Storms are starting to pop. Storm motion today in Tampa Bay is NW at 10-15mph so if you see dark skies to your SE...,0
"@GodssGift__ lmao how old are you? Club bodi should be live on sunday, its 18+ tho",0
"This Saturday, Cherry Moon will burst with some RAW beatzzz from the masters. You like it RAW??? http://t.co/NlzcWw2Y",0
"@CXClausen If you can wait until tomorrow, Cowboys and Aliens comes out.",0
"@realrominarey Way to go.  I dropped my ballot marked OBAMA off on Wednesday in Colorado, gives you a good feeling.  I hope CO goes OBAMA.",1
@PartyMiami247: THE DONKEY SHOW OPENING TOMORROW at the ADRIENNE ARSHT CENTER @ArshtCenter GET YOUR TICKETS TODAY http://t.co/TztF8riS,0
"Olive Garden's Dinner Today & Dinner Tomorrow special, for the person who thinks ""Hey, that was terrible! Wonder what it's like microwaved?""",-1
Watched Act of Valor for the 3rd time and almost cried again!! I love dat movie!!,1
Pretty upset I'm not goin to see the jets practice tomorrow /:,-1
Reading The Sun and watching Jeremy Kyle. Where did it all go wrong? Better do some work. #ashamed,-1
Fraud fears as IEBC turns to old poll kit: The electoral commission on Wednesday said it will take measures to e... http://t.co/qpItUlBn,-1
Today's future of news wood: free Hawkeye Lego toy on the cover of Murdoch's Sun http://t.co/IMaC62VH,0
Iam not sure if #Reggie realizes this but statistically Gary Carter is the 4th greatest catcher in the 100+ years of baseball #8 #kid #lgm,1
"Bucks backcourt mates Brandon Jennings and Monta Ellis had a ""little brother-big brother"" talk on Sunday, as Jennings described it.",0
"All Blue and White fam, we r meeting at Golden Corral for dinner tonight at 6pm....",0
Ganda din pala ng Unofficially Yours :) may pagkafriends with benefits! But the thing na ganda ng pagkaarte ni JohnLlyod and Angel! EPIC! :),0
but my bday is tomorrow and i have to spend it in Natchitoches away from my family<<<<<<<<<<<<<<<,-1
"The LionsXII will face ATM FA on 5 October, in the first leg of Semi-Finals at Jalan Besar Stadium! http://t.co/KvOkZG2q",0
"@BlkSportsOnline I wrote this earlier, do you agree that KG may be a less likeable Ray Lewis? http://t.co/LegSwA9x",0
"So dry, liquidambar is dropping leaves. Keeps threatening rain, but then we just get a shower.By contrast Scotland to get up to 4"" tomorrow",-1
"Sept 11th, Sunday Night Football, Cowboys vs. Jets... OH BOY OH BOY, I can't wait to see the Cowboys ruin the jets opening day!",1
Is it April Fool's Day?  Real Madrid signs 7-year-old Argentine prospect Leo - ESPN http://es.pn/ooXPiz,-1
Officially confirmed: Tom Boonen will ride at the Olympics this Saturday,0
"Even if you're totally over the whole political process and don't feel like going out on Super Tuesday, remember... http://t.co/QQicyNWU",0
Back and forth at Baylor Ballpark. Dan Evatt 2 RBI single gives #Baylor a 6-5 lead over Texas A&M in the bottom of the 6th.,0
"Check out the Senior Bowl's 1st ""Scouter's Delight"": http://t.co/4XzHcut6",0
"@Bob_Stauffer IMO with Gagner as you develop depth, 89 would slot nice as a 3rd centre.",1
Realising the Brighton game is on Sky tomorrow has made my day #BHAFC #misstheAmex,1
60 Mile cycle ride today. Been sat on that seat for so long my arse feels like its been spiked with Rohypnol by a Redneck #ouch,-1
Animal Planet has a show that just shows puppies...guess I know how I'm spending my saturday's for the next 20 years or so.,0
"The best thing about Walking Dead returning is it means Spartacus will be back soon too! (Dammit, Starz site says January)",1
"Congrats to client @drcasio for his TV debut on Big Brother's Bit on the Side last night, analysing social media mentions of housemates",1
I just remembered 'Niggas In Paris' is a song. DELIGHTED! What a SATURDAY!  #positivetroll,1
NFL News: New York Giants: Game-by-Game Predictions for the 2nd Half of the Season http://t.co/athFE77c #Football #NFL #NFCEast,0
@Malta73 I can't even try now cuz it closed at 10pm.. Funny though Maria said u guys may go away that week? I had asked if she wanted to go,-1
"Updated #PackinSpain blog with some stat totals, like Lorenzo Brown and C.J. Leslie with double-doubles: http://t.co/YkzyDc8z",0
@whiteboytatted @PaperChaseEnt_ y'all tryna fuck with Chapel Hill tomorrow night???,-1
"Team Rita, oh you fancy huh?  2nd place, trophies, eatin' at the Blackwell  2nd place, trophies, eatin' at the Blackwell. Oh you fancy huh?",-1
"@echelleprakash 1st its like Imma play Headlock, and then Safe and Sound, and now you gonna play All Star. hmmmm",0
I feel like Hammond would be the only school in the county that would make us come to school tomorrow.,0
Summerslam may be interesting after all! @cmpunk saves the day again. #Raw,1
MVC weekly release with playoff scenarios. UCA can finish no higher than 5th and no lower than 6th: http://t.co/qhkM6p5Q,0
"Lemon drizzle cake man gave me a free latte, and it's possibly the best latte I've ever had. I'll be back tomorrow to give him all my money.",1
@TheFalcoholic Why. Do you really want the Falcons to go to Chicago in Jan for the NFC Championship game. GO LIONS.,1
"Harris English, a #pgatour rookie, playing in his first @THEPLAYERSChamp, started his Saturday by plunking a marshal on the head #ouch",-1
SHHHHHH secret party! TONIGHT! Meet at the Brooklyn Bridge http://t.co/gPruFtl,0
@GuillemBalague @SkySports He has 3 years left on his deal so AFC's resistance may be to strong. Where do you predict Espanyol will finish?,-1
"This Friday, the new film ""Occupy Unmasked"" opens; a guided tour of the OWS movement hosted by Andrew Breitbart.... http://t.co/EHCeQk7r",0
"Shaquille O'Neal All-Star comedy jam @ DAR Constitution Hall Sat. 8pm Nov 3, 2012 Washington DC.. Looks like it will be a great show!!",1
"I'm late but, I just watched ""Good Deeds"" for the 1st time. Awesome movie! Cried thru most of it. Turned 30 and got sensitive as hell.",1
"Rockets today with NEW team of Asik, Jeremy Lin, and James harden!!!! watching only 1st quarter then leaving to and party",0
All I know is Marana girls are bad as fuck and white if the ones at the party I went to with jaylon on Saturday were Marana tigers.,-1
Aye if u guys like basketball the NBA League pass is free for November 6th find the channels on Comcast or Direct TV,1
@JacintoPatricio yes they seem to be in quite a mess at BCFC hope you beat Spurs tomorrow,-1
Game 3 tomorrow!!! I'm excited in this shit than the coming pro bowl  haha,1
"Happy 13th birthday to one of my favorite boys, Zachary! He's growing up so fast, he's almost as tall as me. http://t.co/Gaiu45XA",1
Mack sure you check out @carolinakidz1 and @Trilla_Guapo this Saturday @ Club Bodi,0
State Farm agent Scott Keller placed 53rd today of all 1st year agents in the US! A pool of some 1500 agents. #top100,0
Here's all you need to know about upcoming #lebronX drops http://t.co/yZI3i4Yh. Thursday marks two launches Blue Diamond & Jade. #teamlebron,0
"Congrats to Trey Haley, Shawn Armstrong (@SArmstrong90), and Alex Monsalve for being named to the AFL's Rising Stars team. Game is Sat @ 8pm",1
hahahaha spanish people and Nadal's box all smiling after the break in the 5th set HAHAHAHAHAHA #rewatchingAOfinal,1
@x0KaeLyn Thank youuuuuuu <3 Wanna come over tomorrow after 5 or wanna wait for me at Monroe with Grace Jurrel so we can get ~~~~~,1
"out Castle sun. and staying there until Tues. Mother said ""It aint safe up dere in that New York wit Sandy all thru dere"" Fvck you, Sandy.",-1
"@MarkBinda Sunday night isn't a big tv night for me. Besides AR, I was watching Army Wives but I heard a rumor it's not been renewed.",-1
Dont miss this Tonight and tomorrow! BIG Day of the dead celebration!... http://t.co/0G5BAW47,1
"@TonyIPI Dead on point.  U couldn't expect to sweep with Verlander pitching...now if u get lucky tomorrow, its gravy and HUGE.",-1
"Spread the word! The Workshop is Dayton, OH is not cancelled! I will be in Ohio tomorrow & I'll be at the party Saturday Night!",0
NBA league pass till the 6th,0
3rd Mariah song of the night and NOOOOOOOOO. THAT WAS SO BAD. #XFactor,-1
"haha blocked by @Tom_Seagul because its @alan_hinton 2nd account and he backs everything Tom Segal puts up, oh the irony #stoproguetipsters",1
Watching Ghost Rider 2 this is A LOT different from the 1st...,0
Thursday nights just wont be the same without Waterloo Road,0
#Jets #Jetsnation on my way to #NYC.Will be on @SNYtv tonite on JetsInsider at 7pm!Can't wait to talk Jets and #NFL. Everybody check it out!,1
@Vikingdane1 Thinking a bolt action .30-06 may have to be in the cards for Valentine's Day or something.,0
BIG BANG CONCERT IS TOMORROW. OH MY LORD !! BOO HOO HOOOO )': *Cries all the 7 seas*,0
"@MostDumbestLaws: A betrayed wife is legally allowed to kill her adulterous husband, but may only do so with her bare hands. (Hong Kong)",-1
"Heard a great pub rumour last night ""Ireland has started printing punt and has the ability to swap back"" Do we even have a currency press?",1
"The regular-season opener Thursday between the Brooklyn Nets and the New York Knicks, wh... http://t.co/kvPXXch4 :: http://t.co/ZxIgzMCV",0
"Thursday Night Football Open Thread - Buccaneers vs. Vikings: Tonight, the Tampa Bay Buccaneers will take on the... http://t.co/RIPETXV5",0
"RT @danspeerin: Really hoping tonite Lloyd Robertson will ask us to goto the window and yell ""I'm mad as hell and I'm not going to take  ...",-1
"Buffalo Bills' Kyle Williams Misses Practice Thursday: For a second straight day, Buffalo Bills... http://t.co/8AeiukXD #BILLS #NFL",-1
@ahmedthalib waheed proposed mdp to join the  gov prior CoNI's verdict. 7 feb controversial power transfer refrained mdp joining the govt.,-1
Nigeria may parade a weakened team against Ghana on tuesday as most of the first players are yet to secure UK entry visas,0
"Finished Deus Ex last night.  Should probably stay tight-lipped, but I think I can get away with saying the ending is superb!",1
@nickjonas may your day be full of joy and happiness! Happy Birthday Nick J :),1
The 4th album is on it's way and we didn't even get a tour for Unbroken... :( #AustraliaWantsDemi - Starting to think @ddlovato isn't coming,-1
"RT @sandeepmakam: rally at gandhi statue, marina beach at 5 PM today. join the IACC & show your solidarity with anna hazare. pls RT & ma ...",0
Don;t forget to go the CVS tomorrow and get the Viagara. We both know you need all the encouragement you can get!!!Dreams and Visions boo:(,0
Protest against the Mitch Daniels Purdue Presidential nomination tomorrow @ Loeb Theater 2:30 pm. Bring a friend! #SOAPurdue,-1
Weak D and a penalty set up a short TD run for Eastern.  'Cats 17-14 with 2:08 left in 1st half.,-1
SS but they have really good music and it's a very sad thing that Mitch Lucker died may he rest in peace #RIPMitchLucker,-1
Watch the free sneak peek of the latest season of Family Guy on iTunes today http://ow.ly/6pJt2,0
Gareth Bale has warned his side not to take Norwich City lightly as the two sides prepare to battle in the Capital One Cup on Wednesday.,0
Just got back home. Tired. Hopefully I can 'walkkkkkk' for World Walking Day tomorrow. See you at Putrajaya :),1
I will consider Arsenal to have the potential to win Premier League this season if only they beat Manchester United tomorrow.,1
"A single-vehicle crash early Sunday morning claimed the life of a Selma teen. James Brandon Banks, 19, was... http://t.co/ZANBUvxv",-1
@MeganWitmer that's crazy. I'm more jealous of u going to Joe Pa's grave! I was sad Saturday when I walked past where the statue should be:(,-1
"At this point, Motorola and Verizon may just be allowing the DROID Bionic, one of the most hyped phones in rec... http://t.co/3iTXZuN",0
"@TrustMeImSamin @alyssatbh Rich bitch, come to the game on saturday, iguana will be there C:",0
"hoping Rob Elliot gets his chance too,as much as I love Harper, he was clearly off pace on Monday,Krul would have seen us win 2-0 #nufc #UEL",1
Eagles lead by 27 points going into 4th QTR (iffy 50metre penalty to help tigers). Tigers still with a sniff. #afleaglestigers,0
only 2 more episodes left to watch of Dexter series 1! :D pay day next monday - definatly gonna purchase series 2!!,1
I have Austin n Dallas coming deep to Venue tonight.  HTown...lets show em how we do it out chea,1
"#nowplaying Elvis Presley. Love me tender - just as good as @cerysmatthews version at Solus, Cardiff in November '08",1
Dinner with my dad. And tony Parker with a last second game winning shot. What a great night...just in time to be ruined by 300s tomorrow...,1
@TheBoltonNews Pls RT - Bolton Society for Blind People are bringing Vegas to Bolton with a Charity Dinner on 23 Sep http://t.co/4mvokMM,0
@DariusButler28 Have a great game agaist Tampa Bay tonight.,1
I was sing Tomorrow by the Winans in class and i was told I sound like brian mcknight.....Never got that before,0
They should make february 13th Desperation Day.,-1
why did i just hear some car driving slowly down 24th street blarring.............. Elvis Presley?,-1
Did I just here that Tony Romo played hide and seek at his bachelor party? C'mon son! #dallascowboys #HOP http://t.co/Ttbftch,0
"Tannehill may join Quinn and Rodgers, slide out of Top 20: Texas A&M's Ryan Tannehill will be the third quarterb... http://t.co/78sGLBBi",0
.@FoxNews Amanda Knox who lied repeatedly & cleaned with bleach that morning is no innocent petal,-1
Boarded up and Evacuated: Ritz Carlton at the Battery http://t.co/TfX4RAhI--stayed her with @JasmineAlexis for her 21st bday,0
SOUL TRAIN OCT 27 HALLOWEEN SPECIAL ft T.dot FINEST rocking the mic...CRAZY CACTUS NIGHT CLUB ..ADV ticket $10 wt out costume $15...,1
2 days till Jack White at Alley Pally then I find out the Ruskies need me to work on Saturday. What's is it like to have a personal life?,0
@CheyTiffy morning gorgeous u were rite i thought it was b/slisten to this nicki minaj did hhave domestics http://t.co/5JxlpiC,1
Andrew Breitbart's 1st site was Big Hollywood. He risked every penny he had to promote right-of-center artists willing to help themselves.,1
@NikkiSarai_ How fun! I went to The Bank the first night then LAX the 2nd.,1
@desboobs Breakout Kings went downhill when they killed the black dude first ep of the 2nd season.,-1
Buses in the White Hart Lane & High Road N17 area may be subject to diversion & delays due to Tottenham Hotspur match,-1
looking at the temp outside....hpw did it get hotter as the sun goes down???? Feel like i'm in Vegas just adding humidity,-1
1st I thought he was David Ruffin impersonator. Then I thought he was a backup singer for Miguel. Sn: Your c http://t.co/RkFuDgPP,0
@BradGagnon That would kill me...I'm going to go live in Siberia so I don't get hives every time the sun comes out..,-1
Tonight CSA will announce a new sponsor. Today the Kai Cricket Board played their KFC Mini-Cricket festival and they continue tomorrow in EL,0
World Briefing | Africa: Mali: Red Cross Prepares Food Aid: The International Committee of the Red Cross said Monday that it had star...,0
"My brothers GF is on me to use her Netflix acct, because I love my movies. So I'll all for giving it a try tonight",1
@WoodysGamertag Your mail monday with Fps Russia was such a tease lol,-1
"@BarDownBombs I grew up in Alsip, oak lawn is like my 2nd home. Reason for the city is wifes job at (cont) http://t.co/IsFZAuVh",0
"Not hard to figure out the value in this offer...Mathnasium is offering a free  ""Mathing"" Workshop on Sunday from... http://t.co/JCUiFD2n",0
"RT @zagswsoccer: The Zags hold a 1-0 lead for 84 minutes to beat Boise State and win the Bronco Invite. Goal by Sarah Rhodes, her 3rd of ...",1
Watching the #49ers game from Sunday night and I see why Cliff Avril was throwing fits. He was getting his butt kicked all night,-1
HRT: We have to try and improve the car: Oct.26 (HRT) The Formula 1 World Championship returned to action today ... http://t.co/ysITtmbb,1
"On the news, regarding the ""Marijuana March"" in #Toronto today: ""If you don't hear 'em coming, you'll smell them."" Nice...not.",-1
@asajoseph So you wouldn't have regretted selling Pires after his 1st season? I think it's outlandish to base all your judgement on 1 season,-1
"If @cmpunk holds the WWE Title until the Royal Rumble, he will have held the title for 434 days. Making him the 6th longest reign...",0
Excited about @UseClear for Mac...November 8 can't come soon enough! Clear for iOS + Mac = minimalistic todo list nirvana.,1
Indie bands Family of the Year and White Arrows at Space 301 this Wednesday - check out some new music: http://t.co/ogofSaLl,0
Guy sat opposite me on the train is the spit of Dave Grohl,0
"Hammond: we now have a balanced budget with an affordable equipment programme, backed by what will still be the 4th largest defence budget.",1
Watching the brilliant rick stein making paella on Saturday kitchen live....,0
"@DanStapleton Diablo III post-1.0.4 was very generous. They had an immediate ""maintenance"" after the 1st 24 hours. Generosity gone. *shrug*",0
Perhaps a bit insensitive showing the film Four Lions in the run up to the 9/11 10th anniversary..... #justsaying,-1
"Jeremy Lin picks up his 4th foul, all he does is turn it over!!!! Pistons are hot right now folks!!",1
This may be the best exhibition ever.  @ Barbican Centre http://t.co/PDPhvAYS,1
I saw a photo of Aaron Rodgers with some awesome scruff going on today. Did I mention he was at the White House today? IZ COOL.,1
2nd attempt to head Eastbound in a hurry. On my way to @TheRevivalTour in Cardiff & I'm going to get there one way or the other,0
I am happy to be single but I would love to receive a valentines card on the 14th. It has to be from someone amazing- @justinbieber for eg!,1
I just peed myself: Anthropologie to open Knoxville store http://t.co/HRqbR35x,1
Amazing day today. I can't wait for tomorrow; I get my braces then movie night at my bf's house with Rosa & Jose. YAAAAY.,1
MICCA Tomorrow. My support for the Marching Band is ridiculous. #needstostop #butilovethemsomuch #Itssoearly #EyesWithPride #maybenextyear,1
Uniontown all ready has a 2 hour delay tomorrow smh Brownsville is gonna be the only school that don't have shit,-1
"FCA tomorrow 7:20 AM in the team room, be there.",0
"No sir, I am not about to get on SPC for hiring Young Eli to go out there and entertain them white folks on a Monday night",-1
"Remember when I sat through that horrible show ""Breakout Kings"" just because T-Bag? #worthit",-1
"@WWE You guys realize that Summerslam is THIS Sunday, right?? Why does the card have only 4 matches right now?",-1
NEWS: Bookmaker Paddy Power's 'lucky pants' make an appearance at Chisora weigh-in ahead of Saturday's... http://t.co/epimGZ7d #pr #prjobs,0
Gregg Williams may never find a job in the NFL again if he's allowed back. Snitchin will make your situation worse!,-1
"If you see me tomorrow don't talk to me unless if you want to talk about  WHAP, Chinese, DECA or TRIG #zombie #iwontbesocial",0
"If someone takes me to Carrie Underwood next Thursday, I will love you forever. #nokidding #blownaway",1
Stacie just hit me up and said my packages might be up here tomorrow if that's the case I'm not going to the rave in San Fran. #priorities,-1
"see you tonight #Echelonfamily,time to drive back to Milan!",0
Still need to watch the Pilot for Terra Nova. Maybe tomorrow...,0
Tip to Apple CEO: u may want to stop outsourcing your mapping apps to China. While UR @ it how bout bring all those manufacturing jobs back.,0
"Just finished watching ""The Bounty Hunter"", Gerald Butler & Jennifer Aniston. Checking it out for the 2nd time around. Funny!",1
I ON SUNDAY: Ahead of Inbetweeners film 10 other sitcoms which went on holiday to big screen + Watercooler + hero of the week Michael Winner,0
"Hello everyone.Tuesday night like always Beef Kabob special it is DELICIOUS,Acoustic open Mic with Brian Ruskin... http://t.co/aaovO85i",1
Niggas was really on some 10th grade shit tonight,-1
"@simcity Will do, also I can't wait to see the SimCity team on Tuesday",1
"On MVC teleconference, it seems Jacobson found a lot more things wrong with Saturday's exhibition after seeing the tape. #UNIhoops",-1
BJP must clarify charges against Gadkari: Congress - The Congress Wednesday asked the Bharatiya Janata Party (BJP)...http://t.co/QPhXUtia,0
"That's it now for 2012, life doesn't star again til 3 March 2013 when Paris-Nice starts. Tour of Qatar in Feb is quite jolly though #cycling",1
#Canada #sweden Jason Vernau Live @ SET Nightclub Miami February 25th 2012:  Jason Vernau is back with some ... http://t.co/EFGXlWtE,0
"We has our first meet in London from 1-4pm Saturday, 3/11/12  Then we have one in Belgium on the  8/11/12 which is 11-2pm  Be There!",0
Somebody braiding my hair tomorrow Idc who but if it doesn't look good I'm taking it out,-1
How can you hate on YOLO....please tell me how living your 2nd time is,-1
"@olaideolutayo__ omdayss , you're turning sixteen tomorrow , mum sent my cash so im going to do some shopping. anything you want?",0
@TENARIIO lol actually I live in Georgia moving to Germany in march I miss you tooooooo,1
"RT @quizderek: Elvis Presley's 34th death anniversary is on Aug 16. 14 Aug, Today is the independence day of Pakistan.",0
"When I teach a basketball in my own school, we're gonna spend the 1st day watching Larry Bird videos, & the rest will take care of itself.",0
"VB: #UE drops to 5-10 on the season after a sweep at Wichita State tonight: 3-0 (25-16, 25-16, 25-17). Aces play at Missouri State tomorrow.",0
"Watching my favourite @Oprah behind the scenes (for the 4th time) when Jennifer Hudson goes AWOL. 'Excuse me, what the hell is going on?!'",-1
"DTN USA: Charlie Sheen's 'winning' ways get roasted: He may have looked like he was ""winning,"" but actor C... http://t.co/U9qioaI",-1
Rob on the 'Kyle and Jackie O' show on Oct 23rd: http://t.co/qznYakjw,0
"@HartHanson :( For what it's worth, I thought The Finder was a funny, clever show. Sad it didn't even get a 2nd season.",-1
"Church member told me mtg tomorrow @ 1st Baptist is ""BYOB"". Asked if he told them 2nd 'B' didn't mean 'brownbag' in our church. He laughed.",0
Rui En should be 1st lead. confirm. She is good eh. I like her scene with her niece and yangyang. chemistry damn good.,1
Eli Young Band you were great on #cmaawards but you will be even better in Starkville tomorrow night :) #bulldogbash #HailState,1
Unless you got a throw back Thursday picture with Michael Jackson I don't give a fuck about your faggot ass picture,-1
"North House does Nuit Blanche - We're going to map a route, and get out for a night of city walking... http://t.co/u48ktMOQ",0
"Today was an awesome day but it is quite sad for me and my teammates :) . Qian , Yue , Ying and Jun :)",1
. DMDK party led by actor Vijayakanth may not sustain for a long time under the shrewd politics of Jayalalithaa.   http://t.co/dsFjXS1O,-1
"Ghost Rider 2 sucks compared to the 1st, my mom Ash are looking at it and I told them the same haha.",-1
"Before he was ""Dr. Seuss"" Theodor Seuss Geisel was an ad guy: http://t.co/MR16q4kf What was your 1st job? http://t.co/pL4RaN8R #MyFirstJob",0
"THE SKINNY: Breezy may be getting it from RiRi AND ex, KT. Getting that cake! cake! cake! and eating it too. <3... http://t.co/S7I4RVCe",0
Lmao RT @HeatherNoel13: Curtis painter looks like the kind of guy who would try to buy beer on Sunday. #scumbag,-1
"@DudWithNoZah Akin and Murdoch are scum, but rape jokes aren't much better brah.  They may just be just a (cont) http://t.co/pH72WrlV",-1
Clearwire Is Sought by Sprint for Spectrum: Sprint disclosed on Thursday that it had offered to buy a stake in C... http://t.co/5Ais2S9j,0
Tough one tonight for the boys.  Played hard but came up short with a 4-1 loss with an ENG.  Davies scored the lone goal.  La Ronge tomorrow,-1
Why does everyone want to give Eli Manning credit for every win. The truth is Sunday's game should have been a blowout.,0
"Life is good, Imperial Woodpecker Sno-Balls are back! 124 MacDougal b/t 3rd and Bleecker. Bring on the King Cake! @ImperialSno #snogood!",1
"Sunday Dialogue: Curing the Health System: ... fostered by Republicans who place ideology over country, took tha... http://t.co/XDBUYLw",-1
"Notions that the gap between the rich and poor in South Africa is widening is a farce, SA President Jacob Zuma said on Thursday.",0
It needs to storm February 9th so Endymion can get canceled and all the parades would then start at 7am Sunday. #MardiGras #NOLA,-1
Ferry Corsten at Space tonight ahhhhhhhhhh think I may just have to go for one after work ;),0
"For all you cyclists and film fans, today is the start of the BicycleFilmFestival @bffworld at the Barbican Centre until Sunday!",1
@AlexSulima Lol speak of the devil did you hear about RIM? They apparently bumped Nokia put of 5th place :o,0
I -may- be the only girl on the face of the earth that DOESN'T find Channing Tatum attractive. #callmecrazy #justsayin #donthateme,-1
"Kuun fastest so far on SS4, Williams 2nd and Fekken 3rd. Cronje still leads but the gap is now 8sec from Habif #sarally #pr",0
1st Gonzaga game of the year!!! #gozags,1
"Tomorrow's Monday and I'm looking forward for it. Will be hanging out with an old Shatec friend of mine, Ying. Manhattan and ice-skating. :D",1
"@K0azzi88 Yea gonna watch Family Guy for a bit and try one last time in about half hour, if not i'll wait til morning i think",0
"@Slamsonite28 Honda Classic tomorrow, calling it now, Tiger and rory coming down to the wire",0
@_mongoose just got one me lady!! Waiting on the next!  Merlin incense was a'smoking tonite!!!!!!,1
January trip to Boston to see the Knicks Vs Celtics in the Boston Garden!,0
"Another huge fireworks show @ dearborn homecoming, big enough to rival detroit s, & it happen again tomorrow night!",1
"RT @elrufai the moment after the last election I have prepared my mind for 4 years of no leadership, may God help Nigeria",-1
"Two-time champion @JonathonLittle is down big early, but still has Romo and Dez tonight, as well as two RBs to go.",0
#youtubepolitics This is such BS.I may not make it to watch Bill Clinton lay one on Fluke!,-1
"So plan for tomorrow, morning jits with Frankie and Tom, open mat drilling and specific train with my great friends then PHO",0
"Gumby may be the answer to our forward woes. The Bomb Squad never stop believing, and we never stop believing in Gumby. #releasethegumby",1
Channing tatum will be in white oak tomorrow...for all you stalkers out there,0
Btw come rock with us on sat in Covina. Ill be in costume. Wear yours as well so I don't feel like in 12z http://t.co/xsAdYZba,1
Nigga you can't make it with this TT! RT @yinkadek: #NigeriaNewspaperHeadlines Terry G releases the 1st rock song in nigeria ---Apako,-1
"The Snickerdoodle-Strawberry Ice Cream Sandwich is BACK!!!!  We'll be at the SR Wed. Night Mkt, Guernville Farm... http://t.co/c1OS35kC",1
A round-up of Friday's World Cup qualifiers as Fabio Capello's Russia beat Portugal and Sweden edge past the Faroes,0
@jordanknight Hope u have a great show tonight. Me & the Chi/IN girls are so excited to see you in London tomorrow!,1
"@LilTunechi cannot afford to go like @KingJames in the 4th. Carter IV has to be great, anything less its a failure",-1
"@Colliinnn and he hasn't lost a match since Apr 2nd last year, that's consistent, and never forgetting Cannavaro, the 1st defender to win it",1
Family Guy is on some other crap tonight.,-1
"@Jmanziel2 instead of watching Lorax pregame, try Friday Night Lights. Tim McGraw can beat the fumble out of you",-1
"I liked 'Kendrick Lamar - The Rave / Eagles Club - September 22, 2012 ...' in the The Rave / Eagles Club App http://t.co/CVb3RIxS",1
"@KelBel_x0 1st and 10, ball on the WSH 34-yd line. Griffin back to pass, looks, moves around-HERE COMES JUSTIN TUCK and DOWN GOES RG3 :/",-1
"Win 4 Free tickets to party with Roger Sanchez this Friday, September 14th at HQ Nightclub by tagging the 3... http://t.co/qKskB1Wc",0
I got tomorrow off!! Woooop!! (@ Adrienne Arsht Center for the Performing Arts) http://t.co/mzdD0SYo,0
WOW!!! OMG Today for my 21st birthday I woke up and @jennettemccurdy follows me! I knew this day would come! Thanks Jennette! <3,1
@NUFC_Stats Martin Atkinson the man in the middle on Sunday. #NUFC have never won an away game with him in charge. 6 Losses and 4 Draws,-1
"Finally wrapped up shooting in Vegas, time for a good night on the town :)",1
"Anyway, sorry for these random tweets about The Finder. unfollow for the night. I'll be back to normal sports stuff tomorrow",-1
"Well, our playwright Mel didn't make it to #dawnsearlylight today due to MTA's incompetence. So I guess we gotta eat his birthday treats...",-1
I had such a great time tonight that I've decided to keep celebrating! Join me at Volare this Wed and Thurs! Bring your food donation!,1
Who wants to go to a haunted house with me on Friday only 12$ with college ID!!!,1
i have to drive with Ms. Pope Saturday... kill me now.,-1
"@BieberGomezTour aww my celebrity day is this thursday also, going as Jennifer Hudson though :)",0
Sad I won't get to see @ZachMTV on The Challenge: Battle of the Seasons tonight :( I guess I'll have to wait until next Wednesday..,-1
"Working in the Bi Nam exhibition again tomorrow and photographing the new exhibition at Turner House in the eve, excited!",1
Just saw the Today show with 98 Degrees from Friday...Jeff Timmons got so hot...BRING BACK ALL THE BOY BANDS. #nsyncforlife,0
Does everyone not realize the Voice is rigged. Ie cassadee pope sang in the signed band Hey Monday. Or Dia was half of Meg & Dia.,-1
Nooooo they delayed the knicks and Nets game until Monday!,-1
"Really hoping tonite Lloyd Robertson will ask us to goto the window and yell ""I'm mad as hell and I'm not going to take it anymore!"" #Lloyd",-1
We're experiencing some issues with Fuel TV (Ch 39). Should be back up Friday or Monday.,-1
Ready to see the Sixers play the Nuggets tomorrow!,1
Who's running the StrattonFaxon 20K in New Haven CT on Monday?,0
"@Jordilass you staying up for Monday's game. Don't fancy our chances with Krul, colo and Tiote missing",-1
"Watch out for @wendytabusalla together with Divine, Deniesse and the BIG4 at the Pacific Mall Legazpi Landco Plaza on April 30, 6pm.",0
@DKudlacek: Whos going to the millard north game tomorrow?? Who do they playy ?,0
Jason Wu with Brizo The inspiration behind the SS2013 runway show http://t.co/ItpfdUfH #Design #nyfw #MBFW #fashionweek #fashion,0
TOMORROW!!!! @ForeverTheDay will be playing at the Strawberry Festival in Watsonville from 11am - 12pm! Come out and support FTD!!,1
"With Mommy, Dada, Apple and Cherry are going to Noah's Park. We'll be back tomorrow",0
"WWE Monday Night Raw: Live Blog, Results & Coverage of the Road to SummerSlam - Bleacher Report: Bleacher ... http://bit.ly/rpF8QK #LIVE",0
"Tragedy struck and collided in my sports world today, as Mikel Leshoure blew his Achilles. Was on the Lions and my fantasy team. #noonecares",-1
"RT @MikeABarber: ""We called Boise State & tried to get them to schedule North Carolina on Monday night. They didn't do it"" Mickey Matthe ...",0
@rosanne_89 Nooooooooo rosanne! They've just restocked them and me going overseas Sunday means I can't afford them :'(,-1
"its my Birthday on the East coast now. I was born EST, so I get to party now.  I live on the west coast so the party will last till Monday",1
@MustLoveSpark @coverdog5 @jukakooikerjack we will take pictures. Mom said we might have to do it Friday Night as we will be at Grammys sat,0
Hello Everybody!!!How are you today?Have a Beautiful Green Day!!!!,1
Kobe in the 4th is like Eli Manning. #Beware,-1
@LiterallyFedUp  4 dead Americans in #Benghazi apparently are a lesser tragedy than death of Trayvon Martin may he RIP.,-1
What if Cena wins the Undisputed WWE Championship match at Summerslam this Sun? A riot is very likely to take place!!,-1
RT @TelegraphSport: Gavin Henson looks set to miss the Rugby World Cup after dislocating a bone in his right wrist yesterday,-1
recap. I saw Bad 25 on Tuesday. The Spike Lee Documentary on Michael Jackson. It was beyond amazing. && it was only showing for 6 days.,1
"#NoFucksGivinFebruary Just don't give a shit about anything, this may pose a problem on Valentines though",-1
"New cast of DWTS tba at 8pm tonight!! So excited :) The meeting tonight better be done, or ""someone"" will have to lend me their phone :) thx",1
Let's see what shitty movie Netflix has recommended for me to watch tonight.,-1
Boogie song of the day...Oh Ricky Martin: Que Mas Da Happy Sunday 2 everyone recovering from Halloween party hangovers https://t.co/JenBt7uJ,0
"Music of the Sun, A Girl Like Me, Good Girl Gone Bad, Rated R, LOUD, Talk That Talk and finally _________?",0
Monday Morning Mobile: The 24/7 Consumer: When Steve Jobs made a surprise appearance to unveil the ipad2 earlier... http://t.co/aAexeRO,0
"Thanks, Dave! Great show tonight.  Sorry, Craig. I've got to get to bed. I'll catch you tomorrow. @Late_Show  David Letterman",1
"Spirit Friday!Fill the halls with School colors and enjoy a dress down day!  No PJ, Yoga pants or Flip Flops/backless shoes. You Are Poland!",1
Timmonsville with a 26 yd throw. 1st down on the 1 yard line. Trying to even the score @ChevyEndZone,0
Inter Milan Transfer Rumours: 5 Players Linked to the San Siro in January: Inter Milan have started their new... http://t.co/vIn3RVrE,0
"Exhausted but buzzing after day 1 of #yalta2012. Need sleep, vitali klitschko speaks tomorrow, might challenge him to an arm wrestle...",0
If Fabregas doesnt goto Barcelona this season he may never make his Dream switch with Alcantra already starting to seal his position #EPL,-1
"With the election right around the corner, RRFP is pleased to announce Super Tuesday!  Get an additional 5%... http://t.co/aKR98s83",1
"@amironabike I'd have gladly chummed you, but I'm bikeless in Tayside this weekend. Free Tuesday and flexible Wednesday.",1
It has been at least three months since I've heard an LMFAO song.  Give it another month or two and I may once again venture outside.,0
"@butt3r I'm with you on Mass Effect 3. Thats GOTY for me so far. Still waiting on my other two, but one may be Persona 4 Arena.",1
Great Photo exhibition: Everything Was Moving: Photography from the 60s and 70s / untill 13 Jan 2013 Barbican Centre http://t.co/HzYOriit,1
We closing out the Knicks tomorrow,0
"When ""columbus"" shoots Bill Murray in zombieland it may be one of the funniest things ever.",0
"I've never sat through an episode of ""Gossip Girl"" which does not inhibit me from calling it ""Jim Henson's Bret Easton Ellis Babies""",0
I don't want to go to school on Monday . My excuse will be that HISD doesn't have school lol ~,-1
Love this song! One of my favorites for sure. Can't wait to see you tomorrow at The Roxy! (@YouTube http://t.co/Mf5Ws9cN),1
Ron Jaworski said #12 is the 4th best rookie qb from this rookie class #WTH #wtf jaws is an idiot @JimIrsay @JMV1070,-1
Little Mix are going to be on Kyle and Jackie O tomorrow morning :),0
@RavensburgerPC: Enter our competition to win a London Children's Map Puzzle just follow and RT.Closes tomorrow @4pm.  http://t.co/lD5hFvUn,0
the fact that we are going to be Sophia grace and rosie at the studio on tuesday makes me soo happy! @cristinarotondo #accents #cuties,1
"wait if the power is out tomorrow then i'm going to miss a new how i met your mother, NOOOOOOOOO",-1
RT @howardeskin: Steve Williams just threw Tiger Woods under the bus after win w Adam Scott today. After 33 yrs and 145 wins this is the ...,0
@HamHann haha was it as bad as your night in Barcelona with the bucket o chund!?,-1
@ZarifMiah I may have spent 5 minutes watching the poo traverse my sewers as my SimCity flushed its loos...,0
@PGATOUR Tiger Woods is awful. Luckily for him his terrible golf is only going to be seen on TGC today and not CBS - where everyone can see.,-1
"Live at D-tronics 20th Anniversary with Locations valley wide McAllen,Edinburg,Harlingen,Brownsville they have... http://t.co/YL3A8UEn",0
Bad times when u missed Waterloo road last thursday when in Tenerife and dont realise it was the last episode :( #notfair,-1
"@dasme I have a couple, of Jets games, but they're from the end of the season. wish i'd kept more of dec. also, i have the Sam Gagner game.",0
"@GuildWars2 C'mon guys fix this please, i dont want this to end up how Diablo III did.......        :.(",-1
"I swear if tomorrow any Niner fans start tweeting about Kyle Williams tomorrow, best believe I'm gonna put you on check.",-1
FLASHBACK FRIDAY:The Dallas Stars settle victoriously in to their new digs at the AAC. WATCH: First Game http://t.co/633zqGP2,1
Won the 400 and the 200 and came 2nd in the 800 at Tayside and fife championships!,1
@tressayeomans yes...okay I'm going to sleep night Tressa talk to you tomorrow hun!  xx,0
New post on blog! Hope to see you all this Saturday @mycloset_italia CESENA! With @happinessbrand fam too!... http://t.co/KW8Q1GQK,1
Regionals game at Panther Stadium tomorrow night! Everyone go and support our Panthers!! But you HAVE TO BE LOUD! Derby vs. North! #Playoffs,1
"Infinite's last date of their Japan Arena tour is on the 22nd of November. Lucky fans, they get to be with Dongwoo on his birthday.",1
"Tomorrow morning my bike community, KGB, will exercise #RoadBiking on Sudirman Road but I'm not going because I have to go to Church",-1
Can someone bless with Mr wattecamps hw tomorrow,0
Records on the line as World Cup race resumes - Fabio Capello's Russia face Portugal in the pick of Friday's 2014 FI... http://t.co/6KNexqif,0
I know one thing I can do tomorrow.. Write a blog post about my newly discovered love for Vampire Diaries!,1
"Ahhhh, the sun is shining, the birds are singing and this Nirvana track I have on is bringing it down. Skipety.",1
"@katechambers19 oh that'll be nice. Where you going? Umm think I'm going to see inbetweeners on Wednesday, otherwise free? Hannibal rising?",1
"Looks like my return flight is scheduled for November 9, of course it's subject to change. At least I'm stranded in Jerusalem, what a city!",1
It's a stretch but I'm picking Yushin Okami tomorrow. Think Anderson's athletic prime has passed and Okami's cashing in at the right time.,1
@mikemassaroespn is no Brad K but he's playing hurt today too.  @nascarnowespn at 9am et ESPN 2  http://twitpic.com/62ds88,-1
Going to the Knicks Vs. Heat game tomorrow. #HYPE last time i went to a basketball game was when i was 9.,1
RT @FTH_RawDawg: I can stamp on Friday its goin be endless people at the movies to see Final Destination 5,0
@TerryFoster971 No one on the Lions has gotten injured today since Leshoure! Contract extensions all around! #bam,0
@SexSlaves at Irving Plaza NYC July 21. Chexk out the poster: http://t.co/Wn5wwnoe,0
Wow Drew Peterson was just convicted on september 6th for murder of his 3rd wide and they never found the body of his 4th wide Smfh,-1
Ice Cube should come out with a Last Friday with everybody! Mike Epps Kat Williams Smokey Big Worm Kevin Hart & everybody else...,0
"App status changed to ""In Review"" on a  Sunday? Do they always work 7 days or is it pre-holiday crunch time in Cupertino?",0
"@ItsTheSituation Watched last week's Jersey Shore last night, you put your own head into the wall? Seriously, CRAZY! atleast Ronnie didn't!",-1
I have to start packing tomorrow for Auburn just so I won't forget anything Saturday morning.,1
"Parma's 3-1 v Roma: Biabiany was offside on the 1st pass attempt, but the ball stopped on the wet pitch and he received the ball on 2nd one!",0
Alot of free throw conditioning drill for the Lakers tomorrow at practice,0
"@princess_saraw it build immune syst up - hot water & lemon 1st thing, 3 green teas a day..it'll sort you out xx",0
"How many continents was The Challenge filmed on? ""21?"" okay, what did you fail 2nd grade?",-1
"RT @gatorgirl277: @DrDrewHLN  Conrad Murray claims MJ was unable to ""sleep"" the entire morning yet Murray was on his phone all AM--does  ...",-1
Mark Martin: Hello you! Good weekend so far? 'The Hot 20' is on but can One Direction hold onto 'Saturday... http://t.co/ojPEjVOm,1
"Me: ma? Ma: yes, love bug. Me: wyd? Ma: grilling with shanney and april. Me: at 10:30? -___- AT night. In Memphis.While I'm in Knoxville..",0
"Numerous treatment innovations presented at the Hands on Workshop on #Venous Disease, tomorrow until Nov 3 in #Cyprus http://t.co/5E4ReL4f",0
Austin Rivers is overrated I don't see how he came out in 1st round,-1
@zachbernard I don't see C. Edwards doing anything but racing hard on Thurs in Duels on @Speed I'm sure he will be smart though!,1
sungkyunkwan scandal on ABS-CBN.. i just finished the series yesterday..:))))) i may sound like a spoiler now <evil laugh>,0
"Photo: Oct 28, 2012 EunHae @ ICN to Nanjing Looks like the fish was feeling possessive >_> http://t.co/tkqgALhv",0
Starting my work week Sunday at KFC if I can make it in,0
"This looks like a nice place to spend a friday afternoon..... Chalet of the Week, Chardon, Val d'Isere.... http://t.co/9qeINVx7",1
How cool. Movies under the stars at Adelaide Oval... if I was in SA tomorrow night I would be ALL OVER this: http://t.co/wr4Ez9xS,1
New Glory Gang music Janet at the Superbowl http://t.co/uvKpMUkX on #SoundCloud,0
4 minutes into 2nd quarter and Mid-Prairie in the red zone of West Liberty ready to strike again. #iahsfb #kcrgfnl,0
Just watched The Campaign with Will Ferrell and Zack Galafianakis... Good fun for a Wednesday. #Hilarious,1
"@UberFacts //played the 1st, never played the 2nd or other AC games, bought Mass Effect 3, now waiting for Halo 4. Idk if Ill ever play AC3",0
@politicalwire I'm still shaking my head at that decision and that the Heat & Knick are actually playing tomorrow at MSG.,-1
#NBA The Brooklyn Nets opener vs. the New York Knicks is postponed. It was originally scheduled for Thursday evening.,-1
Oh my god everyone please stop talking about the Steelers tonight. We are not playing. We are irrelevant tonight.,-1
Off to St. John's to help coach the girls softball team! Iqaluit on Wednesday #lastweekendhome,0
I'm going to the Duke game on Saturday. Haha. DUKE. What'a joke they are.,-1
i haven't worn Makeup since Ash Wed. ;o <3 i don't like it anymore .,-1
"RT @adamschefter: ..........so far, WR Titus Young is the only one of the Lions top three picks in April still standing. <<< -______-",0
@Irenie_M Irene Thank you very much for your lovely MTs today much appreciated! Hope you have a great weekend!,1
"First time listing to Red: ""Does this diva think she's Avril Lavigne?"" 2nd - 54th time: can't.stop.listening.",1
I miss one day & it seems like they're about to give me ISS tomorrow. #wtf #pt,-1
Ok so the votes for Allstar coach are coming in tomorrow.send good energy.i really want this silly super important thing.,1
Vta scores td on 3rd drive Ledesma pass to Winans ztra point good 10-0 with 8 min left in 2nd qtr,1
SNEAK PEEK: Check out the 12 Freebies you can get at CVS on Black Friday!  Link in the first comment:,1
Happy Birthday to Haryana. March on the path to progress....,1
@busydee4 you need to come to the Houston Rodeo in march!,1
"Ash Wednesday lyric~ she shouts to the east god u better have something better for me cause if this is it, well i want better than this...",1
"Ha RT @fauxjohnmadden: Start of NFL Preseason tonight marks the beginning of the Raiders season, and the end of Raiders postseason hopes.",0
RT@angelpike: Call the hospital in Iqaluit & press 2 for English. Every Cdn should experience hearing an aboriginal language as 1st choice,0
"@MsSarahRedshaw Our new, delicious dishes may be alright: http://t.co/daK3WtGp (Check with your doc first!) #RamenWins",1
Should'nt have watched The Grey last night because walking down a dark driveway when the  sun decides to play hookie is not a good time.,-1
@SpikeEskin also i hate this themed PPV's what if i want to see an Elimination Chamber in july? I gotta wait six months?,-1
Can't wait to see @Dynamomagician in South Africa on the 14th dude is on another level... check this out http://t.co/05kvUyEf,1
"Today is My Birthday,the anniversary of the death of Elvis Presley and the birthday of Madonna,I wonder if I'll be famous...I=No Talent |=",-1
#rtesoccer Robbie Keane saying he always knew Germany was going to finish 1st in the group!!! #winningmentality #coybig,1
"Gold and Diamond are never at the periphery, we really need to dig deeper into Christianity....Phil. 3:10-18,Rom. 12:1-3..... Happy Sunday.",0
"Just to be sure. Tomorrow is America Day, right? Because I don't wanna be the redneck in a sea of gods",-1
Premier League Team done ready for tomorrow. Bit of a risky tactic that might backfire in week 1! Now to get ready for NFL FF draft tonight,-1
Last day in Jeddah. Will be in Brunei tomorrow night. And then Surabaya the following night. And then Bali the night after that. Whee!,0
"Is anybody going to the Strawberry Festival, in Leicestershire... i will be painting there live on the friday and saturday",1
"@JoeTribe_2012 runner on 2nd no outs, drubes being one of our best hitters should make a productive out. His fault not Acta's",1
@HilciaJSu Your review reminded me I still need 2 read the very 1st Percy Jackson book! Heroes of Olympus is an offshoot series from it?,0
ABC: Ricky Ponting and Luke Butterworth made Wednesday a tough day at the office for South Australia in their Sh... http://t.co/V4utMguI,-1
"@3Sugar2Ray1: bro ""This nigga said Zimmerman was charge with a 2nd degree murder. Who he kill the 1st time?"" Lol",-1
"Good day! And to mak it even better, my clothes from American Eagle came in! Church tonight too! : )",1
Very quiet story-wise this morning. My only emails have been about my Yammer activity & an alert about PJ Harvey tickets going on sale.,0
Why oh why does Toronto's Nuit Blanche have to be the same night as a wedding I have to attend?!? #snbTO,-1
"Apple Can't Innovate or Manage Supply Chain: CUPERTINO, CA - OCTOBER 04: Apple CEO Tim Cook speaks at the event introducing the new i...",-1
@LiterallyFedUp 1/2 white? does'nt matter;Malcolm X may hv been as well.Still no specifics.U ppl don't hv ideas except make bombs killem all,-1
Now off for some hiking in the Black Forest ~ have a nice sunday! :),1
Shaq Morris narrowed his list to Wichita State and Oral Roberts. He said he will likely make a final decision Monday. #shockers #mvc,0
"Doug Wead We are not out, We are Up! The fight has just begun! http://t.co/pVx72ChM Vote Ron Paul tomorrow Tuesday 5/15 in #OR & #NE #peace",1
"@creativetimes Eleanor, that's cool, it would be great to see your pastel art. ;) Link to the painting I did on Monday http://t.co/8puSNbaN",1
"@jamesjammcmahon get @DONBROCO on february for valentine's day, the suave fuckers",-1
"World Music Festival Rocks City Saturday: Maria Muldaur headlines the day-long event, which bring French Gypsy j... http://t.co/1oXJcS5S",0
#bdnews #bangladesh Cricket: Pakistan hopeful of Bangladesh visit: Pakistan's cricket board said Sunday it hopes... http://t.co/GtnXxXHq,1
"@JammyDodger365 i meant to ask you, did you get my text Sunday night? James Murphy was playing the salty dog",0
Sundays in the Sag is like a Friday in Idaho.....boring as fuck!,-1
"@yazbanz yes I am. Coz for me when Henry, Pires & others left & also Cesc may be, were more sad than this RVP! But do u think he's leaving?",-1
@SI_PeterKing Ok Mr King see me about the Bills (or the Eagles for that matter) come the First weekend in February. #bills #eagles #nfl,0
Ron Jaworski is missing from the Monday Night booth. Liam Neeson stars in Taken: 7,0
"So pretty much im gonna believe that myt 10,000th tweet will come sometime tonight during the MNF game Jets at Texans on ESPN",1
Lack of communication from #nycdoe very frustrating regarding reporting time for work tomorrow.  Thank you #uft and @GothamSchools for Info,-1
"Controversy aside, the 2 games shown on TV for Super Sunday were great spectacles. #BestLeagueInTheWorld",1
"This Thursday, DESTRUCTO, creator of HOLY SHIP, comes to Ignition at Firestone Live! Surrender your booty, it's... http://t.co/AA0xOs2R",0
"The total number of Distressed Properties For Sale declined for the 4th straight week to 282 in Fairfax, Loudoun, and Arlington",0
Real to sign Neymar in December - report - Bangkok Post: Real Madrid has reached a deal with Santos to sign gift... http://bit.ly/rnlf4P,0
..just finished watching the 4th season of Dexter.  #RelaxedTweet,0
"RT @pink_funk: End of an era RT @CharlesMBlow: RT @GMA: Andy Rooney, 92, will make his last regular appearance on @60Minutes this Sunday ...",0
Alejandro Valverde wins Stage 3 of Paris-Nice. Can he catch Bradley Wiggins? The answer http://t.co/9Otcq6fW #parisnice,1
You're going to breath the same air as Song Joongki tomorrow @cheonsa_jia grrrr,0
[NEWS] Stuck-Up Sunday: Shepard Fairey - Andre the Giant Uncut Sticker Sheet - @ObeyGiant @StuckUpPieceOf http://t.co/wpCHDDL4,0
"Pavol Demitra with the Blues: 5th in scoring ALL TIME with 493 points in 494 games, 2000 Lady Byng Trophy, & 3 All Star Games in 8 seasons.",0
@Stamp_Outriders @eskscheerteam all the crew at the den university of Calgary will be cheering with u next Sunday. Go stamps go.,1
"@BullandFox As a point, Flacco had a 0.3 QBR last Sunday. Even vet QB had a bad day.",-1
RT @LoveMe_Lavishly: I love FOOTBALL season!! Lets get it!! High School games Friday night....NFL games Sunday !!!,1
RT @Youngcules: Nolito with an assist and a superb winner for Benfica against Arsenal last night. He really is turning on the heat!,1
"@Iiamneeson all I can say is that it was very unrealistic. The 1st movie was better-storyline, dialogue! And of course ""The Grey"" thumbs up!",-1
Here's a great Bioshock Infinite trailer for those of you that need a tease while waiting for it's February... http://t.co/27u1Felh,1
Vanessa and denies are coming shopping with me on black friday.!,0
"Whoever replies 1st with the correct answer wins 4 tickets for Sesame Street Live, Sat 10:30am performance at Rupp, and an Elmo plush doll.",0
@NerdBlurt @tom_howarth and the Sox beat the Yankees today so I can smile!,1
"Dethklok, All That Remains, Machine Head, and The Black Dahlia Murder at Stage AE November 8th..HIGHLY considering going to that.#heavymetal",0
I Will Be Performing at the DC Star on September 1st Hope Yall Can Come Thru! http://t.co/UXZjcSul,1
"#Forbes CUPERTINO, CA - OCTOBER 04: Apple CEO Tim Cook speaks at the event introducing the new iPhone 4s at the ... http://t.co/zKoYHwsJ",0
"With the amount of chocolate I've eaten today, I'll just call it Chocolate Day. And I shall have one every yea- mon- week.",0
Amazing concert tonight with Jim White and the TCU Jazz Ensemble/Faculty Jazz Combo!  Don't miss tomorrow night... http://t.co/i9asnsET,1
"@tomhanks Youve done Bob's Great, The Pacific great, now how about one following the 15th USAAF, 456th squadron B-24, Capt. Klingler???",1
@stefnaaay I'll see you monday :3 Fancy coming to a nerd convention in Dublin on the 10th? ;D,1
"RT @JimmyTraina: The guy is a nut, but I will miss Andy Rooney rambling about something ridiculous each Sunday night: http://t.co/HZmPIj0G",-1
#Spurs striker Emmanuel Adebayor will miss Thursday's #UEL game against #Lazio with a hamstring injury.,0
Getting @Jassy_Baby transcript and shot. Tomorrow accuplacer and group advising. Turning in fafsa tonight. Making moves before NY. Love you,1
Gov. Mitch Daniels is rallying Republicans with a rare appearance that may have violated h http://t.co/BzohrIp3,-1
"@GetAPairOf_JAYS he cut Kevin and Jacob, did he tell u there's practice tomorrow",0
Last day of BCA tomorrow. -Lori of off say yes to dress has breast cancer. :(,-1
"A bit of Sunday fun, shot in Whitstable, Kent and Muscat, Oman! 'Down Poured the Heavens': http://t.co/5Cwiavk5 via @youtube",1
"Don't think Chelsea should appeal for Torres' red card. Let Sturridge play tomorrow. It's the Carling Cup, not PL.",-1
Normally I prefer a spot of Rammstein on a Sunday morning - perfect for doing the ironing or a spot of aggressive furniture polishing.,1
Galaxy Foams painting sneak peak. Finishing in the morning. Vid tomorrow night!  http://t.co/U8TD96f4,0
It's all PJ Harvey and Queens of the Stone Age today #nowplaying,0
Lowering the Bar may have found the first recusal motion to cite Girl Scout Cookies. http://t.co/ZmQwuuXM Thin Mints are criminally good.,1
"Had a great chat with top international referee Dave Pearson. Bit in tomorrow's Journal, & big feature nearer the Rugby World Cup kick-off.",1
"It's now or never, Ita now or never! That is why he is the best of his kind. May not play for us but hats off to Ray Lewis  52 #TheGreatest",1
The MTA will be at Mondawmin Metro Station from 3-5pm today to celebrate The Baltimore Grand Prix. We'll have a race car for you to see!,1
Anyone heading to H&M on Thurs to shop the Fashion v AIDS collection? Sneak Peek here: http://t.co/G6bEVwbT via @CollegeFashion,0
Reminder noon tomorrow is the deadline to register teams for the Kickball Tournament at the $120 rate. Price increases to $150 after Friday,0
Winter Storm Watch for portions of the WDBJ7 viewing area  until 8:00am Wednesday. http://t.co/GbHXY57g,0
Friday starts with playing Smells Like Teen Spirit - Nirvana #CLT,0
"GUYS! I found it! It was JIM HENSON and FRANK OZ in 1st season of SNL doing ""The Land of Gorch"" ...statue was called ""The Mighty Favog""",1
@Hellblazer @kimmieleanne  said you made Keith Richards look baby faced. *May not have actually said this.,-1
okay this Wookie boy too childish he say I gotta hear my favorite song 1st and this niggah play 1+1 by Beyonce :) I love that song man;,1
"RT @ConorTOrr: Sanchez didn't know Plax would sneak in for a play yesterday. ""I wish I would have hit him,"" he said. Got pressured by D #nyj",-1
MTSU just beat WKU 34-29. The Sun Belt is really starting to get interesting. Have to take care of business on Saturday! #PackAttack,1
"Guys, the Marijuana law in Colorado, Oregon, and Washington can pass this Tuesday. #HighHopes",1
"Friday's CNET Update is playing One Republic : Apple CEO says sorry for iOS 6 map mess Apple CEO Tim Cook has said he was ""extremely sorr",-1
Fran says Paterno was very congenial to the media in his early years. Age & perhaps betrayal by media may be part of his rift with media.,-1
@jackwilliams89 @akerr0 they hold 4 titles. There are loads out there. But thy hold the four highest regarded. Nd Vitali may retire soon...,0
"Higgins ""Great experience for the young group and to meet with Premier League teams a real highlight"" ""Very young squad to play on Sat""",1
"Almost forgot about Celebrity Juice tonight, oh my. What time is it on at guys?",1
Yesterday the #NHL cancelled games up to November 1st. The Winter Classic and All-Star game could be in jeopardy soon.,-1
Great...we had tickets to see the PREDS on the 29th & now the games have been cancelled. #NHLlockout,-1
@NatalieGrace8 may even join you at Joseph wright,0
"May the odds be ever in your favour Aussie Directioners, #Hot30sGo1DenTicket",1
Eric Arc Elliott may be the best rapper in Flatbush ZOMBiES.,1
"So Aston Villa have a ""must win"" game against Norwich City tomorrow lunchtime. MUST WIN - how the mighty have fallen.",-1
"Good night out with the boys,party bus down town tomorrow n osu Saturday #cantwait",1
if jenelle comes to the game tomorrow... I'll die #missherlots #itsbeentolong #mybaby,-1
Congratulations to NMRHS Marching Band on placing 1st in NESBA competition Saturday& for winning a gold medal at the MICCA competition today,1
Rodeo Saturday anyone going?,0
F-Train was messed up again today between York and Carroll St....what's going on MTA???? GET IT TOGETHER!!!,-1
@StevieY1 It is predicted that the Winter Classic and the All-Star game will be cancelled this upcoming Monday .. FUCK !!! #EndTheLockout,-1
"adhitia sofyan on Java Jazz, March 3rd, can't wait! Give me a day off, please...",1
Dr. Mohammed Morsi announced as Egypt's first elected President after the glorious 25th of Jan Revolution.... http://t.co/K9HonCHt,1
The brilliant Drew Westen offers a great critique of the Obama presidency: http://t.co/DOBUyVU,1
If you're with MetroPCS then this is probably the best phone you can buy http://t.co/Jyeeqo9y,1
"Honesty is often best policy: Fabio Capello, Russia coach: ""I was hoping Ronaldo's injury was more serious so he couldn't play tomorrow.""",-1
BOZO PORNO CIRCUS with EBM Dollz Live October 27 in San Antonio at BackStage Live! http://t.co/QohYJ2rJ via @BozoPornoCircus,0
Apparently Justin Beiber is in the area. I know this because I have students (plural) missing school tomorrow to see him.,-1
Iguana in the desert. No shade. The sun is high in the sky. He can handle it. Don't bet against him.,1
#Obamanewpromises  Chinese New Year will replace the 4th of July  as our Independence Day Holiday,0
I'm missing VCU's 1st scrimmage against VUU to study for an exam. Apparently #Havoc is here: 53-13 VCU up in just the 1st qtr. #damn,-1
@justinbieber I'm so excited because you are coming to Mexico City in October! I love you Follow me please #NSN,1
Watchin Step Up <3 the 1st one is the best with Channing Tatum as the main guy >>>,1
thinking about stepping out tomorrow too club bodi.... decision's to be made,0
The MTA should cost less at night. I think I waited more than 45 minutes. And it's pretty freaking hot underground. Thanks. #nycproblems.,-1
"@SusanLambe yeah i know what you mean, spent too much time catching up on Dexter today",-1
"Next Sat's KIDS' CLUB film is THE LORAX with more fun 'n' free activities before the film from 10:30am, film 11:15  http://t.co/rpx9lRY1",1
"RT @helenlewis: Fire up the outrage machine, because Channel 4 are showing Four Lions as part of a 9/11 anniversary season: http://t.co/ ...",-1
"And on Tuesday, Harry Redknapp distanced himself from the job following speculation he was planning talks with the club.",-1
@Jaxicandy not that far yet but would prob start the 1st night of the Roxy,0
@Jay_Oliva20 I know but it's ruskooooo! An richie hawtin is on a saturday,0
My mom call and say that a teacher called and said that I'm going to Ritz Carlton tomorrow for some tennis shit. Anyone else going? (school),0
"Dana gets two false starts called on them trying to punt, 3rd one gets returned to their 18. Laguna Hills scores with 30 sec left, up 31-27",-1
WILDCAT WORKOUT OCTOBER 31st in the old gym at 7pm!! #FVSU RrrrrrTttttt,0
Still time to order your #Halloween treats! Deadline: 2PM CST TODAY (with Overnight Shipping) to arrive tomorrow! ---> http://t.co/vvT2ImJz,1
"i miss my bestfriend,Octaveia, my cousin ,April .. my bestie,Kaliyah, Tricey, Dasia,Mikia,& the other people i miss with at Richwood !!",-1
"Just got the call the magazine is ready for pickup get your copy at the ""Hands That Heal Fashion Show"" Nov 4th Mr. Reggie 404-246-9582",0
Tampa Bay Buccaneers vs Oakland Raiders Odds: Find out why each team will cover the spread on Sunday. http://t.co/fnPy1IGs,0
the fact that so many will vote for a socialist fake liar for President is very very frightening and may bring America to ruin!,-1
@LivEchoLFC @Dirk_18_Kuyt @jamespearceecho Has to be the hat-trick against ManU....and in a very close 2nd the Carling Cup Final goal :o),1
Iranian general says Israel's Iron Dome can't deal with their missiles (keep talking like that and we may end up finding out),-1
Arm hurts like crazy Open house tomorrow and Church tonight!!!! I love them so much <3,1
"Former #Mizzou RHP Kyle Gibson (#Twins) will start in the Arizona Fall League Rising Stars Game on Sat, 7pm on MLB TV.",0
"Frank Gaffney is not insane. He may not even be a true hater. He is a bigot for pay, just like Steve Emerson. Hate is their racket.",-1
@JustinCrew is tomorrow the pre-sale for JB in Mexico city? because ticketmaster is making a pre-sale tomorrow i'm sorry i''m so confused.,-1
All the best to those who are taking Physics tomorrow :) <3,1
Did I really have a debate about twilight last night? And I was team Edward???,-1
"Mark Martin by far the most unluckiest Nascar driver of all time, 2nd 5 times in points & the heartbreaking 07 Daytona 500.",-1
"#EndOfWatch with @KJC_4 ,Six Flags in the am,Then UFC on Fuel TV,Waffle House late at night w/ Z, Church&Ultimate on Sunday, #HeckYeah",0
"Criticism of Rick Perry is ridiculous, which choice?  Obama's hip-hop barbecue two days ago, or Perry praying for the President today?",-1
RT @julieklausner: Matt & Trey on 60 Minutes tomorrow. I haven't been this excited for a segment since Andy Rooney learned about cordles ...,1
@TwittaBeast @immaculate_nat at da end of da night no girl that roll with me is on da MTA! They are above that as long as I can afford that!,1
"I watched Sarah G Live again, I noticed @ d end na may disiplina talaga ang mga @POPSTERS_FSG, nag-aantayan sila ng turn to go to SG. luv it",1
"Everyone deserves somebody who makes them look forward to tomorrow For Rushers, it's Big Time Rush :)",1
Ben Amos doing well @ Hull City.Another clean sheet v Charlton.He says he's enjoying the challenge of playing regular 1st team f'ball. #mufc,1
EVERY FRIDAY join us for Mass at 9AM & 5:30PM + all day ADORATION at St Angela's #Mattapan Catholic Church @BostonCatholic #Boston bilangual,0
"Another awesome tweetup (this time in Cebu) with a Rafa-tard! Great meeting you @scorpio1641! Thank you! See you, Monday. Zubuchon on us!!!",1
"WOW i just noticed that Dongwoo and Eunkwang share the same birth date, 22 November 1990. omgyu ma awesome biasseu ~",1
"Wales' Rugby World Cup squad will be named at 9:00pm tonight, Melbourne time. We'll soon find out whether the... http://t.co/FzPpyp2",0
@Wheres_myMOJO stfu wit them excuses...Clippers gonna beat the hell outta the Lakers tomorrow,-1
City game at the Ravens stadium Saturday at noon 10 dollars to get in i will be there who else going?,0
"@oliverporter obviously we're not looking great right now, but the 'Arsenal will finish 5th' prediction is wrong every year!",-1
The Late-October Best Picture Oscars Predictions You've Been Waiting For:      Coverage of the Oscars has reache... http://t.co/jOeYN9RZ,0
Come hang out with me Saturday at Kremlin!! http://t.co/bIlNbkLy,0
"My 3rd article for Solo Travel Society. This time it's all about Seoul, South Korea! :) http://t.co/d16kRqdb",0
Everyone come the the volleyball game at East tomorrow before the football game! #playoffs2012,0
"@Girl4Music20 3rd album changes a lot. I know you hate Unbroken, but I love it! 1. Unbroken, Fix A Heart, In Real Life, Together, Skyscraper",1
"@GR8Imperfection It's the cool, tasty Ice Cream Sandwich upgrade http://t.co/jwcWIs7E! It may take some getting used to since it's new.^TH",1
"@SteljesBusiness Ah, maybe you also prefer Zulu. Thanks, no relation! But where, Exeter? Btw the 4th emergency service is the Coastguard.",1
I wanted to see Columbiana for my birthday but it comes out on the 26th *rolls eyes* Guess ill go see it in Clemson.,0
Performing tomorrow at the Harold Washington Cultural Center with @Smitty_LP come support the team http://t.co/9YEGfKrz,1
Build a Nation heard it today for the first time....*fist pump in the air* RT@galamolabi: Who run the world remix with nicki minaj @Boity,0
Uh oh..just turned on Cardinals game...1st thing I see State Farm commercial with Kerry Wood..not a good sign for #Cardinals,-1
News Release 09 October 2012 Customers of the Negros sub-grid experienced a partial outage today at 5:45PM (cont) http://t.co/TLekrZox,-1
"my sister just sat up and asked where katie was going to sleep. she is a little too old for an imaginary friend, don't ya think?",-1
Tomorrow night it's your chance to slay a dragon in Jerusalem's Old City! http://t.co/GDyXDvk8,1
Mavs will beat the Lakers tomorrow accepting all bets,1
2 Democrats in Wisconsin state senate up for recall election next Tuesday.  Hopefully the discouragement of Waukesha doesn't prevail.,0
Duels official... This Saturday... At out of the bedroom be there!,0
"So can't believe Big Bang is tomorrow, this day came way too soon! At least I can live it again Sat.night!! ^_^",-1
"this nigga @OctobersOwn91 just hit a full court one handed shot with brook lopez...smh, 21st birthday shit",-1
Eli manning best 4th quarter QB in the game!,1
"i spelled dongwoo's name as songwoo.. omg, who the hell is songwoo? the 8th infinite member???",-1
Brackett overthrows an open Garner on 3rd down. Lions will go for it on 4th down and 1.,0
"Every Thursday I go to Jesse Black in Casselberry, FL just for these girls http://t.co/brntAu0S",1
Thursday Margarita Day with Poker Sign in before 7:15 p.m. And a Funtastic Time!!!! Yeaha Friday Jaron Bell (Riannon bday party) reminder ;),1
"Watching "" Good Deeds"" for the 1st time and I think I already know how tht movie gonna turned out. Smh",0
"To compare, Anderson Silva also has won 8 bonuses and made $475,000. If Lytle gets a bonus tonight, the $65k would be his 2nd biggest one.",0
"Ted Nugent talks to us about #hunting and other stuff he's got on his mind @am1300thezone this Saturday at 7am on the Great Outdoors, #nuge",0
"Totally crashed my iPad tonight.  It locked up, and wouldn't even power off.  Used the Hold PWR and HOME bttn trick, to force reboot.",-1
Fun day!! Walked over the Brooklyn Bridge... ate waaaaaay to much!! Tomorrow fingers crossed I get standing room for Book of Mormon! Night!,1
MayorOfLondon: Join in tomorrow at the exciting London Children's Book Swap events for families who love to read #LD... http://t.co/3ecIwZpd,1
"And on top of it all, my horoscope is super positive and my coffee is SO DELICIOUS today. Hey, Wednesday. We can get along!",1
$224.60.  Not a bad payoff for a 2nd race Trifecta at #DelMar.  Check it out: http://t.co/dyehzvrw,1
"This Saturday come hang out with Buran Theatre on Cinco de Mayo as we drink up, tell stories and prep DESTRUCTO... http://t.co/HsxodJyc",0
"I want to go to church tonight (Crusaders); Kevin Leal is ministering. I'm  nauseous, head-achy, & I need to finish an overdue assignment.",-1
I don't want to take ACT tomorrow. ):,-1
How's Channel 4 celebrating its 30th anniversary? Is it pretending the first 20 years when it was any fucking good never happened?,-1
"Looking for some free fun? Come to @AbronsArtsCtr Friday to see the classic camp films ""Cobra Woman"" & ""Jungle Island."" http://t.co/WaxQdXuW",1
"I love Texas A&M, but any team that drafts Tannehill before the 7th round has lost their minds.",1
SEMA kicks off in Las Vegas tomorrow.  Our friends over at http://t.co/whjgPe6e built up this Wildcat for the GBC... http://t.co/21GjkRlS,0
"I may record the first few episodes of the next LP tomorrow. Wanted to get more info ready, but I'm think I'm good with what I have.",1
Taking a break from GOLDEN SUN 2! Got done with JUpiter LIghthouse & getting the wings on the boat! GONNA MAPLE AGAIN!!!! :P,0
"@At_One I'll be in Poland but back Sunday eve, catch you then!",0
Tottenham Hotspur boss Andre Villas-Boas has played down speculation that he is already lining up a January bid for Brazilian Willian.,0
Just ordered your Amanda Knox book RT @ninaburleigh Looks like judgment day is Oct 3 or 4. #amandaknox,0
"I'm such a groupie...just watched the ""Ni**as In Paris"" video---> 1st thing I said was...""I just ordered that snapback Jay is wearing!!!",0
"This was on the 30th of October, and consequently the castaway of Tabor Island had been a prisoner in Granite House for nine days.",0
Its Friday people!!! Get that Kermit the frog cycling feelin ;) http://t.co/V0Rc0goT http://t.co/0NlDUjcW,0
"Eric Adelson with the slam: ""(Flacco) looked more like Blaine Gabbert than Eli Manning on Sunday."" #Ravens",0
Heading to London bringing the sdtrk to Shepard Fairey - @ObeyGiant's Sound & Vision show Friday @StolenSpaceLDN at Truman's Brewery.,0
The Brick$quad is the Yankees of 8th period English III with Doc Caputo. #targetonourbacks #hatedbyall #champions,-1
@ForeverBayBay: Just watched the Pursuit of Happiness for the 1st time. I love it. Good Deeds by tyler perry is the girl version,1
I was going to move to Siberia last Wednesday.Now I don't have to.Siberia has moved here.It's bloody freezing. #heatingtime.,-1
"October 27, completes the its 61 years Kenneth ""KK"" Downing Jr., Guitarist in the British heavy metal band JUDAS PRIEST http://t.co/d1udRZhg",0
Welp glad i listened to my instincts and started Romo ...we'll see how he does tonight though,1
@lil_jessss @chasefreespirit Awww I miss you girls too!! And yes tomorrow night ill see you at Young Life! :),1
"Join us this Sunday on the Terrace.... we're taking it deep all the way :-) Filthy Rich, Deeafro, Rob Maynard, Dj... http://t.co/kRph98qL",1
"Repaired elderly female's Windows 7 based laptop today (pro bono) and in her living room was the largest 1080i cathode ray tube ever, 55"".",0
Just turned tele back on and caught the end credits to Saturday kitchen live #ffs #failure,0
Writing up my case study so I can enjoy my weekend by going to Raleigh Friday && babysitting my favorite twi http://t.co/ze8MCCiG,1
"Looking forward to ring in the new school year @uncsangam for Aladdin...UNC Memorial Hall, Sat Aug 27th 6:30",1
"Watching ""The Vow"" for the 1st TIME! I <3 it! Already cried 3 times!",1
@CAMURPHY I'm heading off to Hong Kong next Thursday. Spending the remaining time with my folks before I go. Will really miss edi,0
"RT @GaGaInfo: For those who haven't heard, Lady Gaga has attended Britney Spears' Femme Fatale Tour tonight! GodgaLovesGodney",0
"Finally starting the 5th season of #Dexter.  See ya later, weekend!",1
@Tristan_jet @iidontrespectit Martin isn't a leader for the 2nd unit like harden. Your guys bench is done plus Westbrook is a ball hog,-1
This is the first time someone has offered to watch The Notebook with me so I don't watch it alone for the 5th time..Too bad it was my mom.,-1
Huge thanks to those of you who came out to my photography workshops today at Terra Nova!,1
So NTA covered live the return of the 1st Lady.,0
Halftime here at the San Siro. still 0-0. can the 2nd half produce goals?,0
Who's going to the game tomorrow at flowing wells high school? (: Marana v.s fw (: #homecoming,0
@dhonts7: Great to be 1st game on a Sunday..I get to watch my fave show on tv..Sarah G live Magical Night with Sarah G.,1
Poor Bruce Springsteen: 1st Swan co-opts Badlands; then Abbott adopts the Wrecking Ball title. When will Aussie politicians leave him alone?,-1
"Beyonce needs a new sound. You may call it hating, I'm just being real.",-1
Today *very* rare day when Democrats will get healthier on their Club for Growth scorecards than most Republicans.,1
"Long day work, G37 meet, Marijuana March and Avengers. All sick nonetheless.",-1
Dont look now but: Brook Lopez had 19 pts & 9 rebs (28mins) in 1st game back from foot injury over weekend. 18 & 11 (25 mins) tonight.,0
"Gut decision. Sharon Van Etten > Cat Power. Elicited emotion in me like the 1st moment I heard Trespassers William, or Casimir Pulaski Day.",1
"@OfficialPWI ""@BookItGabe: ATTN: WRESTLERS- Still time to join this Sunday's Seminar/Tryout. Here's the info: http://t.co/LAzJDUvx""",0
Today: Sefton v @AlderCC HOME 12noon - including President's Day; 2nd XI v @newtoncricket Away 12.45pm.  Let's hope the forecast's wrong!,0
100 days away: Barack Obama & Mitt Romney meet in their first TV debate at the University of Denver (3 Oct),0
@justin_kaoma Dope night with the Eagles .did #sangz1 tell you he deleted all the pics,-1
"Nov  1, Las Vegas Massage Gift Certificates - Las Vegas massage gift certificates for the best massage anywhere in S... http://t.co/2jefKASF",0
"Still my favorite pose of you, :) Pancakes tomorrow, glad you're here, we missed DJ Marcus! Sweet dreams! http://t.co/uzLcnbPE",1
"Today in the weird, world of musical history...Hank Williams was fired from the Grand Ole Opry and told not to return until he was sober.",-1
Divine frame & @PerFect_10_ presents the official south Alabama football season kick off @ club insanity September 1st,0
Fan hit flush on the head by Harris English wayward drive on 1st. Lots of blood #hadtohurt #shoutfore #players,-1
"@Baby_Boomer93 Yeah bro! Girls Gone Wild is hosting a party friday hahahah. Make sure your in shape before bootcamp, otherwise it will suck.",0
"Good morning!!  The sun is brightly shining in East York, it's going to be a great day!",1
"To stand a chance of winning tickets to this VIP Private Red Carpet screening, visit the Centre Court on Friday or... http://t.co/paULGN9H",0
"NO YOUTH tomorrow. Come to Fall Festival. Also, this Sunday High School will attend main service with the adults for Super Sunday!",0
Girls Gone Wild! @Sab_Cat @KelceyWebb just a little bit of fun in the sun!!! @H2O @NicciBeach #fun #sun #par http://t.co/rfaBketz,1
"Robbie Keane speaking now: ""We let ourselves down and we let the country down. It wasn't good enough on Friday."" #rtesoccer",-1
@TIUBeachBabe @toneitup it was in the member's email. Info will be up on the blog tomorrow. Series for the next 2 weeks :) daily motivation,1
"Ok guys. Hate on SJP all you want, just remember, you have school tomorrow. #havefun",1
Just watched the 1st ever Elimination Chamber match I had no idea it was an hour long till it ended.,0
Watching the Eli young band on the cmas right now.. About this time tomorrow I will be watching them in person in Starkville!!!!,0
"October 22 .. See you @ SM Bacolod ! :"">  See you there SweeT Heart! <3",1
Kainis! Bukas na pala first day ng Secret Love (Sungkyunkwan Scandal) sa ABS-CBN. Eh may pasok kami bukas. Diaje naman oh!,0
"Video of the 1st points for Anthony Davis, Lin, Harden, Rivers, Drummond, Harrison Barnes & JRich on their new teams http://t.co/wWDtUItU",0
"Miss those days , when all the relatives would just gather at 7th Uncle house and celebrate Chinese New Year , I guess it'll not happen agn",-1
"@Chewbekahh But if he shaves again like at Elimination Chamber earlier, i may have to hit him!",-1
Anyone going to tomorrow night's NZ vs Tonga game? What colours will you be wearing?,0
'Saturday Kitchen' is on and it's Sunday. Mind = fucked.,-1
Watch Monday Night Football tonight (& pre-game festivities) on ESPN.  I'm in the intro with Hank Williams Jr.  Starts at 6pm EST. I will..,0
@cluckingb3ll well tomorrow you have to share a bed with ash.............i dont really know what is worse!!,-1
"there is on thing I have learned from the MLB playoffs, Cougar Town on a new network. I can't wait till January. #poundinggrape #PENNYCAN!!!",1
@TheAmazingSalah You're saying perseverance in all instances. That doesn't mean #OccupyAUC is equivalent to 25 Jan revolution. see the diff?,-1
Don't be surprised if we end up waiting until November 16th to find out who the next POTUS is... #OhioProvisionalBallot http://t.co/VYsdhBFF,-1
Good luck to all my babies taking History and Physics tomorrow! May the force be with you! Make history!,1
Tomorrow by The Winans is on my heart so heavy this morning... Wonder who needs to hear it!,1
I'm sorry she may be the queen but Madonna is a bitch #gogaga,-1
"Tom Boonen has been summoned to man the polling station in Mol this Sunday. If he doesn't, he'll get fined http://t.co/zEPnatOJ",-1
Addicted to #Dexter... what's new. Almost done with season 5 and I just got it on Thursday!,1
"Finally in bed. Such a long day, but so much was accomplished. Athens tomorrow!!",1
"@Tokcik @TBlaqsta mxm wena Rebo, i know how to..and you guys are flooding up my e-mails.tltltltltlltltlt.Rebo and Tk, OST tomorrow night???",0
Nikon has once again proven it's a small world after all with the latest ... - Herald Sun http://t.co/ZRyswQZp,0
"Wisin & Yandel record song with Ricky Martin, JLoTimes of IndiaThe reggaeton duo Wisin & Yandel announced Monday... http://t.co/I4SOY1Xx",0
@SimonBorchardt Exactly. Back to Super Rugby ending at the end of May again - when the new deal is signed for 2016 onwards...,0
@strapupshawty15 Hey Reggie. How are you ?  I'm very sorry that haven't had the chance to get back to you. I'll e-mail you tomorrow,0
"OBVIOUSLY, i am not a fan of Dream High 2 and i haven't even watched it! well, i watched the 1st ep,that's where i heard that song!^^",-1
Had a great night at the club and now just chilling before going to the pit of doom for the night! Will be playing HF again tomorrow.....,1
Several new series available Friday at the All Arts Market at Neighborhood Theatre! http://t.co/ikr4u6Sd,0
"@jennettemccurdy wow look at this another amazing Monday ""Jennette On Ellen"" in 8 place we do this for you we love you http://t.co/lTHURVaW",1
#NowWatching ~ Silent House. Guess I'm in love w/ Elizabeth Olsen. Gotta find 'Martha Marcy May Marlene'. Heard that she's really good there,1
"@Cianaf Capello had poor english in his first press conference and used a translator,by 1st game he spoke fine. Cost isnt' an issue #Trapout",0
"Madison don't wipe your black lines off !! ""It's like Ash Wednesday, you don't wipe that shit off.""",-1
anderson silva is fighting saturday in the ufc.  you know he can't lose.,1
Now watching NCAA Finals Game 3 in TV5! May the best team win!,1
Yesterday I asked Maria where the candy was and sshes like ill get it tomorrow when all the candy is on sale #ghetto #candy,0
Sitting in the sun listening to Nipsey Hussle,0
"Prince William met 'the Rottweiler' Camilla Parker Bowles and she came out ...: Harry may be full of mischief, a... http://t.co/2J3EZYmi",-1
I reckon in 6 years time I'll be in with a chance of fucking Pixie Lott if I bump into her on a night out. Rohypnol may be required.,-1
Absolutely gutted. Wish I could watch RT @680News Lloyd Robertson set to end 41year run as national news anchor tonight http://t.co/rFuwYds,-1
@Boro 3rd in table and look good a great performance today. Lets drag that to the Mackems on Tuesday! #UTB,1
"C'mon Rebels, put an apple in the pigs mouth!!!  Red Wolves fans focus all of your hate & anger at the pigs tomorrow.",-1
Aw what the hell Curtis Painter coming in and we give up 3rd and 18 conversion.,-1
Going to see @JohnCena and @CMPunk along with all the other @WWE superstars December 3rd in Greensboro NC :),1
I took my boyfriend Best virginity last night in Club Bodi...it was her 1st time goin 2 the club EVER @smokers_lane HAPPY BDAY CHUM CHUM,1
Congrats to @MizzouSoccer as Mizzou beats Kentucky 2-1! Tigers advance to face top-seed Florida in the semis on Friday at 6:30 pm! #MIZSEC,1
My official bday weekend kicking off party Friday Sept 21st @ Club Bodi and going out with a bang Grand Finale @ ... http://t.co/ugKipl13,0
"Unobscured, the sun will shine again! Stand In Your Anointment - This Too Shall Pass! See Trailer & where to buy book http://t.co/x3mik7uc",1
MTSU takes a timeout. stops the play clock at :48. They are facing a 3rd down and 9. If they convert its over. If not there is a slim chance,0
"Fabio Capello: ""From what I've seen these days I can assure you Russia are capable of getting a good result vs Portugal tomorrow"". #cantwait",1
"Ryan Reynolds may be back for a prequel or sequel to Safe House, with or without Denzel Washington. Script is in the works.",0
Yo unnu memba #AmbroZia THIS SATURDAY at Oneil's Place enuh!!!!!! Bear TingZz Production it loud!!! U hav u ticket yet?!?!?,0
@katytlam @KatieTD21 Kath. I hope you do enjoy the game last night. Tomorrow has another game. Go JLin!,1
"Sun., July 29, 2:30 PM  ""Rock 'n' Roll, the Opposites,  & Our Greatest Hopes--A Celebration!"" http://t.co/lFSzSuyO",1
3:35 Saturday night in Okinawa... Lets call it a night. Lights Out.,0
"@joshsteen We're on a normal recording schedule again, Mondays around 6:00pm Eastern, would that work for you one Monday? 2/2",0
@MorinVirtue Obama is weak because he could have done it alone with the 14th ammendment when he knew that congress would block it.,-1
"One of the hottest up and coming artists @AkielBeatz will be performing july 29th at Rex Theatre in southside, Pittsburgh!! tix only $10",1
@Rastafaryebread I'm so excited for the Magic game this Friday. We play Denver so don't un-follow me,1
sept 9-11th pcb florida 60$ a person due by aug 27th need 15 more people to fill the bus dm me,0
Now y'all know all that Halloween candy is gonna be on clearance tomorrow...you can save it for Valentine's day :),1
"Bioshock Infinite release date February 23. ""Would you kindly...."" just get here, already!",0
#TOLOnews TOLOnews 08 October  2012: Top news in this Bulletin: The International Committee of the ... http://t.co/zny0E73s #Afghanistan,0
Congrats @JimmyDykesLive on your new contract. Can believe this is you 18th season at ESPN. Time flies. Always delighted to see you at Rupp.,1
Just handed in my application for the Marie Colvin Scholarship at The Sunday Times. An exciting moment.,1
Would you LIKE to see cornerback Champ Bailey play in his twelfth Pro Bowl this January? 2013 Pro Bowl voting... http://t.co/znA416fc,0
#Trayvon My daily tweet (10-27) in memory of Trayvon Martin - killed 245 days ago ~May you Rest in Peace~ (We must never forget you.),1
@TheBigLead I need to see Jeremy Evans on Roni Turiaf all over the place tomorrow.,0
Sandy Alderson may as well change his name to Madoff because he is robbing the Mets.,-1
I have the same birthday as both Anderson Cooper and Nadal. June 3rd is an awesome day I guess!,1
Happy Birthday Nick J  May you live long and Happy :),1
Happy Friday everyone. It is 07.48 in South Africa. A great day to all and enjoy a super weekend :),1
This may be a fact!! RT @RaheemBrock Curtis painter will help the colts win their first game! U heard it here first!!!,1
Probably not going to be seeing much of the Semi-finals tomorrow because I'm going shopping around lunchtime,-1
Why has no one put a YouTube video of Todd Bertuzzi assaulting Steve Moore on an iPad while he's in the penalty box?,-1
Interesting: Sacha Baron Cohen to play  Freddie Mercury in the latter's biopic http://t.co/9cuku4s8,1
Weird music mood today . Lots of Hank Williams and Johnny Cash running through the iphone.,-1
"Fox Chicago, you make me angry. Playing the Vikings vs Redskins over the NFC Championship rematch 49ers vs Giants tomorrow????",-1
"No Knicks tonight, This makes me upset enough that I haven't tweeted about it, you know shits gotta be real smh Tomorrow night, Knicks/Heat",-1
"Thank you snow for cancelling classes today. Now you may stop snowing, so that I can drive to Chapel Hill tomorrow. I'd really appreciate it",1
@RaggyRach next Wednesday going to the Disney one. No chance Avril will go to the universal night #wimp,-1
"Blog Post: Vice President Joe Biden to Present the Top Ten List on CBS's ""Late Show with David Letterman,"" Thursday,... http://t.co/m64KUzET",0
@colinmochrie Congrats to Lloyd Robertson on the Gordon Sinclair Award tonight at the Geminis. Last broadcast on CTV Nat'l News is Thursday.,1
My xbox live ends tomorrow :( MW3 and Gears3 all day! Hit me up!,0
"The Jazz agreed Thursday to a three-year, $5.5 million deal with forward Jeremy Evans, The Salt Lake Tribune has ... http://t.co/vhH9APuh",0
"Tickets for Troy on Stub Hub for $12. Sad but if you have a youngin', Saturday would be a great day to take them",1
@dorcov YUP. And did you watch Degrassi from friday yet? looool awkward campbell,-1
"When Eraserheads, Francis M. and Rivermaya are in the same stage | The APR Blog http://t.co/R8sZlfje via @arjaypaulreyes",0
"@RolandT125 as much as I hate to say it...Saurez, Ronaldo, Nani, Pires   I could go on and on he may have a point bruv.",-1
"@theN5er lol I been in Oz 6months now on my 4th & final stint. Love it but do miss London, prob coz I can't get 2d Emirates no more. #afc",1
"Tom hanks and bill Murray may be the two people I would most like to meet. Well, them and Scarlett Johansen. Different reasons though...",0
Fake Democrats lose in Wisconsin primary recalls All six fake Democrats lost to Democrats supported by the party in primaries Tuesday that,-1
"With all Benson's attention, Frankie feels like a forgotten stepchild. Lets 'founding father' him so he know we will never forget 2nd place.",-1
@dazzlindez @hotspur18 Don't feel obliged to discuss #Dexter tonight. Living it large in Brighton so please use direct messages....,1
"ok.. going down to Melaka tomorrow morning, with two others.. visiting fren in ICU. :(",-1
"Ok all y'all Catholics, tomorrow be a holy day of obligation. Be sure to get y'all a$$ to mass.",1
@ChicagoBears can not let be a let down game Sunday with Houston and San Fran coming up. Gotta focus on beating Tennessee. #JayisourQB,-1
US football down 7-3 at Chardon tonight after 1st Q,0
"Wichita St is just a team full of corncobs. Also, if they play ""We Ready"" today, place will explode. #shakeandbakejays #BOOTSTOASSES",1
"Steve Jobs: Source: www.quotationspage.com --- Sunday, August 14, 2011""You can't just ask customers what they wa... http://t.co/0WEZhWW",0
"LPG price hike put on hold: Facing stiff opposition, the Centre on Thursday night put on hold the Rs. 26.50 incr... http://t.co/9ouJesPv",-1
I just became the mayor of Sun Cellular - SM Sta. Mesa on @foursquare! http://t.co/nlZSiH58,0
Who wants to go with me tomorrow night to go see @TheSaturdays at the Roxy theater? tickets are cheep. Thanks and please please please!,1
I'll be playing #MITD tonight around 8:30pm EST. Open Lobby will most likely be TOMORROW EVENING. Keep an eye on YouTube/Twitter.,1
Anyone going to Siberia for the HOD show on Saturday?,0
And Rhonda Rousey has officially won by armbar..for the 6th time. 6-0.,1
"and now I do see it's up. I'll blame it on a case of the Mondays. Creighton picked to win WBB, SIU picked to finish 8th ahead of Drake, UE",-1
Desperation Day (February 13th) the most well known day in all mens life.,-1
My soup just blew up in the microwave and exploded everywhere. So far today has been a bigger bitch than Madonna is to hydrangeas.,-1
NFL Commissioner Roger Goodell says he may cancel the Pro Bowl: http://t.co/XXsEiykQ Would you care if there was no Pro Bowl?,-1
@RockstarGames Bring GTA3/Vice City 10th Anniversaries to the PS Vita!,0
@philtufnell can we get a RT: Big North London Derby tonight Cockspur Rum T20 Cup 2nd round @HornseyClub vs Highgate CC 6.30 start @ Hornsey,0
Muse on Jonathan Ross  brilliant.        We have some exciting news about Muse to announce Monday  from Gotham Records,1
@ZachJayL  you won't be getting candy till monday. I am (by my own stupidity) a sick person right meow. .-.,-1
"#np BAGSAKAN by parokya ni Edgar, Gloc 9 and Francis M. <3 I may sound baduy but it's the only tagalog song nga NINDOOOOOT JOD KAAYO DMD <3",1
@sallydubats May your new year be filled with Magic.,1
@RichelleSampson At least by this time tomorrow the Yankees will be standing on top once again!! Who's Ellsbury??,1
"I don't give a Fuck though, it's all about #sockersweek #ChicagoMagicPSG Friday night Lights at Olympic Park",-1
I'm so pist that I might not be able to go to the Volleyball game tomorrow,-1
"@kinagrannis Two Birthday Cakes! One with Jelly Beans! I wonder what kind of Birthday Cake the 2nd one was? Goodnight Kina, Emi, and Misa.",0
That movie Flight with Denzel looks really good! May have to go check it out,1
I wionder if HISD has school tomorrow.. I want to visit my elementary school :3,0
"someone should come with me to Noel Fielding on Saturday night because Noel Fielding, basically #please #Iwillcry",0
"SAEED: #NowPlaying: BEP, Ricky Martin and KT Tunstall! Great songs to get you through your Sunday! Hate the rain!! http://t.co/c9PmolGw",1
@IvanCarterCSN billy cundiff. His missed FG at the end of the 2nd quarter changed the game. He'll never play again,-1
who's going Joseph Wright tomorrow?,0
Can't sleep...watching Stevie TV for the 4th time tonight @stevieryan,-1
"Ugh had ISS today , gonna have it tomorrow too -_- #gay",-1
Must get all my work done and ahead with cleaning my house before 10pm so I can have a night in with the Sons of Anarchy,1
"Just been to @RSPCAYORK with @mrsiveson for 1st time since Blake. Walked Reggie & Anna, 2 really sweet dogs.",1
"RT @AdamSchefter at practice, Lions rookie RB Mikel Leshoure was carted off field today with a left leg injury. > Lions dropping like flies",-1
"If Volstead went against #Braves on a Monday, he'd give up 5 runs in first, then cubs make a furious rally late to win #twostreaks",-1
"@Raheem_orDie tomorrow fc toronto vs liverpool? Are you go at stadium? Today napoli won 3 a 2 vs bayern !! Scored: Pandev,Cannavaro,insigne!",0
Two of my Oscars died today. Don't know why. I guess they couldn't stand it out till November 6th.,-1
"I'm pisseeedddd that I missed Kid Cudi's show in Dallas, it was trending worldwide that night, &all Im hearing is positive reviews of lolla",-1
Didn't get a chance to post this the other day. Goodbye Ralph McQuarrie. May you return as a Force ghost to guide young artists... #StarWars,-1
"This may be a reason to swap, iOS has too many daft games. ""Android is a desolate wasteland when it comes to games."" http://t.co/RjN9RrFT",-1
"Volunteering 4 the Obama campaign this AM! But I keep waitin 4 #Olivia to come in yelling ""Super Tuesday is coming people!"" @KerryWashington",1
Google+ Hangout with : OCTOBER 27th! 2PM Pacific / 5PM Eastern via #ASKLLCOOLJ #LLCOOLJHangout http://t.co/jbKWSFgD #KPOPTV #2PM,0
"@EricThuney You get it boy! Hey, thanks for the champagne & nummies...Very much appreicated & glad you & Laurin made it sunday..THANKS POOF",1
"@ScoreboardSteve I gave Verlander a slight edge over CC, but after today against Boston, he is no Cy Young material.",-1
"OMG Mali Music is going to be in Philly tomorrow! At the Liacouras Center, performing at the Kingsmen tour! I'm so sad.",-1
"Watched The Cabin in the Woods, Silent House, Psycho, and The Rocky Horror Picture Show today! Yay! :)) Tomorrow iba naman ulit! :D",1
tonight's Never Mind The Buzzcocks has the hilarious NOEL FIELDING again :) can't wait to download it tomorrow,1
I sure hope the skate center plays decent music tomorrow @Cpolk_22,0
Good Monday everybody! Wish we could start this morning with a little King cake....,1
"@mrjimBob @booksellercrow she's alright, she'll win the Brit Award for best female if she breaks wind between now and May.",1
RT if you think that John Cena is going to win at Summerslam this Sunday,0
"RT @blitzmegaplex: Kung Fu Panda 2 (in 2D & 3D, both with Indonesian subtitles) tentatively scheduled to open on Tues 16 August ^ISK #fb",0
I think I'm going to watch The Artist for the 5th time in 2 weeks 2nite before I got to sleep. <3 Jean Dujardin & his charming smile :D haha,1
"Who's next then? The Togo team of Emmanuel Adebayor (TOT), that's who. 1-1 away from 1st leg. 0-0 after 30 mins of the 2nd.",0
"#MT ""@ebertchicago 'The Artist,' posted new Thursday at Netflix Instant. The surprise winner at the Oscars. My review: http://t.co/0qTZMA3v""",0
"I think @TylerMedeiros should come back to Calgary. Saw him in September and yeah, he's hot. I love him. <3 #nuffsaid #comeback #love",1
"Harry Redknapp tells ESPN that rumours he has an interview with Blackburn on Tuesday are wide of the mark: ""No chance, I am playing golf!""",-1
"Not able to watch the Enrile documentary, but I've a sense he (yet again) won't like tomorrow's INQ editorial.",-1
@olejp3 http://t.co/ldMxHLq Im sure it will replay on NFL network tomorrow too.,0
This time tomorrow night ill be partying it up in chapel hill :) #cantwait,1
Super excited for homecoming Saturday with Monroe! :D my new nephew is here but I can't see him :(,1
"The sale of the season hosted by Lucky Magazine with Grammy winner Jennifer Hudson, starts November 1st at 82Mercer http://t.co/RbKNjCbC",0
"RT @art2u2: Good Morning! ""Today Voters go to the Polls in Wisconsin's two Final Recalls"" | Reuters: http://t.co/pKZCJZU #p2 #tcot #wirecall",0
@leoraheilbronn @broadwaybabyto I think the stroke of brilliance in casting may wind up being Sacha Baron Cohen,1
"as some of you may know we have a fish tank & this little guy is named Jeff Carter. sadly, i think he's dying. http://t.co/Bhil5DXL",-1
I just realized that tomorrow is Friday which means tomorrow is the Kingsburg Vs. Selma game :) #excited,1
@usnews http://t.co/QEsN5NDJ  Too bad Mort Zuckerman does not believe in the 1st amendment NYDN website evil,-1
Our neighbor is removing some trees and my 7 year old has been so bothered about it all day at school.we may have to lay off Lorax for a bit,-1
I'm really pleased with your concert in Mexico on October 1 and of course I'll be there! @justinbieber,1
"@Yuki_18_j Good morning, yuki~! Oh, i like your name too. Does It means snow? Riko isn't my real name, i've chose it because i like japan.",1
Be sure to watch the broadcast premiere of the official 2012 Iditarod Race documentary - Sunday 6-8pm. http://t.co/M5Nm7VJj,1
"@jascurtissmith Did you greet Josh Bradley last sunday, his bday? I hope. I love your loveteam!",1
ATTN: Friends and fans! Come join me at Birdy's Thursday night @ 9:30 for a night of acoustic music!! Would love the support! Hope to see u!,1
Stayed up too late to watch the 1st ep of Sons of Anarchy. New favourite show! #sonsofanarchy,1
Can't wait until April 7 going to see RiRi in concert,1
"@Daniel_Dennehy Just saw u with Cannavaro, didn't know u were here in Italy! Congratz for being the 2nd best in the world!!! #Legend",1
"David Haye claims a fight with Vitali Klitschko ""has been agreed"", according to the Sun. Better start protecting that big toe David...",1
"I may treat myself to some Serie B this evening. Cesena v Novara, maybe remind me of how much I loved Gianluca Comotto if he plays #joking",1
"Martin Atkinson is referee tomorrow. If you don't remember, he's the one who ""missed"" Balotelli's shocking tackle on Song.",-1
Irving Plaza NYC Blackout Saturday night. Got limited spots left on the guest list. Tweet me why you think you deserve them,0
"Repost: : Microsoft's TV subscription, if not rumored may launch with Apple's iCloud - International Business Times http://bit.ly/qol15p",0
@hannahlanase08 Only Sofia Andres will go here on Sunday at SM Bacolod. . 5pm. . are you going ? ;) -T,1
I have to go to Chapel Hill tomorrow and the #USPS STILL hasn't contacted me or found my damn SPEECH PROCESSORS!!!! I hate the #USPS,-1
"TGI Friday's was good! Going to the moves to see ""Rise of the Planet of the Apes"".",1
@kelly_phelan Nice to meet you! Best wishes from Guatemala! Il Divo will be here in concert for the 1st time ever on the 28th! I'm going! :D,1
"How much does @MittRomney want to win Va? Enough for 2 more rallies here on Monday, last day of campaigning, in Lynchburg & Fairfax.",0
"It's so early here in Germany, my American friends are just now getting drunk. Off to Prague, knuckleheads! Talk to you on Sunday! #CzechRep",1
"Ermahgerd, why is it only 10:46AM?! I want Sunday to come already. Shopping spree at the Florida Mall, yes yes yes. #MuchNeeded",1
Pray for Mohamed Morsi the new President of Egypt that he may continue to be a leader for freedom and peace.  http://t.co/f0LKm17i,1
"-but Saturday.. if you can make it to Monroe, please do so ! the after party for 3 different games is all in one. #GSU #JSU #ULL #ULM #Tech",1
Post of the night:  Anonymous (ID: ExcV6jkR) 11/02/12(Fri)00:52:39 No.434329650 This thread is like watching a monkey fuck a coconut,-1
"DAMN, Someone saved HOLDER from the Earthquake! technically dont know why w/Biden out & Obama always out Boehner is 3rd in line!",-1
"@Bobandy1, @JonathanKyte, @neilmorgan1985 don't forget to look out for me and @JemmLou in the audience of Celebrity Juice tonight. Bangtidy!",1
How in the world do you go the NFL Combine knowing u have a chance to be 1st Rd pick & test positive for marijuana? #reallystupid,-1
Dr. Mohamed Morsi announced as Egypt's first elected President after the glorious 25th of Jan Revolution..,0
@bellaelly PS I have been seeing on our Chicago News about Henryville's new (old?) school.Have a good day tomorrow it is midnight already TC,1
Occupy Unmasked with Andrew Breitbart - Citizens United Productions http://t.co/ppVuF9K4 via @sharethis*hAPPY & CHEERY MONDAY!* LOL or NO???,1
I'm not going on holiday until the 25th because me and my dad wanted to watch the Inbetweeners movie when it came out LOL :') - Georgia,1
@CJCherryh Screen shot from the 3rd ep. of THE FINDER. I think someone thought it was a romance novel: http://t.co/CayczEQI,0
Tomorrow is gonna be like the Super Bowl for the Ravens vs. Steelers game,1
That's complete crap. @sportsaholic007 Began and Sadat were all about peace. Bibi wants to use our military for free. @janie_austin < C'mon,-1
"niggas boutta be DROPPIN like flies down georgetown tomorrow , you wont catchh me there !",-1
"Cloudy in the Valley, good luck on your 2nd day of classes!! See you in the emerald city (ISAT)",1
RT if you're stoked about Monday Night Football!!,1
centre for social justice report on Gangs - one year after the riots. http://t.co/A6gtlVQI #d policy may have exacerbated problems.,-1
RT @FloridaDMA: Register now for the Florida Direct Marketing Association's Nonprofit Summit on August 18! http://t.co/t6xa19Y,0
"JBid sounded a bit like James Murphy last night ""I was there ..."" (""when Ronald Reagan ...""/""at the 1st Can show"") http://t.co/WPDJu9gq",0
colts game tomorrow with drew Budd!,1
"Gunna have a dank trim and maybe treat myself to a KFC tomorrow, get me in the mood for the weekend...",0
"#HowToPissAGirlOff stick a dead goat through her letter box on february 14th with a note written in blood saying ""happy valentine's day""",-1
Ahaaa. Mom is funny af'. LolRT @SpeaknOfAshh: My Mom called & said she's going to thee club Saturday to see Plies -____- Mom sit down .,0
Four Lions is a brilliant film but I think it may be a bit insensitive of Channel 4 to show it so close to 9/11...,-1
Gov. Mitch Daniels will announce his Indiana Supreme Court pick at 10 a.m. Will the 3rd time be the charm for a female member of the panel?,0
Godfrey was kinda funny though on comedy central tonight.,1
Max might have to get put down tomorrow </3 absolutely heart breaking if I have to see my puppy go. Love you Maxy x http://t.co/lyHVHL1F,-1
i keep thinking about the fact that MMG will be in lexington on saturday and i won't be there:(((((,-1
"Activists demand release of Jharkhand tribal leader: New Delhi, Nov 1 (IANS) Condemning the arrest of woman trib... http://t.co/LZlgb1NW",-1
DRY by PJ Harvey is a brilliant record. I listened to the whole thing yesterday on a break from editing. #filmmaking http://t.co/SJAAmVJ,1
@RevJCMitchell  Thought you might appreciate this photo taken of AJ at the Celebration Sunday better than anyone! http://t.co/Rfa01cr5,1
"@kerrycupcake You off to Cork ? have lots of fun & safe trip, you've done a lot since your 1st meet at Eurosong haha",1
Tennessee game Saturday with @King_Gunter :),0
"I do worry about the mentality of the average tweeter when I see Jeremy Kyle, and ""Christmas"" trending on November 1st...",-1
"RT @dlnt: RT @WDWNT: Rumors say it is ""Tangled"" and it may replace Beauty and the Beast at Studios and Aladdin at DCA. Just a rumor for  ...",0
RT @Arsenal: The FA will be bringing a new interactive Road Show to Arsenal Ladies ahead of the game against Everton on Thursday,0
Going to a Sunday matinee of Dredd 3D. Probably most excited for the return of Lena Headey's natural hair color. Sarah Connor > Circe,1
"@QueenyMotsoane lol. Yeah I kinda think I do...I heard you were in Milan, Italy ne? How is it? October is perfect!",1
DTN Bangladesh: BPL issues to be decided Nov 1: Bangladesh Cricket Board will take a final decision on the Bangl... http://t.co/U7if5epy,0
Kalo messi??RT @RmadridInfo: Pic: Jose Mourinho with Sun mingming (Chinese Basket ball player & one of the ... http://t.co/3NB9Mt35,0
@MACCartel412 @Looney412 @jungphil609 just added to the June 15th show at Rex Theatre! @TOLLYBANDZ LIVE!!!,0
"media going mad for anderson silva in rio and its only wednesday , saturday is gonna be epic @ufc",1
Inbetweeners and ben and jerry's tonight I think !,0
Banana walnut Pancakes and a side of @BrooklynCured sausages. Slide up to the counter for a Soda Fountain  Sunday brunch. Enjoy!,1
"You know what, i dont give a shit about tomorrow YOLO",-1
Settled part of Bali stuff with the friends. Tomorrow some more. Totally forgot about my 8am class -_-,0
Watching Act of Valor for about the 17th time. But who's counting,0
Hide in country clubs all U want Boehner! ReverseRobocall.com launching soon & I'm one of 1st in line! Join me. #launch http://t.co/6Qpx3X4,1
Ivanovic reaches Kremlin quarters: Ana Ivanovic advanced to the quarter-finals of the Kremlin Cup on Thursday by... http://t.co/xbIC4XmT,0
@NiallOfficial AUSTRALIAN DIRECTIONERS just had a heart attack. the news said that you boys were back here in Oct/Nov :-( #nottrue ? x,-1
The International Committee of the Red Cross on Friday warned that three Palestinian hunger strikers were at risk... http://t.co/rOHLu0N6,-1
"@ooteeny @stuwaldy will NEVER but the sun Jo, never!  EVEN - for a guaranteed date with Dave Grohl!!! Even then!!!",-1
@limmengkeong hahaha.... Rest assured it will be something big on Tuesday in Putrajaya,1
'Machete' star Danny Trejo and David Hasselhoff to guest star in the 4th season of 'Sons of Anarchy' http://t.co/ZQl1M41 via @The_Stir,0
I guess Knicks/Heat is on for now. Pretty clear that tomorrow's game wasn't going to happen.,-1
More NBA tomorrow.. Free NBA league pass till the 6th.. What did I do to deserve this (rozay voice),0
"Premier League Team of the Week: Van Persie makes cut for 10th time this season as Szczesny, Ashley Young & Jonn... http://t.co/r0HWM5zu",0
Gutted about Bellamy and Smith  but we signed fulham player on loan until December 2nd and seen him on YouTube he looks good,1
@olearychris Then he makes his first career field goal for Edmonton on November 1.  What a year.,1
Mail on Sunday: Cesc Fabregas is so desperate to leave Arsenal for Barcelona that he has offered to give up more ... http://tmi.me/e71Co,1
@TRX450R I'm not sure I'm going to Brownsville tomorrow,-1
We get Garner 1st round. Got to beat the beat to be the best!! @ADHS_Football #ADN,1
"If you want to see an exciting finish to the 2005 UT at Bama game, check out CSS right now. 4th quarter 3-3.",0
Sixteen tomorrow omg what an breakthrough weekend with all the fellas in the building,1
@SJR1978 You staying up to watch Paris-Nice stage tonight? Should be exciting!,1
Brook Lopez the 2nd best offensive center in the NBA he not ass,1
I wish it was Sarah G. Day 'Cause that's my funday My I don't have to runday It's just another manic Monday,1
"Incredible pass from Vick to Kyle Williams. Williams out jumps Carr in the end zone, 21-0 in 2nd.",1
Tomorrow October 25 Il Divo is presented in the valence Forum here in Venezuela! And I'm not going Hahaha,-1
@PaulRyanVP I wish Mitt quit all this lying about what they can do.  If MR was such a great leader he would've sought a 2nd term in Mass.,1
"& then @JusSOBrooklyn idk he danger, we in a whip full w/deals,weapons & Beyonce new CD - night almost killed me IM N2 self preservation bro",-1
Elimination Chamber is going to be in St. Louis May 19th.. I have to go.,0
#Jedward wins the last at #Newmarket. Tom Segal of the Racing Post will be back tomorrow to preview every race at the #JulyFestival. #racing,1
The fact that hunter Hayes and Carrie underwood are gonna be here Saturday and I'm not going??? #what #notokay,-1
I feel do bad.. My boo Asia bday event maybe cancelled for this Sunday!... I was soooo looking forward to it,-1
"@Im_JoeGrizzly bro get that FAFSA done tomorrow, last day.",0
Another day of ISS tomorrow. It won't even that bad.,1
Why is it so hard to find the @TVGuideMagazine these days? Went to 3 stores for the Castle cover issue. NONE. Will search again tomorrow...,-1
Love this. Early sunday morning window shopping while waitibg for the bank to open. Lost my e  @ Sylvia Park http://t.co/A7n1VsFT,1
Fun date night with my girl. Home early. Ice my aching body. Wish i had Netflix right about now....,1
"@RustySprouts too bad Rodgers and GB did nothing through air after 1stQ! I hope Tomorrow does good too, just not Tony Romo #spellcheckjoke",-1
How have I missed that today is National Margarita Day?!?!?  Kinda doesn't go with Ash Wednesday.....,-1
@JoshCribbs16 you too. we need you on sunday to knock the purple out of the Ravens.,0
"October is like the road to WrestleMania in reality. Halloween = Royal Rumble, Thanksgiving = Elimination Chamber, Christmas = WrestleMania.",0
Watched the 1st Season of Scandal and all I can say Is Olivia Pope is a Bad Girl!!!!!! Got Season 2 on DVR........,-1
Oslo has been gloomy the whole day. Am ok with the temperature but not the non-sunny outlook. Hope it gets better tomorrow.,-1
-.- today is Monday.. Damn it. I'm gonna miss my Rui En's show tonight.,-1
I gotta pee like a Russian race horse at the Kentucky Derby on Saturday with a truck behind it,-1
The only bad thing about Barack Obama having a 2nd term as President is that its always a flop 2nd time round historically,-1
"@NoQuivering @skepchicks I'm everyday dressed up with my Spartacus costume. So, if you miss this Halloween, we may catch up anytime!",0
"@702JohnRobbie , I don't feel the Rugby World Cup fever via 702, am I the only one? Isn't it Rugby Friday?",-1
"Europe AA prices may firm on Asian supply, but not in Q4 - buyers: LONDON (ICIS)--Buyers in the European a... http://t.co/RILhya5H #ICIS",0
My son's teacher is married to a former Auburn football player. I think I'll put him in all Bama gear 1st day of school! #RTR,0
Exciting game Fri nite Wildcat football...not ur fault it was not a win...mayb this wk...Go Cats,1
B-CU Fans: A live video stream of Saturday's football game vs. Morgan State will be available at the following link... http://t.co/o5ROL0ND,0
With Krul injured for Newcastle does that mean that Rob Elliot will start in goal? Has he been on bench this season or 3rd choice. #cafc,-1
"Perry: but Morgan State scored a touchdown at the top of the 4th quarter, cutting Howard's lead to 21-14 w/ 11 minutes left in the game.",0
The Donkey Show - Friday the 13th is an exciting day for the Adrienne Arsht Center of the Performing Arts in... http://t.co/bBWutUD0,1
@cspanwj All RW'ers with VANS should call local Romney Campaign and offer to help transport GOP voters to the polls now until Tuesday! #tcot,0
Brandenberg for three. 91-32. The 5 guys that practice with the WBB team may get in this game at this rate #letsgovcu,0
"The Brits don't need US-style debates. They debate every Wednesday. Then again, the UK parties don't have to work together. Usually #pmq",-1
January Jones in Jason Wu: Usually I adore January's red carpet looks but this isn't for me. Nude with black mesh =meh http://t.co/mv5Nl3h3,-1
Stick with Libero for live updates from the games tomorrow: Feyenoord vs Ajax and Bayern Munich vs Bayer Leverkusen,0
Just close your eyes The sun is going down You'll be alright No one can hurt you now Come morning light You and I'll be SAFE AND SOUND #NP,1
Really looking forward to watching Tony Romo run for his life tonight!  @EKD92 @1_900_ayersjr @MillerLite40 coming with it. #orangecrush,1
"Gregg Williams will attend St. Louis Rams game Sunday, ESPN reports: Jonathan Vilma points out the interesting t... http://t.co/zfk0J0qm",0
"Perry: Morgan State is beating Howard, 7-0 at the end of the 1st quarter of Howard's Homecoming football game.",0
"RT @EurostarUK: Experience the excitement of the Nuit Blanche, an all night art and culture festival in Paris: http://t.co/AWd3FSh",1
"Check it out!! Frobisher Says! is Free for PS Vita October 23rd: Posted by Don Mesa // Director, Product Plannin... http://t.co/ClXm1k28",0
3rd one dropped by Afghans. This is not how you put pressure.  #indvafg #wt20,-1
The Brits are punishing us for American releases always being late across the pond. #Skyfall to come out on November 9th. #damnyou,-1
@gianicos @mikejefferiesl4 That's like blaming Rafa for the season we finished 7th while ignoring the negative impact of Cecil and H&G!,-1
Stars Play Hollywood Icons - JANE FONDA & ALAN RICKMAN AS NANCY  http://t.co/ZovWAHzB @cgendrolis we may just have to c this 2gether!,0
Looper was amazing!!! Now to the theatre to see Simon Callow's 'The Mystery of Charles Dickens' ...loving my Wednesday off work :-),1
"Hey, it's Gary Carter bobblehead night when the clones come to VT on Saturday.  25 cent hot dogs and fireworks on Friday. Woohoo!",1
The season opener for the New York Knicks is now Miami @ New York On Friday. That's how it should be.,0
"guys the Trayvon Martin case doesn't start til JUNE 10,TWENTY THIRTEEN!!! #STEEP #GRADUATION",0
Going to see Rise of the Planet of the Apes tonight...oh yeah.,1
@From_A_Balcony haha. You know i cant deal with athens after last saturday. Hear their ignorant asses talk about the game. Lord help me,-1
"@ugodofwutang Holy shit, you really replied! So my birthday is coming up December 31st. Any chance the Wu will be around Greensboro NC then?",1
"Looool @bumight: Plix leave Ebuka alone, my own birthday is May 14, and before then is Christmas, Valentine's day",0
@Darien_Smalling the Pro Bowl definitely isn't better and NBA All-Star game is trash until 4th qtr,-1
@teentripper ATE DANICA thank you so much you make may day happy ate pwede po ba makuha number mo ???? :)),1
Ghost Rider 2 is pretty shit.. I liked the 1st one in all honesty but the 2nd is badly directed.. the shaky camera style is disorientating,-1
"@Zararugosa Good morning Becky. Hope all's well, may you all have a good day",1
I guess I should've been out giving out books last night for World Book Day. Instead I sat in large dark room watching the Avengers assemble,-1
"The destination of Thursday's Premier League was decided today, see who's gone into the Hall of Fame. http://t.co/lySbvgCo",0
"I may be the odd man out on this but I don't get all the buzz on this Kendrick Lamar. Decent I guess, but not stellar.",-1
"@sinbadbad I do believe Trayvon may be innocent or may not, but I don't like it when people gin up mobs & hate even if they don't mean to.",-1
"First day filming on Dancing on Ice tomorrow, should be interesting.",1
Back to Norwich City tomorrow to do loads more shopping as we couldn't fit it all in on Monday... #shopping #Norwich #addicted,-1
Look forward to watching Alex Reid on Celebrity Juice at 10pm on ITV2 tonight.,1
#entrepreneur #angelinvestor pitch in on the new birthday party / Super Bowl Sunday treat http://t.co/HcU3990c,1
Watching Ghost Rider: Spirit of Vengeance. It's much worse when you may have thought. #fb,-1
@BadmanTips commentator says Porto dominated 1st half & looks that way again in the 2nd,0
"2 games left in the division: vs WSH at FedEx on a Monday night, at home vs. PHI last game of the season",0
Shoutout to all the boyfriends that treat they girl like everyday is Valentine day instead just on Feb 14.. if so I salute chaa..,0
R.I.P Runako Morton. Sad day for West Indies cricket.,-1
If you call me 'Good Girl' one more time you may find my scolding hot coffee heading towards your crotchal region.,-1
Beautiful sunrise at the Washington Monument taken by @abpanphoto - http://t.co/bga98Srw,1
[3243] We just unlocked Motorola MB200 from Nigeria MTN network. Unlock Your Cell Phone today at http://www.unlockcellpro.com,0
Valor is official screwed tomorrow.. Audis and BMWs aren't good in the snow.... #ValorProblems #richkidproblems #letsgetoursecondcarsout,-1
Michael  Just heard Green Day's 'Time of our life' for the 1st time since leaving florida and i burst into tears. I miss...  Penderg,-1
Happy 4th Birthday to Mersey! Celebrating with a new squeaky ball... My ears are not celebrating. http://t.co/hkG53dRJ,1
@FFFabFFFab well destructo is on there and he's not playing. but lineup and hours are released tomorrow.,0
#Khader Exists Israeli high court will hear case of Khader Adnan on Thursday. That may well be too late. Where are the protests?,-1
"If @marco_ten didn't like Coloccini being likened to Bobby Moore, he will hate MON claiming McClean and Johnson 'class' #safc #nufc",-1
They figure they better get it all in tonight cause of Verlander tomorrow?  Is that it?  #Indians,1
can't wait to see the anderson silva fight saturday woop woop,1
@peckbros just sat in with King Cake. Fun times!,1
"Had a pretty good night. Jogging on the beach, swimming in my clothes. Popcorn and Family Guy. Excellent. :3",1
"Who's appearing at the Houston Livestock Show and Rodeo come March? That is, other than George Strait?... http://t.co/5u61o6o9",0
The Raiders need to represent tonight!,1
@mahesha13 Ying wants to know if you still desire her Competition readers? She can bring them in tomorrow if so.,0
RT CBSAtlBreaking: Jury selection begins today in the trial of Conrad Murray. He's the doctor charged w/ involun... http://t.co/Vxs4cz6,0
Jonathan Clary's blocked punt sets up Mike Longo's 3-yard TD run and Laguna Hills cuts Dana Hills lead to 20-17 with 9:38 left in 3rd,-1
Mom left for Scotland today. Or Ireland... Keep forgetting where she went to. But both places have cool accents! I know that!,1
"@SaraRosinsky Hey come to Tallahassee Saturday. Good, it's decided then.",1
next monday = Vampire Diaries are back! watch it :) very happy now :),1
I hope I can get a ticket to the #1D concert in Belgium!!!You can't order them till Saturday!Pfff...:s,1
#Trayvon My daily tweet(s) 10/17 and 10/18 in memory of Trayvon Martin - killed 236 days ago.~May you Rest in Peace~ (Love to the family),-1
Ranked 2nd in the BCS! Which is pretty much first because Bama isn't even real. Just another great day to be a Wildcat.,1
"Sat watching the fucking Celtic game, sounds like I'm missing a corker at white hart lane",-1
Like if you're proactive about your health! Don't miss THIS SUNDAY'S live Google+ Hangout about genetic... http://t.co/EVhaTA6d,1
"@karmalitaM haha , course not ! and im coming to pick you .. milan & taylor up from school one friday . so be prepared (:",1
The MTA should be pretty embarrassed tonight.,-1
Wish FIFA would make league results and tables a bit more realistic. Man Utd in relegation zone after 15 games and Aston Villa in 2nd.,1
Can't wait to see Carrie Underwood on the 27th,1
"#nw kung fu panda 2. dnt judge me, i like animated movies (plus the 1st one was the shit).",1
Thanks to all who came down to Mardis Gras in July at the Fullerton Downtown Plaza last night. All proceeds went... http://t.co/62uOiY2E,1
Just found out that the new season for Vampire Diaries comes out Sept 15th :-),1
"@bballSource he just got completely, utterly lost.. it's not like there was a viable 2nd option, everyone knew it was Parker's shot!",-1
@smiley_jedi Brilliant result!! I think the winnings may go on our phone bill after I'm a Celeb or Dancing on Ice if the rumours are true :(,1
@nickjonas Happy 20TH Birthday Nick J! Hope it's one of the best! You've accomplished so much already... And so much more to come. LOVE YOU!,1
This Thurs. College night at Xclusive first 50 ppl with College ID $2 after that $5 make it your move to be there,0
Someone be sure to tell George Clooney to keep the Andrea Gail at the dock tomorrow.  Read @StuOstro: http://t.co/PwgbB8Ck,0
"Apple CEO 'extremely sorry' for problems with new maps: Source: http://t.co/uKRV96Bg --- Sunday, September 30,... http://t.co/SiClT5TP",-1
"@greysonchance it's not fair, dear... #truthbetold will be available in Taiwan on 2, Nov. It's TOMORROW!!",-1
Sad to say #knutsfordlitfest nearly at an end. Fantastic event last night with Michael Portillo. Last event tomorrow with Charles Dickens.,0
"omg wait, Bel Ami comes out tomorrow! I'm going to watch it, finally.",1
"PRIMAVERA: BOLOGNA-MILAN TOMORROW - MILAN &#45; After a loss to Cesena and a won over Verona, the Primavera side get... http://t.co/rTKdTlUo",0
"The sun is shining in Cornwall today, perfect for a walk in Padstow & grabbing Rick Stein's Fish & Chips on the way - http://t.co/yAj88n8Y",1
"Express Front Line with Kamran Shahid ""International Day of #Women"" 05 March 2012 #Pakistan #MQM #WomenPK",0
"@pvoelkel In your defense,my love of Dickens' original may be regarded unnecessarily high in my eyes because of the history I have with it",0
Dee Dee Ramone's exhibition of visual work opens tomorrow! Dee Dee & Shepard Fairey prints for sale at the opening! FRIDAY 8PM-11PM,1
Okay if you go to Elon University and do not go to the Rip_Chords concert Saturday...you're sinning.,-1
ALMOST forgot about VCU's Open House this Saturday!,0
"Gotta remember to bring dionje candy tomorrow, lol he got mad at me today!",1
@_JustAnother1 smh I'm just waiting on the black ppl to cuss me out tomorrow about Denzel lol NIGGAS!!!,-1
"@greysonchance, since you're in Asia, Good Morning! xo Can't wait for November 11. :-)",1
@R2UK @double6jg @isandbach one of the clients had it today. We get it tomorrow. I'm hoping I notice unlike HD TV!,0
"@jimmeyotoole Reviews hit tomorrow, will be writing up my initial impressions then. My general tip for big Android tabs: No, just no",-1
@Michael5SOS are you coming to nz tonight or tomorrow morning?? Waaa im so confused ):,-1
"@smartkid2015 The Galaxy S III will be available in select stores this weekend, and in all MetroPCS stores and online on Monday the 22nd.-JG",0
Well this may not sound nice but it's true that Runako Morton would have never trend in twitter in his lifetime :P ..... R.I.P. young man :(,-1
August 28 I'm playing a Los Angeles charity event at Bootleg Theater...Mia Kirshner of Vampire Diaries heading it up. Come out!,0
@Pikeyessex just in case you haven't had enough we have plenty of Birthday Cake ready for you tomorrow!,1
Men's latest bedroom worry: '50 Shades': E L James' 'Fifty Shades of Grey' may be supercharging the sex-drives o... http://t.co/bUdnfyFz,-1
"@degrassihaha Going to the Holy Land (Canada) tomorrow. If I'm lucky, I'll meet some of the Degrassi gang. Well, in my dreams :P.",1
"@ExecutiveOtaku o_O Well, (un)fortunately, you'll prob need at least one of those if you come to London in late Oct.!",-1
"@Wildthyme467989 yup, technology makes it feel like you are all right next door. In which case, come over tonight for some Terra Nova! #Kain",1
Saturday is the last day of Summer Streets in NYC.. Enjoy car-free streets  between Brooklyn Bridge and Central Park! http://t.co/T6KIA4e,1
Anyone know where I can buy arolladora tickets? For pico Rivera? On the 14th?? WSS sold out:(,-1
Jerzy boy Janowicz over Murray! What is going on in Paris?! We'll have a new Master's 1000 winner. No big 4 past the 3rd round.,1
I can't forgive Farrackhan for the Malcolm X thing. And ninjas ain't done sht since the million ninjas march...name one thing.where the$,-1
"@lilyeliza1 Bruce Willis, Bill Murray and Ed Norton all in the same film. I may faint.",1
"@mrjfumero I heard that Ms. Pink Friday got tired of hearing Mrs. Canon bragging about her records, Grammys, success and BS.",0
"Ally McCoist has told the Sunday Mail he hopes Rangers can adopt a youth development model similar to Porto, Ajax and PSV",0
1st of all in my world theres only Good n evil! Real ppl n fake mf's!This is why I really feel JLin won't make it!Not durable like Yao Ming!,-1
"I'm driving in to Long Beach Saturday. If anyone has clothes, food, cleaning supplies, linens to donate please let me know! Thank you!",1
People getting off Caltrain at 4th and King for the #SFGiants parade are already pretty wasted... at least they didn't drive in I guess.,-1
"the glass may be rising, but it's not getting any warmer here, Lago del Desierto, Argentina http://t.co/Hp4S2M5G",-1
"@Talkmaster you need to go in February during Mardis Gras week.  No crowds, beautiful weather!",1
@scubaselia fancy going to the leonard cohen concert with me n my madre november 9? It should be heavenly,1
Dream High 2 premieres on Feb 20th with Eng Sub thru KBS World! ok noted,1
I love Tom Boonen. Forget the whole birth/citizen issue. I might just write him in for president in November.  http://t.co/9ry9OM13,1
@MrBButterfield What is a tree's favourite day of the Christian calendar? Ash Wednesday #LOLLE,0
I heard that @TheMGeorge is on Jonathan Ross Sat. I'm gearing up for the super pout.,1
Circe 2008. The day I got my acceptance letter to U of O. Can't believe tomorrow I'll be taking my last test http://t.co/aRpXz2Lt,1
'Edgar Davids pulled on his boots to lead bottom of League 2 Barnet to their first win of the season on Friday night' http://t.co/UI0yb8aG,0
@TeamStradley mines personal thinking Tebow is better then Flacco. I don't care how bad he played Sunday,1
"I'm going to Opeth at Apolo in Barcelona, Spain - Nov 22 http://bnds.in/qnGtyw",0
Let's end my Friday madness set with some vintage Francis M. #coldsummernights,0
"@microsoft failed yet again with #bpos and their customer service - ""overnight work"" - guess what Microsoft? It's morning here.",-1
"@EmlovesTheSats she might be, most artists tend to get knocked off after the 1st week, unless they're GaGa or Beyonce or something haha x",0
Headed to the Honda Classic in Florida (@ Airport Fast Park - Red Lot) http://t.co/1Fn779mM,0
"US stocks down on Greek crisis: US shares were closed lower Wednesday, erasing earlier gains, after the market w... http://t.co/SENIHivq",0
cried for every episode of Dream High 2 starting from episode 13!!! T-T tomorrow i shall watch the last and final episode!,1
Hmmm... it occurs to me that I haven't received a residual check in nearly a year now. I think I should email SAG tomorrow.,-1
"hey @CaraCarriveau I have a concert this Saturday at Bedolla Skater Boyz in Alsip, IL at 6pm. Any chance I could get you to show?",0
The RAIDERS game is tomorrow and I'm juiced. Who is going or wants to go to the game?,0
Ghost Rider 2 is out on Monday. Ignore it.,-1
Cliff Avril leaves Detroit Lions game with back injury: Detroit Lions defensive end Cliff Avril left Sunday's game... http://t.co/iyxroefy,-1
@WardChanning Hey Channing Tony Provias from Aberdeen Hope you get a sack on Murray this Sat!!!,1
RT @Rach_RVX: #Londonriots is trending 3rd worldwide ..... This is NOT something to be proud of United Kingdom!!! Sort it out!!!!,-1
"@SuperSkin""Van full of veteran kickers due into #Redskins Park tomorrow. No word on whether it will run over Cundiff."" Watch it go wide Rt.",0
"I tell Katie there's supposed to be a good firework display in Banff this Saturday. She replies with ""oh right during the day yeah?"" Yeah.",1
"@blakemeacake15 don't eat until friday between the hours of 5-10 and go to ricks cafe in randolph to get food, ya dig?",0
My friend @treesmellsnice is selling tickets for the Jonas Brothers concert @ Fort Canning on Monday @ $50/ticket. That's half price! RT!,1
FREE DOWNLOAD! Adam Freeland - Morning sun (Endymion Bootleg)! Click on the link below & like Endymion on Facebook! http://t.co/EgkAwpQQ,0
@nidge1uk Yer off to take son for his first day at big school. Then it's google analytics training for me.  How was your night?,0
"To all my Shapeshifter teammates, family and friends travelling back from Hawaii today tonight and tomorrow, Safe travels!",0
"@HairyDM Morning? Isn't it nearly afternoon in Ireland? :D Oh, and Good Morning to you!",1
"Want to have the Happiest Baby on the Block?  Come to Whole Foods in Westport, CT Wednesday May 9th @ 7:30 and hear MaryAnne Farrell",0
"Police surgery Fri for #Penygraig residents at the Boys&Girls Club  9am 11am, pop along and meet your local officer http://t.co/PvO8uA62 #MD",0
no way to underestimate the madness and cynicism and frank and open loathing of country that characterizes today's Republicans,-1
We goin to spend the day at my job tomorrow ( Jungle Island ),0
Have had two very enjoyable nights of Carling Cup action with Arsenal last night and CFC this. Will QPR v Reading on Sunday live up to it..?,1
http://t.co/6PIGwai1 I just voted for 1ST LADY to be on Coast 2 Coast Mixtape 224 Hosted by Kendrick Lamar! @messengerlady7,0
"wooohoooo channel 4 is playing the film Four Lions on sunday at 9pm, everyone should watch such a funny film!",1
"SO glad that I slept again when my friend phoned me from Gampel for the 2nd time! Now I have ""I know"" as voicemail on my mobile. #PlaceboGig",1
@mattwoodruff29 he's 2nd on that list. he retired Mick Foley in there.,0
@redsonfire Perhaps they want a 3rd choice hahaha! Like Ben Amos at #MUFC,1
@verumserum Vandals in Oakland same as the night before in SF with Afghans grown in. http://t.co/hTOswj4n,-1
"We will be closed this Monday, February 20th for Presidents Day. If you need access to your account over the... http://t.co/vyTBFiH4",0
"@2302XY @devyyyyyyyy I heard May Queen is good, Nice Guy but has Song Joongki in it ^^~ I have no interested in drama these days unnie =.=",-1
Champions League is in Mourinho's blood: Paulo Sousa thinks Jose Mourinho may consider his time at Real Madrid a failure if he does...,0
This Friday we celebrate/mock the love of Avril and Chad. https://t.co/BzaPx4Di,1
"They say you are what you eat, but it's Friday and I don't care! #TGIF (@ Ogalo Crows Nest) http://t.co/l3uLuKGk",1
@stanscates I would use that in ads from now until October 31st 2012. Republicans politics first country somewhere in the top 100.,0
"@KuroiDaiyamondo I recognized Bomi cause she's my 2nd fav... <3 btw, if I'll ever marry Hoya, i'll buy him a YoonJae dog... *.*",1
"BLACK FRIDAY Huge Saving Aerial View of a City, Paris Las Vegas, the Las Vegas Strip, Las Vegas,... http://t.co/DCTgeSED",0
"@allimartens haha dude it was mental, by far easiest defensive driving course created. Yeah i heard thalia and caroline are coming thursday!",1
"Scariest man alive. Kendrick Perkins is close 2nd ""@jemelehill Ray Lewis is probably the only human being ever not born with an indoor voice",-1
"Don't want to play one that's too long, what with Street Fighter III: 3rd Strike on Wednesday, and Deus Ex: Human Revolution on Friday.",-1
"Auburn will square off with UCF, Texas A&M, Ohio St, LSU, Tennessee, Texas Tech and Houston in the women's finals of the 4x1 at 12:05 on Fri",0
"Big Brother starts tonight and X Factor on Saturday, wish I could emigrate or hibernate :-(",-1
"@BethElderkin Nov 1st Facebook, Sean Ryan put Plarium on the board as no. 1 social game in Q4, I can send you links to his interview",0
"TEPCO UN chief in Japan as nuclear crisis simmers: UN chief Ban Ki-moon arrived in Japan on Sunday, where he pl... http://yhoo.it/pKUlVh",0
Happy Valentines Day? o.o say what? Is it Feb 14th already?,1
Kurt Convey wins the boys race in 16:01 with Nick Diaz coming in 2nd around 16:10. Rounding out the top 3 was Kenny Castro.,1
The 1st Black woman to ever host the Academy Awards was=>@WhoopiGoldberg! I want to be like her! #BlackHistoryMoment,1
I think the last timw I went trick or treating was probably in the 5th grade. I dress up as Avril Lavigne! I was obsessed with her back then,0
"UN chief heads to Japan as nuclear crisis simmers: UN chief Ban Ki-moon arrives in Japan on Sunday, where he pla... http://bit.ly/rlGAOu",0
"A quote from 23 Yrs. ago today -- ""Republicans understand the importance of bondage between parent & child.""......man, I miss Dan Quayle.",0
Good morning Auburn Family! Today feels like a good day to beat Nick Saban and Bama at...everything! #thatincludesbeingbetterchristians,1
I have no doubt that Wiggins will win Tour de Romandie tomorrow. Second stage race win after Paris-Nice. He's so going to be on TDF podium!,1
George Zimmerman is not going to win this trial he may as well plead guilty,-1
(Even the Spirit of Vengeance thinks you two should wed.),0
My random rant of the night:Lady Gaga being considered a fashion icon!Who in their right mind considers that fashion?She dresses in trash.,-1
BRIEF-Clearwire says has enough funding to last it until end Q3 2013: Oct 25 (Reuters) - Clearwire Corp : * Say... http://t.co/TEvQt5d5,1
"And its finally here, Strawberry festival today 9-5 and tomorrow 10-4, thank you God for the answered prayer of no rain!!",1
@Gaga_Magnifique haha I duno=p I'll try to save heaps but Mum said shed go halves and get me an iPad for my 21st but I said I want money hah,1
Arsenal Ladies are 0-0 at HT with FFC Turbine Potsdam in their Women's Champions League Last 16 1st Leg Clash at Borehamwood. #WUCL,0
"Demon Gaze, a next-gen Dungeon RPG for the the PlayStation Vita [1st trailer and screens] http://t.co/sCxXyY5n",0
Tomorrow I'm going to the Knicks vs Celtics game ^.^ cool,1
I'm talkn All Black party on the 14th then VIP all nite Saturday at Sky.... Family n friends will be in da building ....We gon shut Sky down,0
I have tkts to see Plan B next Feb- he has already announced his support acts- Labrinth and Rudimental!!!!this news has made me tres happy,1
"I love you all so much. Come join us on Saturday evening for the UGA v. Boise State game. Game is at 8pm, but we... http://t.co/eF9iQB8",1
@MuhommadUsman Thanks brother. Honestly speaking saw you 1st time with Kamran Shahid and felt that IK has made so many IK's like u. Keep gng,1
"Grand! Opening! Of ""Orlando Live"" formally ""LAX"" Classic Wknd! Friday, Saturday, Sunday! Some of the Biggest http://t.co/wGK7usBt",0
Another NCA football coach needs lessons in PR 101. #1 Don't make matters worse by trying to intimidate the media. http://t.co/h38PQFG6,-1
"@RonanJones95 i may be going to see England vs Aus at Twickers, #oooosh",0
@CUTE_AF I'll make you the cd's while at work so you may add it to your collection if you like! lol :) Girl Poetic Justice n Gold Alpinas!,1
From tomorrow 5 days Eid holidays in Muscat.  Plans afoot to see a little of the interior with friends.  Eid Mubarak!,0
"George Harrison wrote ""Here Comes the Sun"" from the point of view of a suicidal vampire.",0
"Im bringing the monster load of candy tomorrow, I just hope it doesn't get all squiched",0
RT @ServeTheWay: michael jackson - hollywood tonight http://t.co/ASvTGXl,0
@FarrrahSage are you going to Petrolia's game tomorrow ? I still havent got to see you or the baby!,-1
@ScottPorter I LOVED the episode!!! Can;t wait until Hart of Dixie returns November 13th!!,1
"@RespectMyCurvez imma know alot about it next Saturday, imma be at Morgan State but imma slide down to D.C. for a hot second",0
Merril Hoge is stupid. I'm sick of hearing what Tebow can't do. He may not be a #1 right now but it took Aaron Rodgers 3 yrs to start,-1
If I don't feel A1 tomorrow I'm not going to school rs!,-1
Jam at the Blue Diamond. TomGrant Band will thrill and delight patrons and jammers alike. Good excuse to get out of the house. NE 20th&Sandy,1
@suzq2u (he's got quite the backup!)  George Harrison Playing Here Comes The Sun: http://t.co/pUUDWiPG via @youtube,0
@Andrew_Heaton I think we need 3 first XI ready players in January. That's a huge ask unless you're prepared to overpay,-1
Anyone wanting Roger Sanchez tickets for v-club on the 19th of october get in touch i have coach and entry... http://t.co/wDyLdwgR,0
@1074towerfm Pls RT Bolton Society for Blind People are bringing Vegas to Bolton with a Charity Dinner on 23 Sep http://t.co/4mvokMM #BSBP,0
"2nd day of #VINOOMANKAD U19:(ODI): Haryana, Kerala, Andhra, TN, Mumbai, Baroda, UP won their matches against J&K, KAR, Hyd,Goa, MH,Baroda,UP",0
Ghost Rider: Spirit of Vengeance was a lost cause. You had nowhere to go but up after the 1st movie. And then you decided to dig a hole...,-1
"@HartsPub ru showing the All Blacks v Tonga game Friday nite? With the sound up? Definitely not showing the league, right? #RWC2011",-1
Club Bodi may be out the question tonight,0
"@4BarsofFire I debated it 1st, but now i totally agree, followed by Poetic Justice..",1
"@WSJ: The U.S. Postal Service reported a $5.2 billion quarterly loss, says it is nearly out of cash.<-- Sat mail will be gone very soon...",-1
"and if you're from Maryland, early voting has been extended until tomorrow at 9pm. PLEASE GO VOTE!",0
"Dang, Forrest didn't get it done. :/ He was our last American hope tonight, oh well... Now for the main event Anderson Silva vs Yushin Okami",-1
Merlin! I've been up since 3am and have a busy day today. Just kill me now.,-1
Omg worst last 10 days in a while. Looking forward to True Blood to cheer me up tonight.,-1
"@philipwkleung 3 grown adult males watching Kung Fu Panda 2. On 2nd thought it would be awkward anywhere but HK, land of ""Murses""",-1
"@annie_cutler Good luck tomorrow night. You'll be great.  Also, Samoas and Thin Mints = great way to warm up the crowd.  #Mmm  #SOCOMX",1
May your life one day be as awesome as you pretend it is on Facebook- Will Ferrell,1
Join Team PML(N) representative to support PMLN vs PTI kids at Front Line with Kamran Shahid Recording tomorrow... http://t.co/D16qLSLU,0
and then on tuesday & wednesday its Champions League match day 4 i think?? or it might be 5..im not sure wooooo hooooo,1
ECHO Entertainment News: Jade Wright previews the best programmes on TV tonight (Thursday): ANYONE who accuses C... http://t.co/rz6l6O0A,1
"I spent the majority of my weekend sitting in bed, editing & watching the entire 1st season of Dexter. 'Twas divine. I have no regrets.",1
50 lakhs to 1600 crores. Gives some sense of how Maino became the 4th richest politician in the world!,0
Chillin in traffic listening to Wiz. Taylor Allderdice is my favorite mix tape of his. Actually it may be in my top 10 period,1
@dannyislington nah I havnt knew about the Adidas deal! U like it? I'm undecided.... Where u watching game sat? I'm trying to get it off!,-1
Emmanuel Adebayor has held heart-2-heart talks with Tottenham manager Andre Villas-Boas over his unhappiness at a lack of 1st-team football.,-1
@_TweetinAssNupe well when you get off come on and tomorrow you have to be @ the murphy center tomorrow @ 11 am!! be on time please,0
A 19th journo murdered in Somalia / Tokyo 2020 unveils stadium design rivals/ Why Madrid says it needs 2020 Olympics / http://t.co/ylSLefYT,-1
Just read an article...E L James is writing a 4th book in the 50 shades series,0
Am I the only one that wants it to flood in HF tomorrow?,0
This Thursday Night Football game sucks. But Go Chiefs! I just want to see hot head Rivers explode on the sideline tonight.,-1
@JessieWagnon @tcswagg NOOOOOOOOO!!!!!! Maybe you can just look over it right before the test tomorrow and do that first,-1
##$$## Black Friday Deals Olympus OM-D E-M5 16MP Live MOS Interchangeable Lens Camera with 3.0-Inch Tilting OLED Tou... http://t.co/LJDqpdlX,0
About as much interest in today as I do in the Rugby World Cup. #zero,-1
Toni Gonzaga will be in Legazpi on October 30. Huhuhuhu. I wanna cry i want to come but how? I dont have money. Waaaah @ToniGfanpage,-1
"Had a little trip out to the old town of Albuquerque, could easily be Mexico or Spain! Off to Vegas 2moz should get there Monday morning!",0
"IEBC is ready for 4th march elections, the electoral body should not be used as an excuse to delay polls says Chairman.",-1
"Wichita St. with fundamental breakdowns in 8th. Hall singles, Harbutz fails to bunt him over. Hall picked off. Coy whiffs. SIU lead is 4-3",-1
@BobbyLeDew November 4th at Constitution Hall & idk I guess she's out lolol http://t.co/93kftLi6,0
RT @samuelruback: Wilshere didn't play for Arsenal on Saturday and most papers report he's 'doubtful' for Newcastle. Why would there be  ...,-1
"Axl Rose is trending worldwide just because he sat his butt on a chair to talk on live tv and drink water out of a mug. Bow down, peasants.",-1
@IamKatieduke Did it look like John Belushi? (you're probably too young for that joke.) http://t.co/E4beZWkE,0
"May be late to the NCS thing, I honestly haven't the foggiest where the central library is xD",-1
"@chrisbrown Hey Christopher, would you mind going to Florida, between the 21st of august to the 4th of September....thanks <3",1
"Droid Bionic is out today. If any PR reps will send one my way, I'll talk about it here there and... http://t.co/3wvgWdn",0
So proud of the ladies from MY family group from Kremlin today who placed 3rd at the j-high state cross country meet! So proud of ya ladies!,1
"Congrats to the teams who competed at #NCCDC7, including 1st place U. of Washington, 2nd place US Air Force Academy and 3rd place Texas A&M!",1
"Only 2 spots left for Standard First Aid with CPR C! November 5 & 6, 4pm-10pm in Centretown. Contact Centretown... http://t.co/EFpmICpT",0
@EvoooKanivooo be at Mr. Mussers class at 8:30 tomorrow and I'll give it to you,0
@Mike_Enotiades You can breathe a sigh of relief now the Queen of the Nerds is back. You'll have to look out at SJP tomorrow too :),1
@bruce_arthur Some of the Calgary runners heading to NYC are going to be cleaning up debris on Friday at Rockaway Beach. Great story.,1
Awhh I can't wait for Stevie Tv! I wish it was March 4 already!,1
">> DIRECTIONERS!! NOW WE HAVE TO PROVE THAT WE ARE A BIG FAMILY!! On Friday, the movie to be released song... http://t.co/voP1boQW",1
Who is going to the #UnitedSoundsOfAfrica concert tomorrow at Irving Plaza NYC? cc @THEBEAT999FM,0
Got so much accomplished today ! i hope to see lots of happy faces tomorrow @FairmontPacific Rim for the wine&cheese info for Bella Bay ! :),1
"Just writing a preview for Saturday's visit of Barnet, can't help but get excited about the visit of Edgar Davids. He was a childhood icon.",1
"@bacana1 MT@wingoz: The Baltimore Sun reporting that the Redskins have just Cundiff-ed Billy Cundiff""",0
Obama spends hour on phone with Netanyahu during Benghazi assault http://t.co/PBOUtNQr PRIORITIES,0
"You guys, @lacountyfair is going to have fried Thin Mints and Tagalog ice cream tomorrow.",0
"October 19, 2012 book news: 20,000 Turn Out for the Southern Festival of Books What do Keith Richards and Margar... http://t.co/v5Coq2Vt",0
Win or lose I think most Dallas fans would agree it's just great to play in games as big as this one tonight again after yrs of mediocrity.,1
"If anyone comes to school with the Galaxy Foams tomorrow , I'm mugging them .",-1
"For my book worms: Murder in Italy about Amanda Knox and ""In the Middle of the Night"" about Dr. Petit family in Connecticut are great reads!",1
"Just got tickets to see Muse in Florida. That, combined with the Grammys two weeks prior, equals a really busy February for Ruby and myself.",0
@Becker_Boris It's almost 2 am in BKK but I can't sleep after the game. It isn't the 1st time we lost cuz of ref.,-1
Hope Pj Harvey takes home the mercury tonight! Great record!,1
Thanks for advising! RT@EllenBoBellen 1st formal chapter of the yr went well. Excited to be advising Beta Chi chp at University of Denver,1
Enter our competition to win a London Children's Map Puzzle just follow and RT.Closes Friday 8th@4pm http://t.co/4JP1Zs6y,0
Don't forget FCA won't meet tomorrow morning. We will just meet after the football game on the field with SAHS FCA. #dontmissit #freepizza,1
When Mr.Craig said sunday night was officially the last day of Marching Band. < <,-1
And I never had a good time while sat by your bedside with papers and poetry about Estella.,-1
@TheEllenShow Congratulations on you celebrating British kid singers Sophia Grace's and Rosie's 1st Anniversary of a visit of your show. How,1
"Not to be overlooked by Sandy, a summery mid-upper 70s with sunshine today in CNY. Record high of 79 set in Buffalo. More warmth Friday!",0
@LATACO: Playground x Deadline ~ This Saturday: Meet and Greet with Nipsey Hussle and Dom Kennedy... http://t.co/wz33jpU5 @mrpeniche,0
Rick stein Saturday kitchen quote fishing is by far the worlds most dangerous job haha #thinkaboutitnobhead,-1
really bored of this host on Super Sunday doing nothing but talk and rave about Man Utd #BiasPrick,-1
"Big Thurs coming in HS Football: Richwood @ Ouachita, Grambling @ OCS, & St. Fred @Montgomery. Will have you covered all wk @NewsStarSports",0
Come out on Monday to watch THE WOMAN IN BLACK w/ the MODEL UN! Free Entry! Concessions w/ donation!! #SSU # http://t.co/PMsTAOcU,0
may even get to watch the North London Derby match at Emirates for the first time next season!,1
"Last licks for the #RedSox, coming up in the top of the 9th. ""Volare"" by the Gipsy Kings means it's Frieri time.",0
Good Friday afternoon! Construction & a crash on the ramp from 85 Northbound to 400 Northbound causing delays heading up from brookwood!,1
"Il Divo, the classical crossover quartet live in Istanbul September 27.Great Music in a wonderful concert area. http://t.co/jxYZEvRg",1
Where's a good place in Studio City/LA to watch Monday Night Football tonight? Lemme know!,0
"Hackers have already defeated windows 8, and ReadWrite Mobile ranked it 5th in interface design, behind iOS and Android.",-1
@Lea_Glee_Glam @canadaluvsadam yes these are the submissions to be considered by Grammys. In December they announce the actual nominees.,0
"Inmarsat's SwiftBroadband Soars to New Heights: Inmarsat (LSE:ISAT.L), the leading provider of global mobile sat... http://t.co/wYM5S74b",1
Rick Porcello is not Rick Wild Thing Vaughn. I am worried the real Ubaldo is back. Good thing Verlander is tomorrow. #tigers  #yikes,1
Haha.... Mum gave me my work wage for tomorrow for Ticketek so that I don't go to work (if that made any sense) just to stay home. Thanks,1
"RT @WDWNT: Rumors say it is ""Tangled"" and it may replace Beauty and the Beast at Studios and Aladdin at DCA. Just a rumor for now...",0
David Letterman had an interesting show on Monday. He is located in New York City. Because of the hurricane he... http://t.co/Rt5ORbLK,1
League? RT @JovinhoMorales: I just found that Barcelona and Real Madrid are playing on Sunday... I need sleeping pills...,-1
"It may have started @EdBookFest but now the @edwritersconf is in Siberia, yes, Siberia: http://t.co/q8eU46Rt. #writers #writing",0
"Actually, I'd like to omit The Vaccines from my top 10 and move Kasabian in at 9th, with The Enemy dropping to 10th. Told you I can't do it.",-1
"Sreven Taylor will look pretty daft after the Mackems win tomorrow,i really think they will beat you.PARMO",-1
Rediff Live! Hundreds of Afghans on Thursday protested for the first time against cartoons of the prophet Mohamm... http://t.co/Eo6GLev6,-1
Friday and Saturday you can catch me at the Leicester Square Theatre in London @lsqtheatre (tickets still available) http://t.co/QWHF79kQ,0
@jackseymour11 I may have an Android phone by the time I get back to school! :),1
"I never watch the Oscars, but with Seth MacFarlane hosting, I may have to actively campaign to get other people to not watch them either.",-1
"Looks like Indonesia will face the Pats in the semis. Warriors lead the Singapore Slingers, 77-67, with over 6 mins left in the 4th",0
"Keith Richards means nothing to Monday night and is awful, cant we all just forgive Hank Jr!?!",-1
"This is ball shit because I broken my ankle on Sunday at football the army won't let me in for 1year thanks Callum ""Twat""",-1
Listening to Amy and Lucien's attempts at 'communication' on last night's Big Brother ... I fear for the future of mankind sometimes.,-1
@ohyesitsmatt @hotspurkeeno yeah i'm not to sure about Klass -jan think he'll be an Andy Carroll type striker -bang em in or flop,-1
So we arrived in Scotland yesterday and it hasnt stopped raining since. And to make things worse its sunny at home. #typical,-1
Esperance will be without star player Youssef Msakni for the first leg of the Champions League final against Al Ahly on Saturday. #AFRICA,-1
"extra point is no good. Its DSU 28, Morgan State 20 with 5:02 left in the 3rd quarter.",-1
@arsenal_tickets I know its a long shot but can anyone help with a ticket to the North London Derby on Nov 17? I'd be forever grateful,1
"Gartner: Windows 7 on 94 percent of new PCs: by Steven Mostyn - Aug 10 2011, 07:48 Google may one day seek to sh... http://bit.ly/of7Syg",0
"First sounds of Yea, Alabama this morning plus Nick Saban stops by to speak to the band! Very exciting morning! #MDB  http://t.co/udXKhYS",1
@kingkc1 What's annoying is that the one I pre-ordered just came today...Steve Jobs just looted my card.,-1
Who's going to walgreens tomorrow for the 75% off all of the halloween candy? I AM!,0
West Liberty goes for it on 4th & goal with seconds remaining in the half.  Isaiah Moody runs 2 yards in. FSU leads 19-13 at the half.,0
@KALi_BORiCUA real shit ray Allen meeting with the Knicks tomorrow,-1
Happy Valentine's Day is trending? ?? But... it's not even February?,-1
Hank Williams & whisky in an empty bar on a Friday.  Really?  I'm that guy now.  Fuck.  Cute bartender but she chats with an off duty one,-1
@hannnn_ox that's shit :(  Banff would be better aswell! Still going out in Keith on the 3rd? X,-1
"@addismom22 Feb 22 at KFC YUM center, you down?!",1
It's on....Wifey and I gonna make the trip from New Mexico for my 30th bday to join the #12thMAN on 12/9/12 to for the AZ game. #Seahawks,0
Going through my 7th grade yearbook just makes me laugh. #memories,1
had a great weekend with the family. Went to the Ritz Carlton which is the BEST hotel EVER. Thanks mom I enjoyed myself. Sat by the band,1
Anybody here on Natchitoches got a membership at the warehouse an free to workout tomorrow,0
"*curls up next to Papa on the front porch* ""Going through baseball withdrawal?"" I ask him. ""Hardly, Circe.... playoffs start tomorrow.""",1
Tennessee Tech's Steve Payne says Murray State does things the right way - Oct 24 @ 6:47 PM ET http://t.co/RjYCaSmv,1
Would it be acceptable for me to write my Free Entry Friday in Ms. Hughes' class tomorrow on candy,0
@SaraaDemiri it's Republic Day in Turkey. Like 4th July in USA.,0
The raiders play the cardinals today let's see how they start off pre-season. Last yr they were weak AF,0
@rugbyworldcup Five year old decided he needed to follow a 2nd team when ABs not playing. Which one? After alot of thought: Tonga,0
Premier League: West Ham v Man City on Saturday. Our preview looks at the stats & has some interesting betting tips: http://t.co/x2d4gLYT,1
RT @JRathboneFB: RT @PezTheDrummer: Photo: Mr. Jackson Rathbone (aka Jasper from Twilight) was looking MIGHTY fine tonight http://tumblr ...,1
"IEBC warns it will revert to manual voter registration if BVR kits delay, says poll timetable may change.",-1
"@BarackObama Thanks to the President's support, I'm on track to become the 1st college grad in my small business owning family.",1
"You do not want to miss this tomorrow night.  RJ is moving to Maryland soon, and we have a truly epic set planned... http://t.co/NItJIA5v",0
Can't wait for ISS tomorrow.... Not but at least ill have Kenna with me,1
TAKBIR!! Dr. Mohamed Morsi announced as Egypt's 1st elected President after the glorious 25th of Jan Revolution. Congratulations to Egypt!,1
"I may go off the grid till 11/7. ""Christians"" keep driving me further from Christianity. Pregnancy after rape is science, not ""God's will.""",-1
Watching the 2nd Ghost Rider film is like watching Nicholas Cage go through a drug induced psychosis.,0
"If Seattle and Portland were knit together and covered by the California sun, you'd have San Fran. Kinda love it.",1
"Kevin Rudd talks about PM betrayal - Updated: 19:00, Sunday Oct 28, 2012 Senior Labor MPs are again batting divided ... http://t.co/uo0XRHu5",-1
Cliff Avril says he's feeling fine following the bye. Said he thought he would have played had the Lions had a game Sun.,1
"Real Madrid coach Jose Mourinho faces further selection dilemmas ahead of Sunday's La Liga trip to Real Mallorca, with Sami Khedi...  #fb",-1
@Talkmaster Hope you are wrong Sir. And welcome back to Jacksonville tomorrow for your last show here. Sorry I can't make it.,-1
I will not be able to handle Harry's voice in Kiss You..and I may not survive after hearing all the songs on Take Me Home in their entirety.,-1
@mariemireles well I figured out that you have to get on the computer to make a league. The boys will have to help us tomorrow! Hahaha,0
i'm really sad about Michael Jackson today.,-1
"@Psych0ticDreams make sure you have the songs 64, 50, Rella, Oldie & Tron Cat for tomorrow baby ;)",0
okay i'm sorry but TAYLOR SWIFT LOOKS NOTHING LIKE JACKIE O SO STOP COMPARING THE TWO. c'mon America aren't you sick of her yet? (sorry),-1
"Worse thing about Saturday morning TV! The omelette challenge - pointless and annoying TV, even James Martin looks bored!",-1
#inappropriatefuneralsongs Thriller by michael jackson. while the dancing may be great having to kill your zombie grandma wont be as great,0
"@JennRunsChi What the what? Too out of it to google it now, will check in the morning, but sure, up 4 anything that isn't going back to SD.",0
"Tune in tomorrow for a brand new KENA PLUCK!!!! This one is good! Also, Michelle Chong brings 'Almost Famous' to the OSCARS!!!!!!!!!!!!!!!!!",1
"@jimbobohan @burko77_ I certainly wouldn't be spending my hard earnt  taking the kids to see say Shels 2nd XI v us, clubs will fold no doubt",-1
"New Shepard Fairey print: ""Oh Susannah"" will be released October 18th via @obeygiantstore .  Check it out! http://t.co/M6WYy6oG",0
@cf125 @followimran Four Lions is on Sunday night @ 9pm on @C4Insider Make sure you watch it boys. (Eid Mubarck Imran) #veryfunnyfilm,1
Friday night Knicks vs Heat if you not watching the game wit me dont fuck with me lbs I be engaged like a mf #KnicksNation #TeamMelo,-1
I think it got eaten by a grue.- PC Friday - Diablo III (PTR Patch 1.05) | http://t.co/le1ay7ff: http://t.co/n3tpZamP,0
Valor video shoot tomorrow night... Hope it's stupid creative!,-1
#.:Aubig Black Leather Camera Case Bag Pouch Case with Strap for Olympus OM-D OMD EM5 E-M5 Cyber Monday Deals http://t.co/1UmT7aPM,0
"#Nationals 9th Inning had that ""4th Quarter #Redskins"" feel, didn't it?  Coulda swore I saw Cundiff shank one from the mound.",0
Turns out Olive Garden's dinner for tonight and tomorrow is more like dinner for tonight and later tonight.,1
NO WAIT!! Mick Foley will be at SMU from 10 to 11 am on 03 Nov... but I still unsure on whether to go see Kewei in the evening.,-1
@MrsCheddies mid-Feb at the moment. I'm hoping it arrives before Chinese New Year!,0
This time tomorrow I will be at Alexandra Palace seeing Jack White live for the second time in the last two months:D,1
"I downloaded the first season of #Dexter, gonna start watching the 2nd episode. Time to tweet #twittwit ^^",0
"AFC away fans on Saturday. All this stuff about the 'she said no' chant. It's bollocks. When he has the ball, just turn your back on him.",-1
GOP has set the bar very low with a 4th cycle promoting a grossly UN-AMERICAN idea: POTUS as elected autocrat. #Civics101,-1
It may finally be the Lakers vs Heat #NBA finals matchup due to the Harden trade.,0
"...move the remaining teams to the D leagues, champion, moves up to the 16 team league & the 16th place team is bumped down to the D league",0
Ahhh Song Joongki.... why you still on the 3rd place ?? *sobs*,-1
Just watched the whole 2nd season of Breakout Kings only to find out they canceled the fucking show -.-,-1
@SuperGirlonline who starts college on 15th It's like prison on independence day. thought she's just 2yrs elder den u,-1
Would love to know the truth about Amanda Knox. http://t.co/CqW8Nbw8,1
Its been 2 days since I last listened to #SuperScoreboard & I come back tonight & Rangers Debts is the 1st subject I hear. CHANGE THE RECORD,-1
"Temple, Drexel, Penn, NY SD, state of NJ - closed for Monday and Tuesday. Philly SD? Still thinking about it. #thatmakessense #noitdoesnt",-1
"Although i'm not a big fan of SS, all my respects to Mitch Lucker. May you rest in peace.",0
"And here it comes! The main bout for the evening, Anderson Silva vs. Yushin Okami #ufcrio",0
I'm assuming that HEB ran out of candy and people decided to give out pizza instead because it was busier than Super Bowl Sunday today,-1
third grade is the best. We started ISTEP in 3rd grade!! my brother just said he likes ISTEP. #lolwtf,1
"CLT20 I am willing to bat at any number, says Rahane - MUMBAI: Ajinkya Rahane on Thursday insisted he does not have ... http://t.co/2VeFbzAJ",0
Safe Mode with Networking - no internet: I am troubleshooting a BSOD in Windows 7 and may come back later with m... http://t.co/2gB8dMT,0
"@keltron76 Your helicopter may be wicked, but your Billy Crystal is gonna be the http://t.co/3YMIJe4C #going2Bgreat",0
Listening to Kim Soo Hyun's OST for Moon-Sun and thinking about how I'm gonna see his beautiful face on the big screen tomorrow :D,1
"In his session at the 11th International Cloud Expo, Ronald Bradford, Founder & CEO of Effective MySQL, will dis... http://t.co/lG8ownYV",0
@XD0290 the zombies would have been worse- the ad for Walking Dead S2 was playing all night during Family Guy. Creeps me the fuck out!,-1
"RT @Drofdarb23: Damn. Who becomes the 3rd back, Ajayi?  RT @IDS_BroncoBeat Boise State RB malcolm Johnson tore ACL in practice yesterday.",0
@mgska55 @laromabella I wanted to smack Eli Manning for falling asleep with the rest of the team during the 2nd half on Sunday. hahahaha,-1
Hopefully watching the Lorax will get my mind off tomorrow,1
It's Josh Bradley's birthday tomorrow. So what time is the party? LOL,1
Purim's Dancer runs in the 7th @santaanitapark today. The local goat must be wishing her good luck http://t.co/xnzn11Md,1
Even when you've bought your 6th investment home with Harry Styles and Sakina calls Niall 'sayang' or 'abang' cause they kahwined omf,0
You may think I have mono-cellular Zulu imbongis at the rate some of these folks are thrown profanity at me.,-1
it looks like a beautiful night to throw myself off the Brooklyn Bridge ---@Tim_Hecht,-1
"Careless World tour hit up 8 places in Cali. Haha the fuck, yoo.",-1
@TheRealPodVader need more ESPN football today/ #patriots today podcasts. Get Ross and Matt riled up with more #bradyrules talk.,1
@GulfCoastTider but he'll be on art bell tonight revealing the truth about the Alabama leprechaun.,0
@charles_sings  Lorenzo Beasley. He was killed on July 17th of last year on the corner of 53rd and King Dr.  ~#Mile 5,-1
Brrrr that was a shock this am! +2C windy so feels chilly but some sun :) We are colder than Siberia so the tabs... http://t.co/av4kWLrx,-1
Ladies it's time for y'all to bring out them tight freak um dresses at Club Pulse tomorrow 1118 N 4th Street free til 11,0
They stop filming 'The Butler' tomorrow. AND I STILL HAVEN'T FOUND ALAN RICKMAN!!!! -explanation- he's been filming that movie here in La,-1
"RT @smartfootball: Feel bad for star crossed LionsRT @AdamSchefter: So far, WR Titus Young is the only one of the Lions top three picks  ...",-1
RT @A_Arshavin_Fans: The safest place to be in Tottenham tonight is the Spurs trophy cabinet.There's no chance of looters visiting there.,-1
5 minutes to learn what the Raspberry Pi is all about http://t.co/ITLdCHar,0
"@A_Collier The Galaxy S III will be available in select stores this weekend and in all MetroPCS stores & online on Monday the 22nd. Thx,JG",0
@IRespectCB @super_novarn look she may be there for the moment but Rih will always be in his life so she is irrelevant tbh,0
Los Poboycitos debut 2 songs from the forthcoming CD tomorrow on WWOZ 90.7 FM New Orleans at noon CST.,0
Hey LA music folks. You going to #HardSummer Aug 4&5 #LosAngeles' Most Significant Music Festival. Go Destructo! http://t.co/cPfpESc5,1
@BrielleWatkins I think you can get them on Ticketek? And they go on sale tomorrow.. I think... :),1
"@TheFFAddict I had Vick and Flacco, needed an upgrade.  Vick may get benched, Jennings a back up again soon. I thought it was a win for me.",1
Costa Concordia accident: Ship's owners say the captain may have committed errors   - Breaking News Buzz http://t.co/M5IgiM3R,-1
Dollar gains on euro amid Greek woes: New York - The euro sagged against the dollar on Thursday as the revised G... http://t.co/RQ3gxwWC,0
"Man,I want to go fuxs with the homies @Hdashkane @ADdaCAPO @KEN2theFOOL tonite for MNF @ the #Horn but I can't:(",-1
"Went to see ""Rise of the Planet of the Apes"" tonight Great movie B+ for sure.  !!lChris-Rockz!!!",1
Starts Friday night Irving plaza NYC me and @bteband touring with Chiodos <- stoked,1
"I'm going to Keller Williams at Neighborhood Theatre in Charlotte, NC - Dec 28 http://t.co/8WA7H1MZ",0
@Chris_Cordaro24 1st game in brooklyn and i want to see brook lopez,0
@Maria20070 bitch u shoulda came with me Saturday sooooo much fun. Met Romeo santos lmao na i met his look a like,1
"Wkd Wednesday tonight, #ThrowdownThursdays tomorrow night & Swag vs Class Saturday night at St David's CC all staring yours truely",0
"Anyone going to the Romney rally in Fairfax on Monday?? Really wanna go, but no car. Help!? @TeamRomney",-1
"You may not have known Steve Sabol's name, but chances are you knew his work. Ron Jaworski and more look back: http://t.co/FHnzVtuz",1
"People are going to think I'm a devil tomorrow, but no I'm actually Meryl Streep in the Devil Wears Prada duh",0
"Lets be real even wit are D injured, Flacco fuckin up, doin bad on the road, & are D playin like shit WE STILL 2nd best team in AFC #Ravens",0
All black tonight . 1st Carroll & Richwood game ...,0
@AyumiiMariie we goin to fairground tomorrow I'm picking you up from work,0
"RT @MsHighbury: @SheKicksdotnet I'm going to the Arsenal ladies v Everton tonight, I'm nervous already. #FAWSL",-1
The last episode of #Friends just showed tonight. Its leaving E4 for Comedy Central :'( Idk what will now cheer me up when Im down,-1
@xaralind doesn't help that hoya's my bias in infinite :c (btw what are we gonna do about thursday!!!!),-1
"One million people marched in London in the past six months. But they don't care until 1,000 Tottenhams tonight ~ http://t.co/z8Lv6mn",-1
My Sunday nights haven't been the same since @lazofficial has been gone from Breakout Kings. I wonder what he's doing next? Can't wait 2 c!,1
MTSU receiver falls down and the pass is incomplete....4th down. MTSU to punt from midfield,0
@ProductiveOuts If you find someone on D-1 please share.  I may try to do some with Wichita St. and their opponents this season.,0
Ahhhh! Loving this new IC Champion! Wish I could see it happen this Friday. ): Crossing my fingers that he has a match at Summerslam!,1
So BCA doesn't have school tomorrow....not sure how I feel about that...,-1
How do y'all feel about moving Presidents Day to August? August lacks a three day weekend. Then make Lincoln's b-day a day off too. #boom,0
Is this how David Miliband got into Oxford with bad grades? http://t.co/R0IA8ucz #BBCNews,-1
Nobel Peace laureate Jose Ramos-Horta warned Monday that Syria risked becoming a new Somalia as he voiced pessim ...  http://t.co/laxozNGJ,-1
"MetroPCS launches the Galaxy S III on October 22, price is $499: Good news for MetroPCS cust... http://t.co/jR5U314Q more after redirect",1
Goodnight! Big day! Tomorrow I'm at the school to 3:00 (Argentina time) because I stay to the Mallin! (Tomorrow I'll tell you what is that)!,1
It is Saturday after all. Question - is Giroud the new Torres? and Superbowl switches to Comerica Park for Game 3. Where?,0
The World Bank cut its economic growth forecasts for the East Asia and Pacific region on Monday and said there was a risk the slowdow...,-1
"My source from the Arsenal Camp has leaked me a pre-meditated XI for Saturday, anyone want me to post it? >Bruce<",0
@CletisStump Brain is fried ... won't turn off ... feels like Ground Hog day ... may need shock treatments to reboot!!!,-1
@msjconnolly  Chasing Madoff.. but the beginning credit sequence says it has an art director and the music implies Batman may show up.,0
"After that, I'll start plugging mine and @joeskirkie's live tweet of the new FOX show Terra Nova on September 26. #maybewewillgetfreestuff",1
"Random Friday fun: Where in Scotland, does legend have it, that Merlin the wizard died??",1
@mzmocha_barbiee Girl I been in Timmonsville since May 4th and Yayyy you miss me Lol,1
"Two good ABs by Hosmer against Verlander tonight, even if he has just a walk and flyout to show for it",1
@MarkHalperin Arrogant! Came to 1st debate knowing he's leading in polls so he didn't have to prepare! Then Romney shows he can be POTUS.,-1
"@Hoyatic_Kay oh hahaha they post it once everyday.So,don't worry they'll post Hoya's pict tomorrow ~",1
Headed back to Huntsville this weekend just for this Alumni stuff goin down Friday,0
"For those wondering about when/if Murray State's Zay Jackson will play this year -- last Friday, MSU AD Allen Ward said ... (cont)",0
MacDougall is killing the Raiders.  Mad Dog scores 2nd after good leadup work from Gidley and Houston. Gidley misses kick. Knights 16-4,-1
"Mncim, the rain that stopped last Saturday's game wasted our time waitse! Maybe SS4 would be playing something better tonight.",-1
"Adm Turner, Okinawa: I may be crazy but it looks like the Japanese have quit the war. Nimitz: Delete all after ""crazy."" #WWII",0
"Megavideo is being SUCH a little bitch tonight. I don't understand it. Ugh. I just want to watch the last episode of Merlin, kay",-1
@clownpeople Yeah your game against The Ravens was a Thursday night game. Im sure you will pull for The Giants these next 2 games,0
@JamesDuffy01 of others...Jenelle may have made mistakes but she has time to change and be a better person...its too late for you...FUCKHEAD,-1
Ok i need something to try cheer me up after the the loss last night!Tickets for the Brittany and Nicki Minaj 2mo night - i need2Get looking,1
Tomorrow during Bachelor Pad.  RT @lildzie: @mortystv do you know if tonight they announce the cast for DWTS???,0
~on ISTEP i passed math but not english O well i am going to the 9th grade WOOOOOOOOAAAAAAAAAAAAAAAAAHHHHHHHHHHHHHHHHHHHHHHHHH,1
For our Feb. issue: What do you splurge on right before Lent? Where in NoVA do you splurge? What have you given up for Lent?,0
Like Larry Bird in the Ole' 3PT Contest... Tonight at the Alfred E. Smith dinner #Romney went 1st and absolutely crushed it. #ObamaFailed,1
"@mikejoy500 How do like the idea of ""Monday Night Daytona 500""?",0
#tech Apple CEO apologizes for error-ridden new map app - Apple CEO Tim Cook apologized Friday for the company&#039;... http://t.co/KRVX70C2,-1
Will Evelyn ever finish her hw? the world may never know,-1
"Oh wait if George Osborne gets shipped out to space on the B ark from Douglas Adams' book, he's going to demand an upgrade to 1st class...",-1
Bear with me for the power crisis: Jayalalithaa: Chief Minister Jayalalithaa on Wednesday asked the people of Tamil... http://t.co/6FL1pjuL,-1
Yesterday we shocked IRELAND at the last moment...by taking a game away from them... Today we should better... http://fb.me/16j076n8R,1
@piersmorgan Come on Pires! Enjoy the show! Shout out to people in the U.K. and Ireland wouldn't go astray! It's almost 3 am on a sunday!,1
@Jordon_Atkins me you and joe gone chill Saturday of i come tho,0
"Is this on tv again? ""@kugrlover: Most of Redskins starters will sit tonight vs Tampa Bay, but 1st OL will play as long as Beck...""",0
"News: Sydney, Oct 12 (ANI): Pacer James Anderson attacked an ""arrogant"" Michael Clarke with a batsman's pad in the dressing room afte...",-1
Seriously bummed that #perksofbeingawallflower isn't playing at any of the bases here on Okinawa...may fly home just to see it!,-1
"Last night for @CTV's Lloyd Robertson. A sad day for news, will miss that deep voice. #legendary",-1
@rkprater Just read Timmonsville is beating the crap out of McBee 60-8 still in the 3rd!!!,-1
"@McMwiti Really? really? Terry's guilt was well proven, TV footage was available. Suarez was punished of the strength of Evra's word. C'mon!",-1
"[Tigernet] Wednesday football practice videos:  Videos from Clemson's fifth practice of the preseason, ... http://bit.ly/rg6DjJ #Clemson",0
"Our Wacky Wednesday promo, is going a bit Ground Hog Day!!! I say our Our Wacky Wednesday promo, is going a bit... http://t.co/9TFA1XnE",-1
LMFAOASDFGHJKLOMG. i just saw a picture of Jenelle from the 1st day of school in 5th grade.. damn that nigga changed.,-1
1D have a surprise for Aussie Directioners with whispers they may return to the Australian Xfactor! http://t.co/WSuHZyGf (via @Navigating1D),1
iPad news:  Romo will have to keep Cowboys in the hunt - Dallas Morning News (subscription) http://t.co/AFs4bFb,0
Yelling I'm so proud of my son TRAYVON he'll be getting acknowledge in tomorrow assembly he is STUDENT OF THE MONTH. JUST THANKING GOD!,1
"ZE:A's Dong Jun and B2ST's Dongwoon have been cast for the role of Frank in musical ""Catch Me If You Can"" which will be their musical debut.",0
"UPDATE: Mallshow with the #PBBUnlimited BIG 4 + Wendy, Divine, Deniesse at Pacific Mall Legaspi Landco Plaza, April 30, 6pm! -- adminKIM",0
"Kang Ho Dong has come back. On October 29, Kang appeared in the main building of SBS in order to do a shooting... http://t.co/DNotrpeH",0
Blimey! We have a STAR guest on the Radio Horton 'Knowing Your Businesses' show tomorrow at 10am. Marleeeene! http://t.co/gaKhUPiX,0
Hoping to look FIT tomorrow on the Jeremy Kyle show #ITVFashion,1
victor cruz aint do the salsa ALL game...he's overdue....its the 4th quarter...its TIME,0
"YOOOO @ItzLavz & @_Beeniee If Niggas In Paris comes on more than once on the 26th, might have to plank for whole night...",0
Australia Test and ODI captain Michael Clarke at the launch of the international season in Brisbane on Monday... @PCBcricketPK,0
"Celebrating St George's Day, the Bard's Birth Day or even World Book Day? April 23rd is a great day for history, heritage & culture. Enjoy!",1
"@RefriedBrean And then both teams took dumps in the 2nd round of the Big Dance, KU flaming out against UCLA, Mizzou losing to Northern Iowa.",-1
Looking for something to do before the Colts tomorrow nite? Take the Circle City Tour -- $15 hop-on/hop-off access all day!,0
OKC Thunder center Kendrick Perkins may miss the preseason due to a wrist injury,-1
trying to figure how long the walk from AZ to LA is..gotta see @TheGoodMad perform nov 7th.. the bf says if i walk there he'd pick me up (;,0
"@rob strong @charcyb Anyone thinking of going to Chesterfield next Saturday, Edgar Davids v Luis Boa-Morte!? @Patriciacross & I may be there",0
"Who is ready to party with us, March Fourth Marching Band, and MTHDS this Saturday night at the Gothic Theatre?... http://t.co/wTfZtEMq",1
I'm happy my 1st showing is at 3pm today... Ritz Carlton... Let's sell it! #TomiRoseTeam,1
@WestHamJoe again it was a thurs watching Nadal game and tried to type ffs...,0
In 27 hours i know if im gonna see the boys live on May 1st!! Omgg im sooo scared for tomorrow!,-1
More players have joined Ghana's camp ahead of the friendly game against Nigeria on Tuesday.,0
DeSean Jackson suppose to be at Training Camp on Monday...hope the Eagles lock him up and extend Mike Vick...,-1
@GeeEasy SMH...preseason injuries..THEE. WORST.  You know JR Smith is in a boot? He was fine on Monday. What the hell did he do to get that?,-1
If BARACK OBAMA CARED 4 the people of NJ he would lift UNION BAN like George Bush did 3days after KATRINA. #sandy #October failed leadership,-1
Boxing News: Devon Alexander and Randall Bailey ready to slug it out on September 8th http://t.co/X7blyK1C,0
"Tomorrow will be the day that Ian Holloway is a hero. He will say no to palace and he will show ""loyality"" and we will go on to beat Derby!",0
@Kingmonkey70 It seems right back is a problem at the minute. Shotton was awful on tuesday.,-1
"@cafn8d Thank you! If one of the rabbis on campus can come by today with Purim greetings, so can you!",1
@RBKD: Rui En's off to Macau tomorrow for the filming of Poetic Justice. And here's a note from her :) http://t.co/focdU8al,1
Today in Hockey History - October 12th: On this day the Toronto Marlies of the American Hockey League (AHL) play t... http://t.co/PTgeAS36,0
The Grey and Yellow Gold Wedding Puzzle is now up with the first piece being a unique two-tone dress by @shopbop! http://t.co/1RYso3ZZ,1
@HCD_News is an official news that Nash and Thorton will play in Davos? Are they going to play on 29th match? Can i buy tickets from italy?,0
Just added a Google+ Hangout to the schedule--see YOU on November 21?! Details here: http://t.co/uMZmyC4l,0
"#Loanwatch: Ben Amos is a doubt for tonight's Hull City game vs Doncaster (2nd round League Cup), with a groin problem.",-1
If Plant City didn't have a staples i don't know what i would do with my Friday nights.,-1
@LaCombe_865 I'm gonna be in Monroe like all day Sat! Haha,1
"@HeffronDrive Congratulations Kendall in Germany it is 7 clock Friday November 2, so Happy B-day",1
"Mohsin Hamid's 2013 novel = ""How to Get Filthy Rich in Rising Asia"". Think they need more typefaces on the cover? http://t.co/V2wt3yO0",0
May possibly like Dream High 2 better than the original! #gasp!,1
"Happy Valentines Day <3... only if you live in Brazil, otherwise its just another irritating Monday.",1
Red Wolves HOME game TODAY at 2:00pm! Excited to see the best fans in the Sun Belt again! #HowlYes #GostAte!,1
Refuse to admit that it's 3rd year. Bring on my Groundhog Day,-1
"Because after a while you catch yourself eating meatballs on a Friday during Lent, and you don't care.",-1
The heat is gunna kill the Knicks tomorrow,-1
Down at Chesters tonight playing some bass with the August James band. Can't wait to see what songs we know how to play!,1
"I wanna go to the studio with Ulysses n them tomorrow,but i cant. #BARS",-1
Capello Bemoans Language Barrier in Russia: Russia coach Fabio Capello spoke Monday of his frustration at the la... http://t.co/wDkfnlqQ,-1
"#NFL and #ESPN have as many kinks to work out as the teams -- they just flashed the ""Monday Night Football"" graphic...",1
"@dannychoo When Douglas Adams wrote Restaurant At The End Of The Universe, he may have had Japan in mind. #HHGTTG",0
"No videos tomorrow, except for one. And, honestly, it is the biggest thing to happen to the group since we moved to making LP videos.",1
"Praying for 1st and 2nd wave of leaders going to the ""X Factor"" Leadership Retreat tomorrow! Counting down till I join u all Friday #impact",1
1pm August 16th Live stream + Duels with miley. :) Be prepared!,0
The media filing center at the University of Denver empty now will be bustling tomorrow.  #utpol #denverdebate http://t.co/Dd4m2bnh,0
@LiamGib We've got the sponsor form and box on our desks. I think Becky is going to send an email tomorrow.,0
This dude from Jerusalem say he can't take a test Thursday b/c holloween Wednesday&he's gonna have a hang over #purehonesty,-1
"Slept for about 11 hours. I seem to be in quite an odd mood. Ah well, @SoundersFC in play offs tonight (2am) and Jack White on Sunday!!!",-1
"UPA trying to hide corruption with reform, FDI: Jayalalithaa: Chennai, Oct 6: Tearing into the Centre's b... http://t.co/Yfwmhu5a #india",0
"@bourneyr wait, comedy central isnt on freeview is it? :( also loving that i predicted this last night",-1
RT @MTNNG: Good morning Nigeria ! 1 more day to go ! Get ready :),1
March 1st should be officiall National Bieber Day where we get a day off school.,0
Nipsey hussle and dom Kennedy this sat @ShesRuthless you down?,0
@CHEorNOKS in Brownsville on the 18th floor of the project building stay dry my nigga,0
Come to MTSU Football Fan Day tomorrow from 2-4 PM at Murphy Center! Meet the team for autographs and enjoy hotdogs and drinks!,1
The takeaway from tonight's game: the Colts' run defense was HUGE. And Curtis Painter rightfully owes us all (us especially) a big finger.,1
@justinrsutton agreed. that's like the NBA All-Star game taking place in October.,0
"Robert Turbin impresses at NFL Combine: But on Sunday in Indianapolis, he became just another name, trying to pr... http://t.co/OzkhJthK",0
Poland criticize the 18th amendment. The new frame has been opened. None of the topic was on that earlier. #UPRLKA,0
Fuck yes the Girl Scouts just came to my door. And I may or may not have bought ten boxes of thin mints....,1
#TamilNadu Bear with me for the power crisis: Jayalalithaa: Chief Minister Jayalalithaa on Wednesday asked the... http://t.co/RBpx9PoD,0
Brook Marie had the chance to attend the 10th Annual Honey Shine Mentoring Program Luncheon yesterday at Jungle Island with a few...,0
"@thelawry I'm a Nikon guy, but interested in what you have to say tomorrow...",1
Today is the anniversary of Dr. Seuss's death and tomorrow is Silverstein's birthday... so we should all only tweet in rhyme,0
@Juventus_FC_fan @Camurria10 Can't really remember but I think it was Capello's 2nd and we started with 9 or 10 wins and ended with Chimenti,0
"Info *Distance Of the Sun frm Earth 149,597,900 km & The Moon frm Earth is 384,400 km. Follow @General_Sms FOLLOW @MS_DHONI_101",0
"This Friday night at The Warehouse, Dowtown Shreveport, 9 PM. Irene and the Sleepers, Super Water Sympathy, and COWBOY MOUTH!! Be there! RT!",1
"My mama going to Jacksonville Saturday ,I would go but she want let me ,I'm on ""punishment"".!",-1
"@PatMessenger great choices!!! I went to Olympic park too, but if you're just there for the weekend, that may be pushin it!",1
This is Austin Rivers 1st game and people sucking him he a rookie chill !,-1
"This Sunday, come watch the Ravens take on the Browns, and help support the Baltimore Humane Society! CAPTAIN... http://t.co/sddQgkJg",1
"@staceyx8x lmao, from a garage in Boro. My mate went in for drink on Sunday night but they wouldn't serve him because it was too late, so",-1
@alienburgers I've never actually sat down and watched the whole movie of The Notebook...... because I dont like the movie.,-1
"August 17th RT @graceellisxo: Can't wait to see the Inbetweeners movie, Will has to be my favourite! When's it out ?",1
New York Giants: Game-by-Game Predictions for the 2nd Half of the Season http://t.co/yK9VTjcs,0
Tomorrow I get my hands on my copy of VLR for PS Vita. Hopefully the postive impression I got from the demo carries over to the full copy.,1
New Die Hard movie coming out Feb 14.. Looks like Bruce Willis is going to be my Valentines date:o),1
Hear ma seh tweeps the place to be on December 15th is the ultimate VINTAGE enuh !!! At the one and only oneil's place !! Ting ago slap weh!,0
"Today: Republicans might hate Obama's health care law, but fighting the details is tough. http://bit.ly/oSDYS1",0
3rd day in a row catching my mom watching Sophia grace and Rosie #obsessed #shelikesrosie #seriousfan,0
QB/RB threat Blake Sims may be just offensive weapon Bama needs http://tinyurl.com/3cs74vw http://fb.me/17Td2ApmL,0
@danicook8 ah okay was hoping to see you out Friday! Next time I'm staying at Harry's we should meet up in Kingston! Xx,1
Tomorrow night at 7 p.m... We need madison city stadium packed with everyone wearing RED  as Bob Jones defends its Region 8 championship,0
@rav_sagar @spencermorgan93 they will have the last laugh when we get to the Carling Cup Final.. result may vary.,0
Really looking forward to the Passion 4 Pink event tomorrow night at Medusa in Brownsville. It's perfect for a... http://t.co/g9GQrLaE,1
well...i wanted to go to the black forest tomorrow and take pics of the leaves. now i'll have to take pics of the snow. #thanksweather,-1
@AmreaderToo Mostly just a misunderstanding over who called whom. Bigger issue is pepper-spraying people who want to march on Republic Day,-1
#np Lay up ft @MeekMill @rickyrozay  @Wale can't wait to actually buy the album when it comes out & the #MMG concert on NOV 3rd at Rupp.,1
The wisdom of not running phony Republicans tonight is this: All six Dems are now winners. All six Repubs are losers-to-be. #WIrecall #p2,-1
Senran Kagura for PS Vita may be the most advanced breast physics system with complete costume destruction comparing the 3DS counterpart.,1
Watching Kandi Factory... Dam I could have made the show can't none of them SANG! LOL,-1
"RT""@3gerardpique: Great win 2-0 against America to end the USA tour! Now, it's time to play against Italy on wednesday with Spain! #tourfcb""",1
@Swimfanatic454 thanks I am! :)I saw the hollywood sign today!!!!! And in Disney I got to meet a really hot Aladdin lol :),1
@Peter_Owen1: Bulls season tips off Wednesday night vs Sacramento Kings. Excited is not the word. Frustrated is the right one...,-1
Don't get derby tonight :'( Possibly get my man though so that makes it not so bad =],-1
#cricket Pakistan hopeful of Bangladesh visit: Pakistan's cricket board said Sunday it hopes to arr... http://t.co/8MzuvYdd (f ahsaan4u),1
"Unforgivable by Christina Grimmie..not quite feeling it yet. Then again, I wasn't ""quite feeling"" Safe & Sound til I heared it a 2nd time!",-1
"@SemiProJoe @SaraWoof looks like it's coming on Valentine's Day. I liked the 4th, I think 5 will be just as good. He's in Russia this time.",1
"Aren't Jews, Steve Emerson & Clifford May just a little scared at CUFI. Haven't they heard about Leo Frank?",0
@christoferdrew Happy Valentine's day my love.. November is coming <3,1
"@Mona_ElAshry ...those who killed Sadat are the reasons why Egyptians struggled in the past, and may face uncertain future ..",-1
@tiffzero Hey got your tix for Looper on Wed :) it's 630 at Sylvia Park - do you work in town?,0
So ready for my birthday. (((: the big SIXTEEN! #sweetsixteen november 22!,1
"Kinder Morgan, Chevron, & Shell: Natural Gas M&A of the Day: Chevron Corporation (NYSE:CVX) places 2nd, only toE... http://t.co/ZAqKYJO7",0
"How is the racism, threats, & hatred shown toward entire Zimmerman family different than any racism that George may have had? #hypocrites",-1
"Pierce the veilRT @FaZachary: Miss may iRT @abityab: Lagu demen Bullet for my Valentine, hbu ??",0
Daily Zap: April 3rd: Daily Zap: April 3rd Check out a whip around the league for all the highlights from ton... http://t.co/wCD04IL2,0
Meg Ryan: They don't make Sunday underpants.  Billy Crystal: Why? MR: Because of God. BC: *blank stare* #whenharrymetsally,0
Danny Care may be the best scrum half England have but he's still a massive c-bomb,-1
"looking forward to the judd apatow guest edited issue of Vanity Fair in January. Expecting lots of Lena Dunham, Paul Rudd, Leslie Mann, etc.",1
"@tnvanderlaan have not heard the entire 4th CD yet, but I do like ""Good Girl"" and (the not as upbeat) ""Blown Away""",1
"@HollyPaterson_x was playing Temple Run earlier, was thinkin of you and I in 6th year xo",0
balls. i forgot celebrity juice was on tonight.,-1
Happy Valentine's Day!!! @MAziing: Everyday is the 14th!,1
"@alexisnews You should attend @wftda Champs this Fri/Sat/Sun: top 12 roller derby teams in the WORLD, we play Indianapolis 8pm Friday!!!",1
lol cause we went to the zoo today & saw lions and tigers and all lat,0
'Really good day' as Danica Patrick finishes 10th at Kansas Nationwide race - NASCAR News | FOX Sports on MSN vsOWxX7c http://t.co/wlmXrhFu,1
It's 1:30 in the morning and all I want to do is watch the Vampire Diaries. Sad.,-1
Next big day of the year is Presidents Day. The revised date is now the 6th October. Details of the competion... http://t.co/aiGCr5BO,0
"MISS! Robbie Keane gets on the end of a David Beckham cross from the right, but his header is just over in the 19th minute.",0
It's November 1 so you know what that means. You'll see Valentine's Day stuff at Walmart soon. #CelebrateTheRightHoliday,1
Four Lions in on this Sunday. Have to record that. Still not seen it yet.,0
"X factor, home made goodies, jacuzzi and Sacha Baron Cohen. Perfect Saturday evening with @SuzieInnocent",1
@augustaannette tomorrow maybe!? Like during Tok and lunch? I'll go tomorrow and you can go Wednesday? :),0
"Krul crocked, just putting it out there Craig Gordon britains 2nd most expensive keeper is without a club? #nufc #SAFC #FTM",-1
"@alfredoflores follow @amandawanxo and meet her on NOVEMBER 26. she deserves to meet you,crew & justin. She'll be at the bell center at 4!.",1
@Sean_Bridge no don't! I have to fit into a Tomb Raider costume next Wednesday! Save it for the #cakecrawl!,-1
@whats__GOODY lhh girl .. She may be cool. Uhm I want to go to Tennessee state . I don't want a roommate .dont even wanna chance it . Wbu?,-1
Chigozie Agbim and Chibuzor Okonkwo left the shores of Nigeria on Sunday morning to team up with the Super Eagles ahead of Tuesday's intern,0
@CastleNikki is she on the people's choice ballot? I've only looked at Castle categories. But may have to venture out...,0
Shit here comes all the hawker tweets. Don't worry Wildcat fans they will all be gone on March 20 (first round of NCAA tourney),-1
@hatinggreenday I don't understand what the fuck's wrong with you! You may hate Green Day but don't bother the Green Day Family with that!,-1
"@bpshow  bill,  Murdoch may have apologize for saying what he said but he hasn't changed his view on the matter.",-1
"Wicket, its getting worse for the Afghans, they have slipped to 22-4 after Karim Sadiq (5) was run out by Jos Buttler in the 6th over.",-1
@lawsonVFL @Timmyhbass today I told a bed-ridden old man wearing Clemson pants that the rest of his team would be joining him soon,0
"Talked bulletproof design among other cool topics with the MTA yesterday. No, seriously, bulletproof design.",1
Don't worry edmonton tomorrow morning your main streets will be clear and ready for you to drive on !!!! I better go to Bed,1
Today a white boy told me nicki minaj was the best female rapper. I beg to differ. Since when do schizophrenics get recognized like that?,-1
Wise words of Kristin Chenoweth: knowing when to leave may be the smartest thing you'll ever learn,1
"Working the Celebrity Power106 game saturday at CalState LA $12 at the door. Gonna be with Kendrick Lamar, Rick Ross, Clyde Carson, ect.",0
"Centre suffering from 'policy paralysis', alleges Jayalalithaa: Jayalalithaa on Tuesday charged the UPA go... http://t.co/Reau8svK #News",-1
"@yorikirii Quieter. My sis, brother in law and habibti are going back to Ireland this afternoon ;/ Tennis doubles sounds fun! Enjoy! #Juice!",1
"Going to 3MPH: a Woman's Walk Around the ... at Chautauqua Community House on Mon, Nov 12 http://t.co/rsOCU9z7",0
Looks for Tom Boonen but knows he'll be face down in a mountain of sherbet. Race day tomorrow. Prep of pros,-1
Tears of the Sun is wayyyyy better than Act of Valor,1
@PrincessMassey lmao i sat here for five minutes like what the fuck did i do to courtney???? Ha damn........ -__-,-1
Members: we will be helping at the polls tomorrow and Saturday as greeters. If interested we are working at Garner until 7 tomorrow,0
"Whew, long day unpacking the Turner house. Now a movie and knitting with my honey. How's your Saturday going?",0
Should i have an engagement party?  Any who.. SAN FRANCISCO this weekend then... I officially move to Colorado on the 13th.,0
Midweek Service tonight! 7:15 Gulport  7:00 Wiggins. There is not a better place to be on Wednesday Night than Church!! See ya soon,1
The Knicks got the Heat at MSG tomorrow! Gonna be tough but we got this!! #knickstape #GoNewYork,1
RT @StevenTDennis: Today *very* rare day when Democrats will get healthier on their Club for Growth scorecards than most Republicans.,1
Just got him tickets to the Knicks vs Celtics game on October 20 Lmfao how mad would he be ?,1
@n_kahl0n @romasachdev06 c'mon roma its the twitter lyfestyle. Get with it,0
10th grade I said Nipsey Hussle the best rapper out. Everybody was like hell naw then when the marathon came out everybody was on his nuts,1
"Show em what it isRT @Trujohnson2: Love it when scouts be at our Practice..  I counted 4 today..  Broncos , Miami , Philly , && Tampa Bay ..",1
What a Sunday this could be! English to beat the French and Wiggo to wrap up Paris-Nice isn't too much to ask for is it?,1
Free hugging day?tapos may Free Kissing Day? o.O kailan na ang MalanDay? @EmmieIsMahName @annabananaftw,0
@Desdemonaous The sun does not rise in the same constellation as your zodiac anymore. There has been a shift. Astrology is a myth.,-1
Nuggets at 76ers: 2nd half thread: Leave your comments here as the Nuggets finish out the second half against th... http://t.co/omb1hRrf,0
I'm not even gonna bother watching Eurosong tonight. Saw enough of it on Tuesday.,-1
"Strange Sunday Graham Richardson defending Gillard. Stating the PM did NOT plot against Rudd (as he says ""& I should know"") #auspol",-1
Just found all of ST: Voyager on Netflix. I know what I'm doing for the rest of the night. Woo!!,1
"In an odd sort of clearance sale, the Kremlin announced on Monday that it is putting up a draft horse and a pony ...  http://t.co/NTAV4Yd0",0
Can't believe that Lloyd Robertson's last broadcast is tonight! End of an era. Who is gonna keep my grandma company at night!?,-1
I can't wait to see the Lakers tomorrow....,1
@starky88 @nfl_uk Was in on sat and they only had the Ray Lewis home jersey.  They didn't have a lot either.,-1
"Since the Droid Bionic is coming out on September 8, I really have some deciding to do between it and the supposed new iPhone.",0
@EMMASTANIS I'm in Hawaii at the moment. Home next Friday night. Don't want to come home.,-1
Rugby is a great winter sport for gaa ladies looking to keep up there fitness. Come along friday to kilkenny rfc at 7 to try it out,1
Tomorrow is the release of the 20th Anniversary Kniteforce Boxset featuring many remixes including mine of Super Sunday! $92 at the store!,1
RT @sheilatweetss: #rungeordierun Should be given a HEROS welcome at the Arsenal game on Saturday.@nufcfans @NUFCOfficial,1
@vbaffour94 @timtebow love this picture! Praying for you right now Vanessa! May the Lord be your strength! :),1
Do Remember THIS Saturday 10/27 tho.. It's A Celebration. We just tryna have a good time. @mikejrga beed http://t.co/yMI1RV4f,1
"SIU up 2 sets to 0 at Drake (25-16, 27-25), looking to keep sole possession of 4th place in MVC. just underway in the 3rd set",0
"CULTURE (Down Town, Mon 23, 1:00pm): Come celebrate spanish literature at World Book Day by the Cervantes... http://t.co/1JD5prgg",1
#wordtomymuva I'm going to that Lakers Vs Heat Game Feb 10th in Miami #IAmNotPetty,0
"Battlefield 3, Open Lobby, 'Rats Clan' Xbox Live Server, Sunday 9:30pm GMT. ...bring the rain.",0
Acta gets the ax. Wrote about him and other managers on the hot seat on Tuesday http://t.co/wXmASsbT,-1
"Practicing with Marana tomorrow, should be interesting, black pack all the way!",1
@iBelieb4Justin yea!! And I know the most people going to those places!! I think only Hk and Taiwan are going on Thursday.,0
"Majority of customers in the following areas should be restored by Sunday night: Burton, Chardon, Conneaut, Eastlake, Mayfield Hts, Mentor",0
"Ghost Rider 2: Spirit Of Vengeance, may just have enough nonsense to satisfy @craigfots Statham-quotient.",-1
"Daniels good-humored on comedy show: Indiana Gov. Mitch Daniels was a good sport Thursday when he appeared on ""T... http://t.co/5idcFj3B",1
"@Yvette_Elena :) Most def, i think when you come tomorrow the boys will be here.",1
RT @SmileLikeMiley: There won't be just a Party in the USA tonight there'll be a Party Worldwide when Miley wins. BOOYAH! TCAForMiley,1
"@PacificaPatch This Friday night, Terra Nova football is playing one of our teams up here. I can do a little something for PP if you want.",1
Hoping I can somehow make the Volleyball game tomorrow #please,0
Concert in Dallas was a success tonight! T'was very hot tho! Church in the a.m. Then back to Detroit!,1
"Peyton Manning ......... NOOOOOOOOOOOOOOOOOOOO!!! If Curtis Painter is starting on Sunday, I am going to lose my shit.",-1
"@Gilly_flaherty @MissCarter_x  Did Dani get the results she wanted? Good luck tonight v Everton, C'mon the Gooner Girls",0
No Andy Rooney on tonight's #60Minutes?! Can someone make sure that he's still alive?,0
Topic on the morning news: Does Detroit need a white mayor.......pause....wtf?!?!,-1
"Cong to hold rallies on FDI. The first rally will be held at Delhi's Ramlila ground on Oct 28, to be addressed by the PM and Mrs S Gandhi.",0
"@jessicaeven alright, ill go to ticketek tomorrow and sus it for you :)",1
@lovinjakemore You bet! And @chuckonthewolf & I will have Best Seats in the House on Mon.,1
"I'm not gon believe that Victor Cruz is the real deal until he lines up outside, no slot, and doesn't disappear like he did Sunday",-1
Anonymous asked you: You remind me of Wednesday Adams.,0
"Hey Mr ""Ego"" October...Gary Carter & Kirby Puckett are HOFers as are you...the difference is...they were class acts...which you aren't!!",-1
They may not be the best looking of Preds but they sure are comfy and snug!! Worth it plus swag colours! http://t.co/fiyvxqoB,1
"Sungkyunkwan scandal for the 3rd time!!! Can't get enough of Park Yoochun, Park MinYoung, Song JoongKi and especially Yoo Ah In! :)",1
"Fabio Capello: ""From what I've seen these days I can assure you Russia are capable of getting a good result vs Portugal tomorrow"".",1
Once again Democrats spent all night and this morning trying to talk down the stock market...whatever happens there can be no blank check!,-1
A three-month-old boy was found abandoned at a platform of the Chhatrapati Shivaji Terminus (CST) on Saturday night. http://t.co/qffIfZNN,0
PRAY NO ONE GETS HURT OR KILLED IN LONDON TONIGHT GUYS. This looks like it's gonna go on for hours.,-1
"Church tonight, who will you bring????",0
"@sherbetgal We couldn't make it to Jan though edd is 4 Jan! I'm a feb kid & if it coincides with the CNY, I only get 1 ang bao! BAH!",-1
"Google Wallet is coming to MetroPCS, so now you won't need to sign a contract to have your identity stolen. More jokes: http://t.co/oyPF2YTw",-1
"Centre suffering from 'policy paralysis', alleges Jayalalithaa: Jayalalithaa on Tuesday charged the UPA governme... http://t.co/FKTzJL5G",-1
"@bethinnernow I was at Ramlila Ground where Baba Ramdev is fasting at 2 PM 2nd day. In a hot and humid day all covered area was jam packed,",0
"UFC on Fuel TV 5 Preliminary Card Preview: This Saturday, the UFC once again comes to Fuel TV. Coming ... http://t.co/zHzuD6GZ #UFC #MMA",0
Intermission FC took a big step towards the title with a hard fought 1-0 win over fellow table toppers The Real Ajax on Monday night.,1
Kinda just want to stay home and cry all day tomorrow...,-1
"Fuck you, band that covered it on Friday night, and fuck you Ricky Martin for existing in the first place you big jerk.",-1
I can't wait to cruise Walgreens tomorrow for all the half-price avatars. #LOVEMEEEEEEEEE,1
"The video of Porto ""Oportonity City"" won the 1st prize in category Cultural Tourism in ART&TUR International Tourism Film Festival...",0
spot price on 14KT gold is $49.08 dwt in Tampa Bay today - crazy that gold is over $1800/ounce - remember when the real price was $300.00..,-1
[Today 5/19]Gag Concert is back with Eng Sub! Kick off your sat morning with laughter!,0
Me and @hayleyrose booked in to see A Good Day To Die Hard on February 14 2013 (Valentine's day).,0
@IreneNell Good morning Irene :) I love the tiger photies so much! Do you own them?,1
Enjoyed the FLOTUS today in FL! @MichelleObama u r BRILLIANT...simply put! Glad I voted Saturday #Obama2012 #DUVAL http://t.co/0Szz0XM7,1
"Well hell. I'm drivin, by myself, in NEBRASKA tomorrow. Why do I get the feeling that this will not end well....",-1
"If one more commentator references how ""smart"" the Dook players are, I may just turn this mess off. #overratededucation #dook",-1
Looking forward to facing Ms. Allysin Kay this Saturday in Petrolia!! http://t.co/Z6CBqYp1  come check it out!,1
"VOLLEYBALL: Plant City clinched a regional spot, defeating Hillsborough tonight 3-0 in the 7A District 8 tournament. Finals are Thursday.",0
Saw this after the game Saturday.   @ Former Site Of The Now Removed Joe Paterno Statue At Beaver Stadium http://t.co/mwGzBUWR,0
RT @espn ESPN MLB Cameron Maybin starting to see the sun http://t.co/AIYSC8l,0
"Mommy is leaving on Sunday. Didn't say shit. Like I knew she was leavin, but she ain't say when.",-1
"he may be a cheap shot scumbag, bit I fuck with Todd Bertuzzi",-1
"Droid Bionic pops up on Motorola site, looks set for September 8 release: Between the leaked ads, blurry photos ... http://t.co/zw6xC19",-1
If your in Indianapolis tomorrow swing by the Macy's at Castelton mall from  5:30-7:30. I'll be there signing autographs and pictures!,1
"Looking forward to the nest Prizefighter on Nov 3rd at Bethnal Green - Light Middleweights turn - 2k bonus added for each KO, #incentive",1
Congrats!!! to the Philippine Patriots for winning over Singapore Slingers last saturday... Go Patriots!!! :),1
Vitali Klitschko stopped Manuel Charr in the fourth round to retain his WBC world heavyweight title Saturday night.  #eotpro,-1
"@thehuwdavies you think the Boro will beat Swansea? I'm not so sure, December/January is when we implode",-1
@BarackObama don't do it!  He won't respect you!  RT @thehill: Boehner asks Obama to move speech to Thursday http://ow.ly/6i345,-1
"Good result tonight, though! Part one of Rodgers' Gamble paid off. Have to wait for Sunday for part two. If we win that, we're off! #LFC",1
I remember having to watch the Daytona 500 for Mr. Hoak's class in 7th grade. #goodtimes @AshleyHoak,1
@AshaToAshes Ash Wednesday they put ash crosses on your forehead that was the joke lol,1
"On tha real tho... I don't care if you never go to your schools Young Life, you should definitely go to ALL CITY tomorrow night... #YL",1
The 2nd game United lost was away to Chelsea. Martin Atkinson was the ref then and some of his decisions incurred the wrath of SAF.,-1
Emme's 10th birthday cake :) with Big Time Rush! http://t.co/g46VjgJw via @pinterest,1
Wish I was going to the rodeo tomorrow night with everyone :( stupid surgery,-1
"@SultanAlQassemi @beleidy Good morning, you two. Have you heard about Obama, the UN, and #Agenda21? http://t.co/oVlL8Hc He's a traitor.",-1
Seriously all of you people are dumb saying that all of the schools in CNY are going to be closed tomorrow...,-1
"I regularly drink THWAITES Best at the Welly on a Monday. Nectar. In The Fox @ Twickers, utter shite.",0
"Kevin Bacon, Paul Rudd and 8 Other Stars to Appear in Friday the 13th or Halloween Movies http://t.co/I5dEWZcy via @AMC_TV",0
"Silent house was ass, when a stranger calls was ass, the woman in black was ass and Friday the 13th is also ass",-1
Derrick Williams and @gregstiemsma check in to tonight's game. Budinger with a long 2! #Twolves up 20-17 with seconds left in the 1st.,0
@DiscoveryUK #Halloween Good .. And who is the 3rd? Valentine's day? Or ?,1
The Wichita Wild still have a shot to make the play offs?  Looking forward to Saturday's game! Bet some WW players get NFL contracts.,1
If the Steelers play as good as they did Sunday I say keep the Bee uniforms on all the way to the Superbowl #steelers,1
The India Rich List edition will be available in Mumbai from today.Other cities can get it tomorrow onward. It remains on stands till Dec 31,0
crap i meant to let #oomf use my microsoft office thing for their computer today...well he'll get it one weekend when we both in town!,-1
Can anyone help me with Physics? Universal Gravitation. I have this worksheet due tomorrow and I honestly can NOT figure it out,-1
"Team Foster Call will be on tonight Thursday November 1st, from 9pm-10pm Eastern 712-432-0900 new access code 833433#. http://t.co/4fWjyNkM",0
To anyone planning on watching the Teen Choice Awards tonight. Spoiler Alert: The winners are Justin Bieber and Twilight.,1
Pitch darn well sent. Holidays can begin. Rick Stein's for dinner tomorrow night! See you in a week,1
Beautiful Washington Monument in DC as the sun sets: http://t.co/bdWhsz78 What a walking path!,1
"Mosconi Cup from Monday 10th to Thursday 13th December at the York Hall, Bethnal Green, London http://t.co/H4YXeIli",0
This like being in 2nd place at the Superbowl.#MadeMyDay,0
1st 5-star review. Colour of Lemon sets off like a bullet train with the gruesome murder of one of Sowerbutt's own.,-1
Shit's going down this Sat. at Neighborhood Theatre #DROP!THARD,-1
@sardesairajdeep Why govt loosing sleep over Anna Hazare's fast. May be they don't want another Gandhi like figure.,-1
Re doing a bio and watching the Republicans debate while smashing some Pineapple sherbet. Not sure what to make of this evening lol,0
@JanineTurner Yes thank you Janine!!  I saw Kelsey Grammer Wed night at SAG but didn't talk politics there.  Let's take Hollywood back!,1
Front Line with Kamran Shahid - 22 May 2012 http://t.co/wOFmOtcX,0
Nikki Walker will miss Rugby World Cup on account of the knee injury he sustained yesterday v Italy. Details on www.scotlandrugbyteam.org.,-1
@_BertaB_ ask Jenelle if i can use da car on da 29th den ill take you,0
"The wind bringing all of the leaves to our feet for tomorrow, the Street Viceroy artwork and track list to be unveiled. SAMO's Red Carpet.",0
Netflix?? RT @Pink_Dagger: I'm watching the ORIGINAL X-Men cartoons I used to watch on Saturday Mornings....#throwback #iamhappyagain,1
Got #Revenge on the mind? Niners host Giants in NFC Championship rematch tomorrow! Score last minute tix here: http://t.co/kd8ZaI92,0
"Silent House may be full of stupid choices that might make you stop caring, but it's highly effective at building... http://t.co/IiJtwWsf",-1
"If you missed it, Secret Rebel Base celebrate May 4th by celebrating Ralph McQuarrie: http://t.co/cl6gfqry #starwars #may4thbewithyou",1
@CHASE_diss No the Pottstown game is the 19th....Get it together davie,-1
"Come out and have some laughs with Me, Spartacus, and Max at Caroline's Comedy Club this Wednesday October 24th!... http://t.co/byrH1xy8",1
World Music Festival returns -- free but smaller: The good news: All events at the 14th annual World Music Festi... http://t.co/kjN5fqYO,1
"Mizzou Links, 9-5-12: Holy smokes, it's Wednesday already? I haven't even posted Bill Carter's SELA photo gallery... http://t.co/jOzLwAwq",-1
@DrPhil watching the Trayvon episode I recorded. The Martins are incredibly strong & I am so sorry for their loss May God bless them #rip tm,-1
"What's are the odds Timmonsville's town council has a meeting today? Haven't met since Tuesday, so they are overdue. #tville",-1
Channing Tatum may not be that good of an actor but he sure as hell can dance #ayyyyye,1
"Good football practice today. One day away from the saints game, and 1 week away from the anderson silva fight in rio!!!!! Can't wait!!!!!!!",1
Niggas In Paris was playing in the waiting room at the clinic and this old lady sat tapping her walking stick and bobbing her head. So cute.,1
The GOP's greatest crime? @pwire: Boehner proposes Obama speech be on the same night as NFL opening night... http://t.co/aS8DBGS,-1
Get the Skinny on Verizon announces Ice Cream Sandwich for Motorola Droid Bionic: After waiting for what may hav... http://t.co/tlq6roQG,1
"@GB1886 Scummy Saha will play against us on Saturday , I hope he won't score like how he scored in the North London Derby",-1
We're going to Bali tomorrow lol http://t.co/55XLqiZv,0
U.S. Postal Service will increase stamp prices by one cent: The U.S. Postal Service said Thursday that the cost of... http://t.co/Bio1zKFy,0
Eww Lady GaGa is at The Femme Fatale Tour tonight. Don't be surprised if you see GaGa using Britney's props on her next tour lol,-1
May the peace of God that excels all thought be with Nigeria..AMEN..RT @Jessykarh: Pray for Peace in Nigeria!!,1
Friday nite after the DWC reading raided Sound Garden...3 DVDs & a CD 4 $20! Cruising home 2 Raphael Sadiq. Friday note in CNY.,0
"Bring it on!! :) RT @cinema21: Kung Fu Panda 2 will released on Tuesday, 16 August 2011",1
RT @Lord_Voldemort7: Apparently the #vmas are tonight. I refuse to support anything which helped the Jersey Shore cast flee the hurricane.,-1
I may ask my doctor for Ambien on election night. I'd rather sleep through it and hope I wake up to footage of Mitt crying over his loss.,-1
Anonymous asked: May I know the format of unboxing video? and is it for album only? Can I do it for... http://t.co/nQ6P1q9T,0
I'm worried I may sing out loud on the train!! Beyonce's album just gets me in the singing mood everytime!,1
Semi-finals tomorrow are going to be gay...,-1
@badassday I love NZ was there in Feb have friends with vineyard which is useful!! In Nelson lovely part of NZ!,1
"highlight of monday was chucking a mattress down the stairs which hit eleanor around the face, causing her to fall down the stairs",0
Church tonight with the bestfriends! #winning <3,1
@rattlecans the mere mention of Catholics makes my blood rise - and I was raised catholic. Rejected somewhere around 5th grade.,-1
@JLin7 ha.finally i can add you in my circle and come to close to talk with you on 11/6...yeah.1st time to see real Jeremy Lin..so excited..,1
@BrianMacleodRLP Thanks for the follow Brian! Hope you have a Super Tuesday!,1
RT @NickRexum: So @NickHexum apparently just announced at PowWow #311Day is in Vegas and there is another cruise in May (to Hawaii). Too ...,0
C'mon... don't play with the Winans!!!,-1
"I'm Like.. Why the fuck ""Happy Valentines Day"" is trending on the 12th of June? but anyways, I just knew that it is celebrated in Brasil. Xx",1
Tuesday is the 34th anniversary of the death of Elvis Presley? Watercooler ? What is Elvis' biggest selling single?,0
World Book Day was Mon and no one gave me a book. No one even gave me back any of the books they've borrowed  http://t.co/0NwQBrjH #hinthint,0
@FruitPunchToday lol that was our only year we may have had a chance at the Superbowl. Now we must wait until Nick Foley,0
"I spoke too soon. Flight just cancelled. Looks like I'm stranded in Calgary. I'll try again tomorrow am! Eek, I hope I make it #IYCsask.",-1
"Exciting ang Sarah G Live this sunday with Anne Curtis, Myrtle, Melay, Echo, Jm de Guzman and Toni Gonzaga! =)",1
@SteveRattner @JoeNBC @morningmika My friends and I are betting Joe wets his pants when he sees the whopping Mittens will get Nov 6,0
"Final Destination 5, August 24. Death how we've missed you.",1
All this damn work I still haven't had the chance to call Martin about these poems. I have to do it tomorrow,-1
I'm very excited to announce that I'll be opening for the amazing @edsheeran again this coming Tuesday at Irving Plaza NYC!,1
@WritersBlock__ we was on the move today. That MTA was not sexy though. Whippington is needed,-1
*Chandigarh is the Capital of the two states of  Panjab and Haryana. *March 23 -World Meteorological Day. *March 21- world Forestry Day.,0
Stuck at the office tomorrow Saffers? Missing AB's v Tonga? Try @jedthian on streaming Alternative Rugby Commentary - ARC,-1
"I hate watching movies like friday after next on VH1 , BET, MTV,& etc. because they take out the bad language -__-. It's no fun !",-1
I can't believe Aaron Carter is coming out with his 4th album Tha Carter IV,-1
"They may have a SuperBowl in Dallas, but Dallas ain't winning a SuperBowl. Not with that quarterback and owner. @S4NYC @RasmussenPoll",-1
I got to piss like a Russian race horse in the Kentucky Derby with a glue trust stuck ahead of him and he in 4th place,-1
"Interesting visit with Terra Nova yesterday at Stoneleigh, blowing a hoolie and Voyager 2.2 wasn't moving, class tent.",1
Sophia Grace and Rosie: we know one of your songs!! the sun comes down NA NA NA NA @TomTheWanted http://t.co/eyykN7iF,1
"Light Up A Life w/b on Sun, Nov 18 at Hospice of the Valley in Phoenix AZ http://t.co/recNthOb #pinterest #grief",0
"... may be that's why BJP is defending Gadkari: they are all in the 'game'. As Shourie famously said, Cong & BJP are now one  party.",1
"@jeromepugmire 2nd half in @TSL_leMag match with Pires: he takes me out from behind, only yellow card of game. 10"" scar still proud on calf",1
Going to Olive Garden with my family! So happy it's my 15th Birthday!,1
Nicki Miinaj Talks to Robin Roberts on Good Morning America: Nicki Minaj performed for the Good Morning America ... http://bit.ly/n6F3pC,0
"Had a 'low' moment...then I thought, why? 2wks on Tuesday I see Noel Gallagher up close with the best boy in the world...now I'm smiling :0)",1
"Demon Gaze, a next-gen Dungeon RPG for the the PlayStation Vita [1st trailer and screens]: Kadokawa Games today ... http://t.co/BBuO2Vzt",0
"Was ready to tune in and watch my Thursday Night comedy on channel 4 and then the tv guide tells me ""The Voice"" is on...dammit.",0
RT @Mrxtrabusy: Is it true the MTA will not be running on Saturday due to the Hurricane?,-1
-Saturday night be at the Barack Shrine in Monroe ! #TeamLCF gone be in full affect ! #GSU #JSU #ULL #ULM #LaTech #LetzGetIt @LaCollegeFest,1
Why is my mind doing this to me? 1st I think about Max and how he always knows when I'm sad and now I think about what happens when he dies,-1
"Hearts throbbing, might not make it to my 21st... #SIKE! Better watch out world, Courtney's here & no ones stopping me.",-1
#tbt Reppin the W&M sweatshirt on my 2nd birthday. I had a sweet lion king cake too http://t.co/wUaXIjaY,1
"So lucky that I'm off college Tuesday, Wednesday and Thursday next week when I'm going watching Evanescence on Tuesday night :D",1
@ukbieberday Justin is going tea time with sophia grace and rose tomorrow on the Ellen show at 4 on Really :),1
"Madonna may have helped paved the road for singers like Rihanna, Katy Perry , Gaga etc.. but Rih owns that road now.",0
Russia denies deal with Iran over military cooperation in meeting on Wednesday   - Breaking News Buzz http://t.co/BXRFl80F,-1
"@d2Phresh It's cool, the less recognition we get, the more we win. I'll take that....all the way to N.O. in February.",1
"Jeff, Joseph Arthur and the amazing Richard Stuverud.... Fox Theater in Bolder, November 18th. DO NOT MISS THIS!... http://t.co/3fdt2JXv",1
"@DDoughtyOnAir @SoBoTucker However, he has confirmed breaking a chair in the Duke pressbox, 2nd such destruction at a Duke sporting event.",-1
"Dual policy of LPG pricing not acceptable to public, suggestion is that govt. should rationalize the price which may be upto Rs. 600/-",-1
"I now want to ride my bike with ""Here Come the Sun"" by George Harrison playing in the background and my hair flowing behind me. #fun",0
"@GregABedard fans on TV before the 3rd & 16 late in Q4 had the ""oh no, here we go again"" look.",0
@flergh @JiklopDave Well aren't you good!  Happy anniversary. May many owls serenade you with Ricky Martin songs.,1
"Rare, 300kg meteorite discovered in Poland, biggest in Eastern Europe and may provide clues about Earth's core: http://t.co/KEp3zkLZ",1
"Get the Skinny on MetroPCS launches the Galaxy S III on October 22, price is $499: Good news for MetroPCS custom... http://t.co/zhLufE6Q",1
Buc's dirty up Sanchez. What do G-Men do with 5th spot? NFL player agent Ryan Tollner set to join at 8pm...On @KNBR till 10pm,0
@HPbasketball Pekovic and Love are a solid front line. If Derrick Williams plays like a 2nd pick I think you have a playoffs team.,0
"with the Wikileaks releases yesterday, it's only gonna help 3rd party candidates make an impact in the election.",1
"Kinda sucks, he missed my classes graduation over something he may or may not have done",-1
"She said that some day soon, the sun was gonna shine. And she...couldn't have been more wrong! My Valentine.",-1
"RT @HowardErickson: My sons were watching MTV the other night. Looked like an absolute freak show. What happened to Hank Williams, Johnn ...",-1
Bad Girls Club: Mexico...is so official now meaning most of the girls going off on each other. I can't wait until monday.  |D,1
hai @avrillavigne please hear me :D We Want Avril's New Single maybe just teaser 1st it'll oke for me !,1
Happy Sunday Retro Members! The movie of the day is: Project X,1
"I once turned down a performance (David Ruffin style) due to the venue serving ""pork sliders""....like c'mon bro",-1
"Things I want to do: Live in Toronto to work, go to school, and pursue acting, and go to Second City.And go out to Banff to work in January!",1
"Jennifer Hudson, others perform at Whitney Houston tribute: Just before the Grammys in February ... http://t.co/ykAcaHTT #Fashion #Style",0
"#web Apple software, retail chiefs out in overhaul: SAN FRANCISCO (Reuters) - Apple Inc CEO Tim Cook on Monday replaced the heads of ...",0
DEPARTURE of ship: JUMBO SPIRIT Port: ABU DHABI Time: Nov 2 2012 4:49AM (UTC) (Time of arrival/departure is the time the vessel a...,0
#NW True Blood can't wait til the new one comes on tomorrow,1
@MagzLovesTyga I do remember. It was like leaked at 1st so he made a new one for Careless World,0
Tell me you ain't excited! the twins in Eurosong final! they gonna win the 1st place! http://t.co/sx5XV47a,1
James Martin makes flowerpot bread on Sat Kitchen did he steal the idea from @firehousebread ??,0
@DanicaPosadas Aww thank you Danica! You are an amazing person with so much talent and love! Hope to see you in Miami this coming March.,1
AHHH! My mom said yes for me to go the A$AP Rocky concert!! Nov 8th we out! #EXCITED,1
i may or may not be obsessed with Poetic Justice.,0
"If the world ends in December, I'mma find Justin Beiber and castrate him before I die.",-1
"Liverpool, CHAMPIONS of the Carling Cup last season, now KICKED OUT in just the 3rd round of the competition 3-1 by SWANSEA at ANFIELD.",0
"2nd  Zen Dixie! If you don't read & share, God will kill a baby kitten. I will haunt you w/  redundancies & bad puns. http://t.co/tU4iFLqG",-1
@LAALVEZZ I'm bringing you a play to read on Monday. YOU'LL READ IT AND LOVE IT. And Meryl Streep is going to be in the movie adaptation.,1
"Had a good time with student teacher, Steve Emerson today at the home brew class. Next one will be June 2nd. http://t.co/YYmfqd3c",1
"@bigwidu @danapixie We're not sure if Pottstown is having Halloween. Borough Hall phone is out of order. Nearby Limerick, PA having it Fri.",-1
"Still going on vaca...: Still going on vaca...(Third column, 7th story, link)Related stories:OBAMA CONSIDERS BEC... http://bit.ly/nUqL1u",0
@missmariejames Party in the House tonight everybody gonna have a good time...Happy Independence Day #JAMAICA,1
"Breakfast, training then of to London to prepare for the game against Spurs tomorrow",0
Knicks vs Celtics oct. 20 at the times union.... #Bethere,0
besides the Game 1 2nd Quarter Knicks vs Heat game... this might be the poorest officiated game throughout the entire playoffs bro. smh,-1
Safe and Sound on 57th and 11th...hoping that they clean up Sandy quickly for those that were in her path. Love you all!,1
"About India: Auto production may end FY13 with 6% growth: CMIE - Mumbai: Automobile production, which took a... http://t.co/2zocdLkd",1
"Lady Gaga fears classmates: Los Angeles, Nov 1 (IANS) Singer Lady Gaga is still in touch with some pe... http://t.co/7wfIXFJ1 @YahooNews",-1
"Monta Ellis commits his 1st foul! He's cold with 2 missed FTs, a foul and a miss to start Q3. #Bucks trail #Bulls 70-60, mid Q3.",-1
Is anyone going to H&M tomorrow for the Fashion Against Aids collection?,0
(Reuters) - The season opener between the New York Knicks and Brooklyn Nets set for Thursday at the Barclays Cen ...  http://t.co/elPgNPH9,0
Annie hasn't finished the high water marks but Ash Wed is under @1901 Bayford Oyster Co #sandy http://t.co/UiR5NeU6,0
@IhsanOmi seriously i think he may pull out his gat and shoot me! i need to call upon castle greyskull for my powers #IHaveThePower,-1
Can't wait to hear tomorrows CMAG Meeting about HORNY (CoNI ) Report. Baages wait & watch you will be grilled tomorrow ! CMAG a hope.,-1
"Pacino to play Paterno in bio film coming out soon. This will mark Pacino's 2nd film with the phrase, ""Say hello to my little friend.""",0
"RAVE REVIEWS...BOOK NOW!      Sat 3rd, 7:30, The Cabinet Maker's Daughter at Shaftesbury Arts Centre. Spread the word! http://t.co/lwL3Pc0h",0
Kaka committed to Real Madrid: He may have been on the periphery of the Real Madrid squad since Jose Mourinho took... http://t.co/zRs9BDlB,0
Okay me and @megnicolelewis are about to watch The Woman In Black. This may be a terrible night.,-1
Presidents Day is this coming Sunday (9th) at the Windmill starting at 1pm.  Arrive at 12.45 for pairs to be drawn - all Members welcome.,0
"Q98 Presents: DETHKLOK with MACHINE HEAD, ALL THAT REMAINS, and BLACK DAHLIA MURDER! TUESDAY, NOVEMBER 13TH AT... http://t.co/OpzJoZzP",0
@OnlyGirlRiRi1 same here!! The funny thing is that i saw Rih exactly one year ago! On the loud tour november 1 2011 :),1
"MMAWeekly Radio Tuesday: Miesha Tate, Ryan Madigan and the Best Debate in MMA http://t.co/4M1Q3Wxz #debate #Front_Page #Miesha_Tate",0
"En plein visionnage de ""Shut up and play the hits!"" James Murphy est mon dieu...",0
skipping school tomorrow and going to Tennessee instead. #soundsgoodtome,1
"Black actresses shine at the 19th annual Elle magazine Women in Hollywood Celebration Octavia Spencer, Viola Davis and http://t.co/bJ650mLI",1
@iansomerhalder @paulwesley @ninadobrev you know what? Vampire Diaries starts in Germany on monday! I can't wait!,1
Ryan's going to Amsterdam tomorrow :( wahhh but who the fuck even goes there,-1
Listening to Ni**as In Paris [Explicit] by Jay Z and Kanye HAPPY 1st birthday to the throne http://t.co/GDw2GBUC,1
"Hi guys, girls working tonight :- Passion, Alice, Harley, Sky, Stacey, Adriana, May, Paige and Willow. See you soon x",0
Thanks everybody for the bday wishes!! Gonna have a big celebration tomorrow at Ostend!!! CHERRY MOON RETRO... http://t.co/fJvQAPwH,1
Line up at #yyt to check in longer than a #tims lineup on a Monday Morning after the Super Bowl Sunday!,0
How are you spending your Saturday night? I'm currently sitting crying my eyes out to The Vow.,-1
Waiting for the highlight of my Thursday night Celebrity Juice #nolife,1
"After I tweeted about @MTLgazette Gary Carter photo #facepalm, they removed the Mets photo. 2nd choice almost as bad, Kid holding Mets cap.",-1
The boys are hot!! #streakin Big win tonight let's do er again tomorrow! #keepitrollin,1
FRIDAY NIGHT LIGHTS!!! Here in Brownsville the match between Hanna Eagels and Rivera Raiders.,1
I need another Viv necklace... May buy myself one for Valentines day #nojoke,0
"Sad news today, what a great player. RT @Buccigross: Pavol Demitra has died in the Russian plane crash.",-1
#callmatterface I want to talk about how desperate Luca Modric is to leave Spurs he ransacked Tottenham last night.,0
"Little story. My dad asked me today, ""Who is Silva fighting tonight?"" and I replied ""Yushin Okami."" 5 minutes later my dad asks...",0
"@DougBenson Leonard Martin category ""Saturday Not Live"" movies with Chris Farley, Phil Hartman or John Belushi",0
Took and hour to vote...first day of early voting..please try not to wait until Super Tuesday #earlyvoting,0
How great would it be if the power came back today but so many schools in fairfax country didn't have power so school was closed tomorrow?,1
"@Siralex671 They launched the day of the Carling Cup Final, did you not see the Dont Buy The Sun posters? #DontBuyTheSunANYDAY #JFT96",0
"@AlexAndHisPants Revelations is the 2nd worst (1 was the worst) but III, for mine, is above I just because lots to do + naval battles",-1
@BarRefaeli Could you wish a Friend Happy Birthday? :) His name is Laurin!  It's his 18th Birthday and he's a big fan. Thanks in advance!,1
@Yo_BFKeeper Haha just like me.! We both got sent to iss on a Friday,1
Feels like Super Bowl Sunday waiting for the big TNF game tonight! What's everyone doing for KC v SD?!? #cantcontainexcitement,1
"Melissa McCarthy, Jane Lynch make Emmy night Chicagoriffic http://t.co/IFUMgLTV",1
"I'm going to Machine Head at Sala Razzmatazz in Barcelona, Spain - Nov 15 http://bnds.in/qMyg7H",0
"Wish Maddie luck next saturday, she has a solo audition for Britain's Got Talent! :) ~ Ellie xxxxx",1
Blow to the Lions...Joel Patfull's out for the season after breaking his hand in Sunday's loss to Adelaide. Surgery Wed morn.  #afl,-1
"Endymion is responsible for the 6th Q-BASE update. Here's the preview of their Thunderdome anthem. Watch, listen... http://t.co/zAc61Qop",0
"@asoggycarrot Yeah the Big Bangs are like, the second rarest L9s anyway, so I'll get them, they'll be here on like, Fri if I order them 2day",0
Tomorrow is the ELVIS EXTRAVAGANZA! Tune in to 97.1FM at 11am for all the Elvis Presley you can handle.  It's gonna be rockin'.,1
Here is the nip slip that happened yesterday on Good Morning America....and Nicki Minaj is not happy but ABC has... http://fb.me/EVXID9e9,-1
Mohamed Nasheed's Press brief about CONI report - 31 Aug 2012 http://t.co/fky9cA6d via @youtube,0
"Operating G3KMI this evening from the University Maths Tower on HF bands. 6:15-pm - 8pm BST. 10th floor, room 10037. #ham #hamradio",0
"Microsoft & Nokia Holding a Get Together on August 17, 2011: August 17 could be the day we see an official annou... http://bit.ly/nUb8q4",0
Think I'm gonna have to have a MaccyD Breakfast on the ways to Spurs tomorrow ;),1
"RG-3 showed me a lot of skill 2day but, the NYG & Defense secures Eli's 24th come from behind victory! Forcing 5 turnovers on WSH #HiHaterz",1
"@ohohmario Why you so gwapo  ^_^ Take Care Mario,going to watch Suddenly it's Magic on Tuesday. :)",1
OMFGOMFGOMFGOMFG The Black Dahlia Murder/Machine Head/Dethklok/All That Remains are gonna be at the Palladium in November! *JOOOOOOOY*,1
Apple CEO apologizes for error-ridden new map app: Apple CEO Tim Cook apologized Friday for the company's error-ridden new mobile map...,-1
"At the half, Bayer Leverkusen 1-0 vs Bayern Munchen. Let's score 2 or more in the 2nd half!! GO MUNICH!!",0
Inbetweeners movie coming to cinemas in Ireland on the 19th of August. I have never wanted to see a movie so bad!! #shouldbegood ;),1
I just cried over a dead badger named Shreddie on Animal Planet. Another tough Friday night.,-1
"#FLEXTHURSDAY !! DIS THURSDAY!!!!!wit @FLEXCREWgotti @DA CROWS NEST WE CALLN OUT DA WHOL SOUF KUM KICK it Wit #PINKCITY!,:-)",0
@ugus_sacks Or SJP's evil twin who's plotting to put out the sun.,-1
"The Emmys are the unwatched awards show: In February, the Grammy Awards show blew through the... http://t.co/seo5TSEV #entertainment #OC",0
Happy birthday Roman Abramovich (24 October 1966) >> Keep the blue flag flying high <3,1
@pushplayjt the @okcthunder should have traded @JHarden13 for Monta Ellis and 1st round pick... #smh #bucks #thunde #bemilwaukee #BucksPride,0
"@LukePlunkett I agree with you re: Tomb Raider box art. May be an encouraging sign? Too early to tell. But still, classy.",1
"Our left side is the weakness, 1st game for Young after injury and Evra.. Well Evra is Evra.",-1
@gamewank_jim James Martin could have you on Saturday Morning Kitching 'This will go wonderfully with the lamb; a real musty scrote aroma',1
"...Gandhi said, 'Be the change you want to see in the world.' In this simple sentiment we can find hope... http://t.co/7MMWwgt",1
"I officialy hate Windows 7, it just sucks on my laptop. Back to XP tomorrow! (and also a huge delay for the movie again :/, was so close!)",-1
RE: @leighacton What the heck was obama doing for the 1st 2 years when Democrats controlled everything?!!! http://disq.us/2lpzqm,-1
@Ed001andonly same way as in Bolton are being stubborn and not talking or demanding a stupid fee ? Are you expecting Jim to sign today ?,-1
"@ChristPA Best friend just arrived in NYC from Australia. Damn it, means I can't watch the two-hour opener of Terra Nova tonight.",-1
Valentine day has been cancelled..what? Why? how? you may be asking. But you see it's simple math.. 14-2-12 =0,-1
@Joe_Sardelli Sorry that we couldn't get you in the party. The guys I was playing with refuse to play ground war. Open Lobby on Wed.,-1
May not know Spanish but shit whenever i listen to IL Divo i just want to flash my Scarlet!,1
@AidilIzwann cause my agent say those who wanna continue at Adidas go to the office on monday @ 2pm! no other days to go alr! ASK QUICK.,0
Premier League Team of the Week: Walcott makes seventh appearance this season while Sagna also features http://t.co/EpuMU0oX,0
"@CarriBugbee  hard to believe, huh? RT @stop: Watched my 1st episode of Mad Men (the pilot) on an iPad. Second episode up next.",0
"Pakistan approves liberalised visa accord with India - Islamabad, Nov 1 (IANS) Pakistan has approved a liberalised v... http://t.co/EdcJEZaO",1
"This seem like a long time tryin to make us 4getRT @TOSHAMAKIA: June 10 Trial Date Set for George Zimmerman, trial is said to last 3wks...",0
"@jennettemccurdy if you happen to come online, know that your McCurdians trended ""Jennette On Ellen"" for McCurdian Monday :)",1
supposedly the Black Forest is getting some snow this weekend! Did we only imagine the 27 Celsius last Sunday?... http://t.co/CqgAr7lA,0
WILDCAT WORKOUT OCTOBER 31st in the old gym at 7pm!! #FVSU RT14x,0
"Thanks to EK, car now smells DELISH!! If you bottled this, it'd be called Saturday Night Dorm Bathroom; its spokesman would be John Belushi.",1
Cowboys' Tony Romo still searching for career moment http://t.co/K6hz289 via USA TODAY >same things were said about Dirk  Title cures all,0
Caught the repeat of Jersey Shore tonight and the damn wall knocked out @ItsTheSituation??!! WTF.. Cmon bro! Are you serious right now,-1
"Lots of rumors out there. Oilers are said to want Leopold/Adam/3rd, Sekera/Pysyk/2nd, Sekera/Adam, Leopold/Adam for Sam Gagner. Who knows??",0
"@plumpyTM Getting my Xbox back tomorrow! Honestly can't wait! - My friends wants a competitive 3v3, see if Cole is up for it man!",1
@Vh1India and please Little Things Vh1 premire only on or after sat. Coz where I'am right doesnt show up Vh1 on the TV! :( please sat.,-1
"@JagoBrown91 In Lewis on the 5th they're burning effigies of Guy Fawkes, the Pope & whoever else they presently dislike. Sussexy indeed...",-1
Basically the whole point of Mardi Gras is to sin as much as you can before ash Wednesday @Brendoe_Gallaga,0
@ditatriemeiliza  smthing went wrong B/w us. She is really Good Girl . May be i have Done Mistake !! . But she Knows ME . Miss HER !,-1
"RT @PeterBurnsRadio: Curtis Painter is totally going to get lucky tonight, probably with another girl that looks just like him",1
Today: The Last Two Wisconsin Recalls (For Now) http://t.co/nfMeJiE // Keep up the extraordinary work Wisconsin!,1
"Ben said Bicester was full of chavs, well I'm currently sat with last years cast of Jeremy Kyle. UH HYPOCRITICAL MUCH?",0
ProudOfAllstar? Fuck yeah. Let's get it trending worldwide just like we got Allstar Weekend trending worldwide tonight!(:,1
. http://t.co/iF0TObo To do tonight: See The Help in theater amanda knox,0
@Dasha_vu its Ravens 1st!....then Jets...then Eagles....get it right ;) lol,1
@D_DeGea The 1st half goals was just to tell you how it is in premeirship.you really did your very best and #teamunited from Nigeria loves u,1
@MickRathbone what do you think is happening at everton then Mick after today's speech by bill?,0
"Dethklok, All That Remains, Machine Head, Black Dahlia Murder, and the Pacquiao vs Marquez fight this December >>>>>>>>>>>>>>>>>>>>>>>>>>>>>",0
Jennifer Aniston believes in REGULAR SUN EXPOSURE~check it out!... http://t.co/7PhqTWkS,0
Looks like Andy the Android may have had a little too much fun yesterday. http://t.co/7ZDEfzEC,1
@Lauren_Cranford I walked out and had trina d/c her....I'll have to fill u in Saturday....I wrote a full pg progress note about it,0
Who's into Astrology? And I mean in depth with it not just Sun sign Astrology. In other words able to do natal/birth chart readings?,0
RT @Morgan_U: Have you hated Auburn today?,-1
Niggas be on the LAKERS DICK...we still gon finish damn near first seed...while yo team be struggling for the 8th spot,-1
"The impatient and arrogant Mars / Jupiter opposition has separated, but may still get one last go when conjuncted by the moon tonight.",0
In case you forgot Panthers are horrible on defense. Pathetic. Ranked 27th against run and their top CB (Gamble) is out w/ injury. #Cowboys,-1
"I have Physics revision for tomorrow but merr, I'm going to fail anyway",-1
Tampa Bay Buccaneers: Game-by-Game Predictions for 2nd Half of the Season - Bleacher Report http://t.co/oHPjlwbY,0
@Dawnella26 I'll look it up tomorrow..I only wanted to hear Keith Urban & Carrie Underwood sing & who won entertainer of the year lol,0
Tomorrow. 6 million Directioners will just cry and watch the video in silence. #LittleThings,-1
may as well sign up Scott Dann and Roger Johnson whilst your at it.,0
"Done work for the week, seeing Rush tomorrow in buffalo, then playing with Plan B at Brydens in Milton sat for the Halloween bash. Wooo!",0
"Lucas Scott, C'mon! Why'd you die your hair!?",-1
Happy Valentine's Day (to you that may have one),1
@rinecho9239 good morning Irene ^_^ have a nice day!,1
"Just a heads up, LP #9 may take some time before I can start recording. A lot of work is going to go into this next project.",0
"Crazy how sports economics have changed. Larry Bird's rookie deal was 5 yrs, $3.25 M total. 6th pick Damian Lillard will make $3 M this YR.",0
"The H Roundup - Google Drive backdoor, Wayland 1.0 and Raspberry Pi: In the week ending 27 October - Google ... http://t.co/DWiMLxo5 #in",0
Stroudsburg vs Pleasant Valley for the MVC title next friday #repeat #MountieNation,0
"Second last show of the season, 19th annual Gift of Art, with the artists of the #kanata Civic #art #gallery. Stop in! http://t.co/BkQnxEC0",0
@DonJuan52 that's what I like to hear! Friday is my margarita day,0
Watch out for Nigeria @52 GEJ pre recorded speech tomorrow live from the tape via NTA. @omojuwa,0
Mumford & Sons tickets for the extra London O2 Arena show on Dec 18th are onsale now. http://t.co/YouEGO2T #mumfords,0
"This week marks the 34th anniversary of the death of Elvis Presley.  Elvis died in Memphis on August 16, 1977 at... http://t.co/AEURv6c",0
This may be the happiest day of my life I'm so proud of my NCS football brother you did something I never had a chance to do,1
"@lilkrm Steve Jobs' silky mouthed fellatio is akin to the bliss of my iPhone each and every morning. HAIL TO THE KING, BABY!",1
"Since Tottenham's game against Everton was postponed, they will start the season against Man Utd at Old Trafford on 22 August. @xuanyi7",0
"Too Soon? Amazon Opens Black Friday Deals Store: Thanksgiving is weeks away, the World Series only ended on Sund... http://t.co/8DgZiecz",-1
I just came back from Mexico city... I will fail 2 subjects for not going to school for a week. If Rih comes to Mexico in the 14th. OMG...,-1
@tellsbells1 Cup games always tricky..may b stick a small acca for fun and enjoy the evening with a nice wine bottle :),1
Pacers had a very solid 4th quarter comeback victory. Paul George played fantastic in the 1st quarter but disappeared after that,1
Gonna be on the news tomorrow. I'm going to be the girl wearing the Big Time Rush shirt. :D,0
"Cant wait to rock ""Apologize"" by One Republic  & ""Jesus Freak"" by DC Talk tonight      gettin redy to rock Sasabo, Japan",1
@50ShadesOfDreyy leggo watch Breaking Dawn on the 17th after the fair! :),1
@ErinsFoodFiles have you read Happiest Baby on Block? @OPKitchen gave to me. It's great! You need it. I'll bring to u tomorrow if u haven't,1
Nicki Minaj Kissing Lil Wayne! Caught Red Handed at the NBA All-Star Game (Exclusive Photos/Video) http://t.co/NuRX33dx,0
Finding out that its national margarita day on a Thursday this year just made having no class on Friday thaaaat much better #excited,1
Imaaa be quiet all day tomorrow ...,0
"@geetiga no, he may just be Gadkari's driver.",0
"OK, going to be with @ThsKit on Saturday at SM Bacolod, to meet my CRUSH!!! BOOM! XD!! hahahahqa",1
"the sports arena office.. (:""@AdrianaGee Anyone know where I can buy arolladora tickets? For pico Rivera? On the 14th?? WSS sold out:(""",0
TOI Israel admits 1988 killing of Arafat's deputy: Israel for the first time on Thursday admitted responsibility... http://t.co/vGBUfy9D,-1
Best of luck to @IndianaStateVB at Illinois State tonight!  Domination of the 2nd half of the MVC season starts tonight! #rolltimber,1
An Evening with Maya Angelou 7:30 p.m. Oct. 4 in Elon University's Alumni Gym. $12. Tickets available Sept. 13. (336) 278-5610.,0
"Erotic Asphyxiation, Evanescence, Strip Clubs and Kaaba have been the topics of my discussions today! Happy Friday?!",1
"when the best talent is on internship......  ""@temasekpoly: Sony is coming to TP this Friday to look for student talents!""",1
"@USC_Zack @broncopeyton @gsf_23 lmfao when May comes around, watch Zachary cheer for the Bulls or Celtics lololol",1
"Anne Curtis and Toni Gonzaga, all set for the grand showdown of beauty and talent this Sunday http://t.co/T0xqu2p9 (via @lion_heartv)",0
He smokes weed RT @TakeF_Light :O RT @ravensbuzztap Baltimore Sun >> Ravens agree to deal with Ricky Williams http://buzztap.com/-M81AWM,0
"This mess is coming towards us tomorrow. SPC has a slight risk out for tomorrow, and we'll know more about what it... http://t.co/GlDS4kVA",-1
Jack Welch and Mort Zuckerman are always on giving 'wisdom'. Isn't their business style part of what made this mess in the 1st. #leansix,-1
Congress lashes out at BJP over coal block issue: Lashing out at the Bharatiya Janata Party on Wednesday for its... http://t.co/6gOkjIt6,-1
Aquino on Enrile's memoirs: May all of us seek in this book the lessons that will allow us to advance as a people,1
Laker fans should take it as a sign that they got beat by the Sacramento Kings twice in the preaseason...and their starters played the 4th,-1
@Danferdm on the tv it said Nikon was closed tomorrow ten it disappeared....but did we have English hw?,0
Howay Newcastle beat the Mackems and then we can do them over next Tuesday! #NUFC #MFC,1
#LazyWeb Should I get up early and avoid giants fans on Caltrain or just work from home tomorrow?,0
People talkin shit just wait I'll be in Huntsville tomorrow !! Let me see you !!,-1
Wayne is on his 4th single w/ Carter IV already & still no album drop.. Sounds to me like he's searching for hits but hasn't found one yet,-1
Can we just haw class cancelled tomorrow? Cause I really don't want to go to BCA 101. I'd rather eat worms....,-1
"Nine Goa Congress legislators want to join us: BJP: Panaji, Oct 31: Goa's ruling Bharatiya Janata Party (BJP) to... http://t.co/eyppTNWn",1
"Displeased with Lion, I may take this opportunity to learn Windows 7. Or Linux. Or poke myself in the eye.",-1
Have to say I think Jason & Taylor may have been robbed by the married duo tonight of Blake & Miranda...,-1
NO14 - DEN 34; Peyton and Eli may meet in the Super Bowl if both Denver and the New York Giants keep winning like they did Sunday,1
Photo: Fab find! Jason Wu satin scarlet clutch at Off 5th! Whoop whoop! (Taken with Instagram) http://t.co/ZUp3WZK7,1
"PM ready for reply on coal blocks: Congress: New Delhi, Aug 22 (IANS) With the Bharatiya Janata Party (BJP)... http://t.co/VoO1DVEw",1
@chrischris__  The Sun: Paolo Di Canio says beating Aston Villa tonight would be like having sex with Madonna. #legend,-1
"OmegaPharma-Quickstep won Gold, with a little help from Compex! Watch out for Tony Martin (tomorrow) & Tom Boonen (Sunday). Fingers crossed!",1
Meet the man making a documentary defending Joe Paterno: http://t.co/nAxv9SSZ (he may look familiar),0
"I get a night out tonight! Going to see Cowboys vs. Aliens because I'll see anything with a name like that, and then the oven door fell off.",1
Just found a piece of candy that may have been injected with something. #Why,-1
"@Lufbrarugby @DURFC - Chaps , I'm still working on the Pix from Saturday v Blaydon.  Should be uploaded later tonight- Phil",0
"Now that the sun is on him, my iguana is more active.",1
ima order some tickets for the Senior BOwl in JAnuary,0
"COME TO THE CLUB MONDAY NIGHT! Hope to see you there! OPEN MIC NIGHT 6:30 - 9 PM at IGUANA located at 240 W 54 St, NYC http://t.co/TXqjxfqH",1
Shout out to all the girls who will be taking the walk of shame into cvs tomorrow to by a plan b #dressinglikeaslutcomeswithaprice,0
"@iJustinAriana aww :/ im pissed cause i cant download Unbroken on youtube anymore sigh, and im also going to the cinema tomorrow :D",-1
"We are in search for Card Section Manager in Muscat, Oman. If interested you may APPLY @ http://t.co/jdhDKPUd",0
Since I'm a Redneck I'm gonna pull up to the Heritage game Friday blaring some Hank Williams with my cowboy hat and blue jeans #yeahbuddy,1
"@yvettenbrown Damn, I just got Cougar Town cupcakes and was going to bring them tomorrow to share. I *shouldn't* eat all 12 alone...",-1
@missjillscott it's ok; I understand. I though I was gonna die when I sat so close to the stage at your concert in Greensboro last Friday!,1
@TheNameIsCasie today I started pre-planning my March trip to WPPI and to visit @GussySews in CA. I CANNOT wait to see you again!!,1
"@_eryflores: March 16 Luke Bryan is gonna at the Houston Rodeo. I HAVE to go, Its a MUST!",1
@SI_PeterKing Here's your story from today: Supporting the Lions continues to be super depressing for Detroiters.,-1
Tomorrow Venus will transit across the sun.  It won't happen again for a century.  Programme about it on BBC2 at 9 tonight.   #spacefact,0
Seems my new iPod doesn't like Kasabian very much- laptop has crashed every time it's got to syncing Empire. 10th time lucky...,-1
"@GSYellin I don't think CNY will be hit too hard, but it may be utilized if there are any power outages #NewhouseSM4",0
Up All Night live is on September 28th on Nick to all you Aussie Directioners :),1
"Conrad Murray's trial is set for September 8th, it will be shown on live television. I am watching it. #JusticeForMJ",0
Tomorrow... I'm on the air live at 9:05 on wjct radio. Then on TV taping for good morning Jacksonville at 10:30. #excitingtimes,1
Great game...tremendous way to start the season. Bring it on and next Sunday Real Madrid v Barcelona.,1
Nuit Blanche is this weekend! Plan your night with the Personal Itinerary Planner: http://ow.ly/6DvSS @sbnuitblancheTO #snbTO,0
"Luna is taking a break today, not perfecting any major aspects to any of the other 6 planets, until she will meet Jupiter tomorrow morning",-1
Im embracing the oversized sun glass look with my new glasses. They are too awesome not to. I feel like Jackie O:),1
"Nurgh, there's a stack of new MTA's that need to be dealt with but I just can't be dealing with the crappy new URL thing today D:",-1
"Halifa Ayan Yusuf is 21 Years Old, she was born in Hargeisa in Somalia n she is ready for the finals at the Mlimani City Hall on December 7",0
"Did you see that Andy Carroll header? What technique! ""C'mon! that's not technique. Technique is passing the ball 5 yards 50 times.""",-1
Thanks for making this snowy day so pleasant!  Echo and Penny will be in Friday morning at 10!,1
Cowboys tonight to see eli young band ;),0
RT @Johnny_Shah: Comedy Central RT @Lord_Sugar What channel is Arsenal game on tonight,0
I think Big Bang should tell us where they're celebrating TOP's birthday on Sunday so VIPs can come celebrate together with them ^^ LOL,1
"I just saw 30 seconds of TP's ""Good Deeds"". He's a 5th generation ivy league graduate? I mean there were a few but... #soextra",0
Bible Study at #FFChurch tonight! So stoked! Haven't been back since NY and Bama.,1
New blog post : Marvel's Phase Two Kicks Off with 'Iron Man 3' Trailer on October 23rd http://t.co/u9rZyxkz,0
@stephyyboo15 Lol. Maybe Friday since I'm going to Georgetown.,0
NodaRioty happening tomorrow night at Neighborhood Theatre. Put it on your social agenda to come out support your local artist!!!,0
@Dingle_Berry19 good to hear. I'm racing saturday in New Castle at Blue Diamond. Then have a big ride day sun with one of our distributors.,1
14th page in Hindu TN edition :(.  Gadkari was on first page though. Media will one day sell India for bread crumbs thown by dynasty,-1
"Live Blog - Friday, November 2 at NOON EDT: The Breeders' Cup is here. Join, Tom, Pete, and Frank to talk about ... http://t.co/2WNdwEyr",0
"If he truly loves his party, Boehner should be doing all he can to schedule Obama's address on the same night as the GOP debate.",0
She is the perfect theme song for a homie out on saturday night with a bottle of Rohypnol,1
BJP members walk out from JPC meeting on 2G: Bharatiya Janata Party (BJP) members on Tuesday walked out of the p... http://t.co/pOvV7bds,-1
@buckwoody This tweet was poorly timed. Surely they'd be hidden... RT @Windows 12 handy tips for Windows 7 that you may not know,-1
"After months of contemplation, I will unveil my remix to ""Ni**as In Paris"" on the 23rd live.",0
@sunnyjim123 Yeah that'll be enough for him now. That was devastating. I think Price would be Vitali Klitschko tomorrow if he had the chance,-1
One more day of work before rugby filled weekend. Hurry up Saturday! #esherrugby #refereeing #excited,1
"Boehner tells Obama that sorry, the House is all booked up for Sept 7, maybe you can come another day... http://j.mp/qaXCPV",-1
"I've got 2 tickets to see Leonard Cohen in Rosemont, IL on November 23 that I can't use. Anyone interested? Face value is about $300.",0
Tony Romo better be on point tonight! don't have time to deal with his foolishness!,-1
Im so mad at Catholics im going to a Baptist church tomorrow and converting #boilingmad,-1
Take care (geddit) to see A Celebration of Harold Pinter at IP on Sat Aug 25 with celebrated actor Julian Sands - 01943 609539 for tickets,1
@jill_kolencik3 alright my friend @nknight11 saw this hot blonde Alex girl from Chardon at the game Friday. And he wants to know who it is.,1
@KarlousM fuck w/ the pack at jett lounge on Friday if u off...u know i got ya,-1
"May be not Sachin, but Virat Kohli definitely reminds one of Ricky Ponting. The authority with which he makes his strokes quite similar...",0
"Depending on your sensibilities, Unofficially Yours may seem progressive or derivative. Too bad the leads can't supply the heat it needed.",-1
"@matt_edmeades: Sheffield Wednesday linked with roger Johnson, Ivan klasnic and Michael Antonio. Big coups if they get them. #massive ? ;)",1
I'm stuck in London again... :( I don't wanna spend the night in McDonald's!,-1
Hopefully I have a better day tomorrow...today was just cow shit. Well...IM GOING TO BIG BANG CONCERT SO OF COURSE IT'S GONNA BE BOMB!,1
@princesslisa I want Sanchez to go away and have Mota be 5th starter!,-1
Benesch spins and fires from close in and puts a low bounce shot past Rose.  Assist to Pires #wla @beniboi21 4th goal of the night.,0
Distin's derby disappointment: Sylvain Distin has voiced his frustration at taking just a point from Sunday's Mersey... http://t.co/Fob4ZxLR,-1
Fabio Capello (Russia's head-coach) wishes Cristiano's injury was more serious. (Russia will play against Portugal tomorrow in the WCQ),-1
Tottenham v Wigan: Match Preview:: Tottenham and Wigan are set to meet at White Hart Lane this Saturday as the ... http://t.co/hCcGRbLu,0
@OhStrawn 25-21 Warriors at the end of the 1st. Bogut looking good in the opening 6 Points in 6 minutes 3 Rebs. Steph looks a little nervous,1
"Save the night, save the day. Save the love, come what may. Love is worth everything we pay. #tebakLagu #duet #barat *clue, OST.nya Zorro*",1
"@HockeyyInsiderr "" @OilersNow: Gagner's agent says talks continue, will have hearing on Friday if no deal"" MSM just proved you're #clueless!",-1
"@wiz52 Yes, Dickens tomorrow night indeed. @SeanPeterBudge you too. Charles Dickens Tavern on Collins St. Get there 45mins+ before KO.",0
Sarah G. Day last Sunday!! Monday!! Tuesday!! Wednesday!! & xempre ngaung Thursday!! kip it up POPTSERS!!<3,0
Janowicz was #221 in January and the win over Murray today takes him to #46 - Good year! Mega potential! #36 if he beats Tipsarevic.,1
If they play New Born tomorrow instead of SS I will throw one of the mouldy donuts in the flat at Bellamy and his shitey roulette wheel,-1
#catherinebelll I watched good witch for the 1st time.  what a wonderful show.  I've seen all ur JAG and Army Wives.  Ur fan  Ara,1
I just commented: Looks like Newcastle will be without Krul & Coloccini for monday night... in the Everton FC App http://t.co/mHmU00h4,0
Is Martin Atkinson being brought out on Wednesday to 'even it up',0
Me personally don't see Grammy playing AFL again still 28 but i think he'll turn to something else now. Best of luck with what may be next.,1
#BusinessNews P&G shifts top executives to Singapore: US consumer giant Procter and Gamble (P&G) said Friday it ... http://t.co/XI1yXQwh,0
@mperillo86 watching Cannavaro on the 2nd even more embarrassing.,-1
"#Vbnss Daily Digit: Exchanges lost $1 mln a day - Oct 31 - NYSE, Nasdaq, and the CBOE each lost about $1 million in ... http://t.co/k7Zh7sgC",-1
Pretty good Thursday night with @juliecbirch! If only Rivers would stop sucking so bad! # @ Qualcomm Stadium http://t.co/opLRzq4a,1
THIS FRIDAY the Food & Film Series presents the Jim Henson cult classic Labyrinth at the Miners Foundry Cultural... http://t.co/eax0gI0B,0
@WDBJ7Weather: Winter Storm Watch for portions of the WDBJ7 viewing area until 8:00pm Tuesday. http://t.co/KAbYDqZtwe may get snowed in ;),1
Who to the bell game tomorrow though,0
"Parsons also confirmed w/ TW reporter abt JLin's popularity, also 'promised' he'll visit Taiwan next yr http://t.co/ER67bSxy",0
@ruanlouw75 Are you available to play Sunday in the President's Day game?,0
"Have you picked up your December issue of WDC yet? It includes a full in-depth review of Nikon's D600,... http://t.co/aM5297hY",1
RT @msolveig: We love Italy ! Tonight in Marina di Pietrasanta with @IamLafaille,1
@vegan_punk Ayup! Hope alls okay. We're heading Chesters on Sat if you guys are free and fancy meeting for some lunch? No probs...,1
If anyone wants to go to the duke game Saturday with the kershaw county Clemson club please inbox me!,0
"Goodnight,Irene.Al,you are easily amused. This club stinks.I think that the Brewers may upset the apple cart and win the NL pennant.",-1
haven't watched TTOA with Eng Sub yet. gotta sleep now. gonna watch it tomorrow. (~O~)zZ Gud nite tlist.,0
@GavinRossdale Good morning Gavin! Welcome to my country. Have a good time in Gampel. Sorry can't make it tonight but will see you Monday :),1
"Without Carl Nicks, Bucs to shuffle O-line: Some major news out of the Tampa Bay Buccaneers on Tuesday afternoon... http://t.co/jAXDgq0P",-1
"Tickets selling well for Northern Lights talk with @kielder_obs on Thurs 8 Nov, 6.30pm Central Library. To book http://t.co/yFM1XAwd",1
@pabsty27 Member Monday for Prelim v Crows from 9am-9pm tomorrow through Ticketek. 4 tickets per barcode with max of 8 in a transaction,0
This week is Social Media Week and tomorrow the LGA are hosting a Tweeterthon which I will be taking part in. Follow me at work #ourday,0
@funfunfunfest is coming up this weekend!! We're super excited! Playing the Blue Stage on Sat night right before A$AP Rocky!,1
"I'm going to Pierce the Veil at Backstage Live in San Antonio, TX - Oct 18 http://t.co/t3d8Fblw",0
Terrible play call on 2nd and 7. Victor Cruz on a slant? TE? Nicks sideline? How about any of those?,-1
"Long drive too Kentucky tomorrow hopefully gonna get the big buck we caught on cam, at least we got @ChaseRiceMusic playing in the Chevy! <3",1
"Saltalamacchia is the 4th Red Sox catcher to hit at least 16 HR in back-to-back seasons, joining Carlton Fisk, Rich Gedman and Jason Varitek",0
I just got my vans for tomorrow:D yay and my shirt green i have a grup that going to be lile that:D yay photo tomorrow<3,1
"Coming up in the 4pm (Eastern) hour, another chance for you to win tickets to tomorrow night's Hudson Family... http://t.co/6p2EWtay",0
"Maniaci on Casimir Pulaski Day (March 1, 04): ""Some people call it a holiday."" Judge: ""I call it a holiday.""Courtroom laughs#DrewPeterson",0
Why does the Knicks/Heat game have to come on tomorrow night during BibleBall? Oh well I'd rather play than watch any day!,-1
Colts game tonight! Yay!,1
"Hope everyone made it to the UC in time to see the Bulls raise their 21st straight Financial Champs banner. A true dynasty, we have.",1
Just cus it's Friday here are 62 reasons why Bill Murray is awesome http://t.co/e78cx5hQ,1
Giants 3rd-round pick failed drug test at NFL Combine: Jayron Holsey knew it would hurt him bec... http://t.co/PZPzx0Dv #newyork #sports,-1
yeaaa it's goin down this Sunday @ Jays 2!!! Come & help yah girl Tressa Celebrate her 26th BDAY!!! Your already know what time it is!!! ...,0
If you thought the London Riots were bad just wait til the Mexico City Riots break out once they get word Lopez Tonight got cancelled,-1
Good morning Bomb Squad family! I hope you all have a lovely Saturday!,1
"Pires""For Cesc it is difficult because at Arsenal he knew he was going to play every Saturday, was the captain of the team and a crack.''",0
Roger Johnson looked good on Tuesday. Looks like he wants to play for us now. Hopefully he'll show why we paid the money for him! #wwfc,1
Italy: Former PM Silvio Berlusconi was indicted Tuesday with new criminal charges   - Breaking News Buzz http://t.co/vs9lQCNC,0
Niggas is having 7th grade fights on here you in high school I CAN'T EVEN DEAL.,-1
@Kareembynature LOOOL errr.. I'll have to it watch it today (was watching Celebrity Juice last night),1
@OriginalKingD: So you want people like Chief Keef & Ted Nugent to have guns. c'mon son #debate,-1
RT @nfl: Twitterverse blowing up about Shannon Sharpe's awesome Hall of Fame speech. We'll have the video clip on NFL.com a little later ...,1
"Forget the garlic, the soup is DISGUSTING! Thanks for nothing, Saturday Kitchen.",-1
Belladonna's Zylona is at Aladdin's tonight - come enjoy the show!  Hold on to your hookahs - here's directions http://t.co/80FMrRs,1
"@ElyTheEthiopian 13th. There is no Android device worth buying outside of the Nexus line, in my opinion. Especially not the Galaxy S line",-1
I challenge Katie to stick pins in my eyes tomorrow. I dare you.,0
The DUKE is LOOSE. Duke Johnson pounds it in for a 7 yard Touchdown. #Miami leads #VTech 27-12 in the 4th.,1
"@marissssx3 i would just like to say i will not be singing tomorrow, i barely have a voice.. you and trina are on your own :p",-1
@c2_max so I'm just recalling that I met John Belushi early sunday morning #Haha,0
Gabe Carimi called for his 2nd holding and 3rd in 2 games. But got lucky with offsetting calls. Its his first time facing DE Cliff Avril.,1
Sun flower seeds are just to delicious,1
Two Guest list tickets to give away for Joan Armatrading's show at St David's on Thursday keep it locked to find out more!,0
"Sept 8 las Vegas Hard Rock, Randall ""the KO King"" Bailey vs Devon Alexander. 37 year old Bailey looking good in his 4 win streak.",1
Maino thinks I'm really going to this 2 hour tomorrow.. I'm not going! I. don't. give. a. fuck!,-1
I'm taking the SAT at Bob Jones. lol I feel cool.,1
First Friday tonight y'all come out to Club Bodi,0
RT @__BigAssCHOPPA: One thing i learned from living in detroit was when a nigga pull out a gun you get the fuck on. Crazy ass night already!,-1
think i might go see flight tomorrow just because Denzel Washington ..,1
"TRIFECTA! this friday get off your butt and come out to Halls to show some support as volleyball, soccer, and football take down the devils!",1
Kendrick Perkins led the league for the 4th year in a row in SPM (Scowls per minute) literally laughed out loud,1
@llcoolj If you are the same age as Mick Jagger than may I say you,0
Headlines: Nadal confirms for Mexican Open in February: Rafael Nadal plans to play at the Mexican Open in Februa... http://t.co/a5UTIdcE,0
@Vinto316 @happymonkeyshoe Id lost interest in Bioshock Infinite with delays etc. I think I may be drawn back in a bit: http://t.co/h1PF5eYN,-1
@Steilo_T2G lol yea I did nigga ! & I said wassup _ was tryin to see was u going up to fairground when the sun leave & shit,0
just bought my 1st Heineken beer in Las Vegas.  ps I've lived here for 5 yrs ~what took me so long! http://t.co/WxVoBdek,-1
WISCONSIN: Remember to Vote Tomorrow! Consider it Practice for Recalling Walker. Practice Makes Perfect. #WIunion #wirecall #p2,0
"@jahmi @stephenemm For Inbetweeners movie next wednesday, going for the 8pm showing at cineworld in town, everyone to book their own tix :)",0
"Love this vid!! 1st time I've seen it!--- jules explains it all - David Archuleta sings ""Nandito Ako."" http://t.co/izoWmLoh via @youtube",1
"still have no costume for Saturday @TheKingcrawlers - if dead rock stars is on, John Belushi it is in Juliet Jake Blues guise",0
I may get Showtime for Dexter and cancel after it is over. October 2nd!,0
so who wants to watch the Steelers game with me on Sunday?,0
@sav_leighh I'm going to VCU tomorrow! And you didn't come see me? :(,-1
Long Princeton (and Diggy)  #imagine : Happy Valentine's day (yn)... February 14 It's been 9 m http://t.co/0S4VVpy2 via @Nounouche10,1
